SET session_replication_role = replica;
DELETE FROM "Question" WHERE "chapterId" IN (SELECT id FROM "Chapter" WHERE "subjectId" IN (SELECT id FROM "Subject" WHERE semester = 'DCEM1'));
DELETE FROM "Chapter" WHERE "subjectId" IN (SELECT id FROM "Subject" WHERE semester = 'DCEM1');
DELETE FROM "Subject" WHERE semester = 'DCEM1';
INSERT INTO "Subject" (id, title, description, semester, tags, "totalQCM", "createdAt", views) VALUES ('cmhi0de930138k498s1t79ku1', $$Sémiologie Respiratoire$$, $$Cours de Sémiologie Respiratoire$$, 'DCEM1', ARRAY[$$DCEM1$$, $$Sémiologie$$, $$Sémiologie Respiratoire$$]::text[], 95, '2025-11-02T17:52:05.992Z', 0);
INSERT INTO "Chapter" (id, "subjectId", title, description, "orderIndex", "pdfUrl", "createdAt") VALUES ('cmhi0de99013ak498fg8rb6y8', 'cmhi0de930138k498s1t79ku1', $$Chapitre 1 – La Dyspnée$$, NULL, 1, NULL, '2025-11-02T17:52:05.997Z');
INSERT INTO "Question" (id, "chapterId", "questionText", options, explanation, "orderIndex", "createdAt") VALUES ('cmhi0de9b013ck498nk6wbw67', 'cmhi0de99013ak498fg8rb6y8', $$Définition$$, $$[{"text":"La dyspnée est une sensation consciente de gêne respiratoire.","isCorrect":true},{"text":"Elle traduit toujours une acidose métabolique.","isCorrect":false,"justification":"Peut aussi être d’origine cardiaque, pulmonaire ou psychogène."},{"text":"Elle correspond à un trouble de la ventilation alvéolaire.","isCorrect":true},{"text":"Elle n’a pas de valeur sémiologique.","isCorrect":false,"justification":"Symptôme majeur respiratoire."},{"text":"Elle est toujours objectivée par l’examinateur.","isCorrect":false,"justification":"Parfois subjective."}]$$::jsonb, $$La dyspnée est subjective mais reflète une gêne ventilatoire réelle.$$, 0, '2025-11-02T17:52:05.999Z');
INSERT INTO "Question" (id, "chapterId", "questionText", options, explanation, "orderIndex", "createdAt") VALUES ('cmhi0de9d013ek49828d5rouo', 'cmhi0de99013ak498fg8rb6y8', $$Types de dyspnée$$, $$[{"text":"La dyspnée inspiratoire traduit une atteinte bronchique.","isCorrect":false,"justification":"Atteinte laryngée/trachéale."},{"text":"La dyspnée expiratoire traduit une obstruction bronchique.","isCorrect":true},{"text":"La dyspnée mixte combine trouble inspiratoire et expiratoire.","isCorrect":true},{"text":"La dyspnée centrale se voit dans les atteintes du tronc cérébral.","isCorrect":true},{"text":"La dyspnée de Cheyne-Stokes est un trouble obstructif.","isCorrect":false,"justification":"Trouble central cyclique."}]$$::jsonb, $$Type → inspiratoire (haut), expiratoire (bas), mixte (diffuse), centrale (neurologique).$$, 1, '2025-11-02T17:52:06.001Z');
INSERT INTO "Question" (id, "chapterId", "questionText", options, explanation, "orderIndex", "createdAt") VALUES ('cmhi0de9f013gk498zfcrwt7w', 'cmhi0de99013ak498fg8rb6y8', $$Dyspnée inspiratoire$$, $$[{"text":"Survient lors d’obstruction bronchique distale.","isCorrect":false,"justification":"Obstruction haute."},{"text":"S’accompagne d’un tirage sus-sternal.","isCorrect":true},{"text":"Le stridor est un signe caractéristique.","isCorrect":true},{"text":"S’observe dans l’asthme.","isCorrect":false,"justification":"Expiratoire."},{"text":"Peut indiquer une laryngite aiguë.","isCorrect":true}]$$::jsonb, $$Inspiratoire = voies hautes (larynx, trachée) + tirage + stridor.$$, 2, '2025-11-02T17:52:06.003Z');
INSERT INTO "Question" (id, "chapterId", "questionText", options, explanation, "orderIndex", "createdAt") VALUES ('cmhi0de9h013ik49894fvvdwt', 'cmhi0de99013ak498fg8rb6y8', $$Dyspnée expiratoire$$, $$[{"text":"Liée à une obstruction des bronches fines.","isCorrect":true},{"text":"S’accompagne de sifflements (sibilants).","isCorrect":true},{"text":"Typique de l’asthme et de la BPCO.","isCorrect":true},{"text":"L’expiration est abrégée.","isCorrect":false,"justification":"Prolongée."},{"text":"Le tirage est absent.","isCorrect":false,"justification":"Peut exister."}]$$::jsonb, $$Expiratoire = sibilants + expiration prolongée (asthme/BPCO).$$, 3, '2025-11-02T17:52:06.005Z');
INSERT INTO "Question" (id, "chapterId", "questionText", options, explanation, "orderIndex", "createdAt") VALUES ('cmhi0de9j013kk498xuxkkdcx', 'cmhi0de99013ak498fg8rb6y8', $$Dyspnée mixte$$, $$[{"text":"Combine signes inspiratoires et expiratoires.","isCorrect":true},{"text":"Peut s’observer dans les œdèmes pulmonaires.","isCorrect":true},{"text":"S’observe dans les pneumonies étendues.","isCorrect":true},{"text":"N’existe jamais dans l’embolie pulmonaire.","isCorrect":false,"justification":"Fréquente."},{"text":"Évoque souvent une atteinte cardiorespiratoire globale.","isCorrect":true}]$$::jsonb, $$Mixte = origine plurifactorielle (parenchyme + circulation).$$, 4, '2025-11-02T17:52:06.007Z');
INSERT INTO "Question" (id, "chapterId", "questionText", options, explanation, "orderIndex", "createdAt") VALUES ('cmhi0de9l013mk49890pbtb4j', 'cmhi0de99013ak498fg8rb6y8', $$Dyspnée de Cheyne-Stokes$$, $$[{"text":"Respiration régulière et profonde.","isCorrect":false,"justification":"Cyclique avec pauses."},{"text":"Due à une atteinte du tronc cérébral ou IC sévère.","isCorrect":true},{"text":"Présente une alternance apnée-hyperpnée.","isCorrect":true},{"text":"Est typiquement observée dans l’asthme.","isCorrect":false,"justification":"Neurologique/Cardiaque."},{"text":"Peut apparaître pendant le sommeil.","isCorrect":true}]$$::jsonb, $$Cheyne-Stokes = oscillation périodique respiration–pause (IC/atteinte bulbaire).$$, 5, '2025-11-02T17:52:06.010Z');
INSERT INTO "Question" (id, "chapterId", "questionText", options, explanation, "orderIndex", "createdAt") VALUES ('cmhi0de9o013ok4986f1afc0w', 'cmhi0de99013ak498fg8rb6y8', $$Dyspnée de Kussmaul$$, $$[{"text":"Respiration rapide, ample et régulière.","isCorrect":true},{"text":"Typique de l’acidose métabolique.","isCorrect":true},{"text":"Se voit dans le diabète acidocétosique.","isCorrect":true},{"text":"S’accompagne d’une cyanose centrale.","isCorrect":true},{"text":"Est d’origine psychogène.","isCorrect":false,"justification":"Métabolique."}]$$::jsonb, $$Kussmaul = acidose métabolique compensée par hyperventilation.$$, 6, '2025-11-02T17:52:06.012Z');
INSERT INTO "Question" (id, "chapterId", "questionText", options, explanation, "orderIndex", "createdAt") VALUES ('cmhi0de9q013qk498p2q4k763', 'cmhi0de99013ak498fg8rb6y8', $$Dyspnée d’effort$$, $$[{"text":"Toujours pathologique.","isCorrect":false,"justification":"Normale chez le sujet sain."},{"text":"Évolue selon le stade NYHA en cardiologie.","isCorrect":true},{"text":"Peut révéler une insuffisance cardiaque gauche.","isCorrect":true},{"text":"Disparaît immédiatement au repos.","isCorrect":true},{"text":"S’accompagne toujours d’une polypnée.","isCorrect":true}]$$::jsonb, $$D’effort = physio ou cardiaque, stade NYHA utile au suivi.$$, 7, '2025-11-02T17:52:06.014Z');
INSERT INTO "Question" (id, "chapterId", "questionText", options, explanation, "orderIndex", "createdAt") VALUES ('cmhi0de9s013sk498afvkobrn', 'cmhi0de99013ak498fg8rb6y8', $$Dyspnée de repos$$, $$[{"text":"Témoigne d’une pathologie avancée.","isCorrect":true},{"text":"Peut survenir dans les embolies pulmonaires massives.","isCorrect":true},{"text":"Se voit dans les OAP graves.","isCorrect":true},{"text":"Est sans valeur pronostique.","isCorrect":false,"justification":"Mauvais signe de gravité."},{"text":"Peut s’associer à une orthopnée.","isCorrect":true}]$$::jsonb, $$De repos = stade sévère d’atteinte respiratoire ou cardiaque.$$, 8, '2025-11-02T17:52:06.017Z');
INSERT INTO "Question" (id, "chapterId", "questionText", options, explanation, "orderIndex", "createdAt") VALUES ('cmhi0de9v013uk498dwfvokij', 'cmhi0de99013ak498fg8rb6y8', $$Dyspnée aiguë$$, $$[{"text":"Installation brutale en quelques secondes ou minutes.","isCorrect":true},{"text":"Typique d’un asthme aigu grave.","isCorrect":true},{"text":"Peut résulter d’une embolie pulmonaire.","isCorrect":true},{"text":"Indique toujours une cause chronique.","isCorrect":false,"justification":"Cause aiguë souvent vitale."},{"text":"Peut apparaître lors d’un pneumothorax.","isCorrect":true}]$$::jsonb, $$Dyspnée aiguë = urgence cardio-pulmonaire.$$, 9, '2025-11-02T17:52:06.019Z');
INSERT INTO "Question" (id, "chapterId", "questionText", options, explanation, "orderIndex", "createdAt") VALUES ('cmhi0de9x013wk49809j20g6g', 'cmhi0de99013ak498fg8rb6y8', $$Dyspnée chronique$$, $$[{"text":"Persiste depuis plus de 8 semaines.","isCorrect":true},{"text":"Évoque une atteinte progressive (BPCO, fibrose).","isCorrect":true},{"text":"S’accompagne souvent d’amaigrissement.","isCorrect":true},{"text":"Est sans impact sur la qualité de vie.","isCorrect":false,"justification":"Altération majeure."},{"text":"Peut être fonctionnelle (anxiété).","isCorrect":true}]$$::jsonb, $$Chronique = atteinte pulmonaire durable ou fonctionnelle.$$, 10, '2025-11-02T17:52:06.021Z');
INSERT INTO "Question" (id, "chapterId", "questionText", options, explanation, "orderIndex", "createdAt") VALUES ('cmhi0de9z013yk4983ty47fsz', 'cmhi0de99013ak498fg8rb6y8', $$Dyspnée paroxystique nocturne$$, $$[{"text":"Survient la nuit, réveille le patient.","isCorrect":true},{"text":"Typique de l’insuffisance cardiaque gauche.","isCorrect":true},{"text":"S’améliore en position assise.","isCorrect":true},{"text":"S’accompagne d’une orthopnée.","isCorrect":true},{"text":"Se voit dans l’asthme uniquement.","isCorrect":false,"justification":"Cardiaque surtout."}]$$::jsonb, $$DPN = insuffisance cardiaque gauche sévère.$$, 11, '2025-11-02T17:52:06.023Z');
INSERT INTO "Question" (id, "chapterId", "questionText", options, explanation, "orderIndex", "createdAt") VALUES ('cmhi0dea10140k4982o426exs', 'cmhi0de99013ak498fg8rb6y8', $$Orthopnée$$, $$[{"text":"Dyspnée en position couchée.","isCorrect":true},{"text":"Soulagée en position assise.","isCorrect":true},{"text":"Typique de l’asthme nocturne.","isCorrect":false,"justification":"Insuffisance cardiaque."},{"text":"Liée à la redistribution du sang pulmonaire.","isCorrect":true},{"text":"Ne s’accompagne jamais d’œdèmes.","isCorrect":false,"justification":"Souvent associés."}]$$::jsonb, $$Orthopnée = IC gauche décompensée.$$, 12, '2025-11-02T17:52:06.025Z');
INSERT INTO "Question" (id, "chapterId", "questionText", options, explanation, "orderIndex", "createdAt") VALUES ('cmhi0dea30142k498lo4jprfj', 'cmhi0de99013ak498fg8rb6y8', $$Polypnée$$, $$[{"text":"Augmentation de la fréquence respiratoire.","isCorrect":true},{"text":"Peut être physiologique (fièvre, effort).","isCorrect":true},{"text":"Signe un trouble ventilatoire sévère.","isCorrect":true},{"text":"Se définit par une fréquence < 12/min.","isCorrect":false,"justification":"> 20/min."},{"text":"Peut précéder l’insuffisance respiratoire.","isCorrect":true}]$$::jsonb, $$Polypnée = accélération du rythme respiratoire.$$, 13, '2025-11-02T17:52:06.027Z');
INSERT INTO "Question" (id, "chapterId", "questionText", options, explanation, "orderIndex", "createdAt") VALUES ('cmhi0dea50144k498rd4lc5ko', 'cmhi0de99013ak498fg8rb6y8', $$Bradypnée$$, $$[{"text":"Fréquence respiratoire > 30/min.","isCorrect":false,"justification":"< 10/min."},{"text":"Peut s’observer dans les intoxications médicamenteuses.","isCorrect":true},{"text":"Signale une dépression du centre respiratoire.","isCorrect":true},{"text":"Se voit dans les acidoses métaboliques.","isCorrect":false,"justification":"Hyperventilation plutôt."},{"text":"Peut précéder un arrêt respiratoire.","isCorrect":true}]$$::jsonb, $$Bradypnée = atteinte centrale grave.$$, 14, '2025-11-02T17:52:06.030Z');
INSERT INTO "Question" (id, "chapterId", "questionText", options, explanation, "orderIndex", "createdAt") VALUES ('cmhi0dea70146k498ficy206y', 'cmhi0de99013ak498fg8rb6y8', $$Signes de gravité respiratoire$$, $$[{"text":"Tirage sus-sternal et battement des ailes du nez.","isCorrect":true},{"text":"Cyanose périphérique.","isCorrect":true},{"text":"Silence auscultatoire unilatéral.","isCorrect":true},{"text":"Polypnée > 40/min à l’effort.","isCorrect":false,"justification":"Au repos inquiétante."},{"text":"Agitation, troubles de conscience.","isCorrect":true}]$$::jsonb, $$Signes de gravité = tirage + cyanose + troubles conscience.$$, 15, '2025-11-02T17:52:06.031Z');
INSERT INTO "Question" (id, "chapterId", "questionText", options, explanation, "orderIndex", "createdAt") VALUES ('cmhi0dea90148k498ggywl951', 'cmhi0de99013ak498fg8rb6y8', $$Causes pulmonaires$$, $$[{"text":"Asthme, BPCO, embolie pulmonaire.","isCorrect":true},{"text":"Pneumopathies infectieuses.","isCorrect":true},{"text":"Œdème aigu du poumon.","isCorrect":true},{"text":"Scoliose sévère.","isCorrect":true},{"text":"Cardiopathie ischémique.","isCorrect":false,"justification":"Cardiaque non pulmonaire."}]$$::jsonb, $$Causes pulmonaires = obstruction, infection, restriction.$$, 16, '2025-11-02T17:52:06.033Z');
INSERT INTO "Question" (id, "chapterId", "questionText", options, explanation, "orderIndex", "createdAt") VALUES ('cmhi0deab014ak498feiagxa8', 'cmhi0de99013ak498fg8rb6y8', $$Causes cardiaques$$, $$[{"text":"Insuffisance cardiaque gauche.","isCorrect":true},{"text":"Rétrécissement mitral.","isCorrect":true},{"text":"Œdème pulmonaire aigu.","isCorrect":true},{"text":"Embolie pulmonaire.","isCorrect":true},{"text":"Péricardite constrictive.","isCorrect":true}]$$::jsonb, $$Dyspnée cardiaque = stase, pression veineuse, congestion.$$, 17, '2025-11-02T17:52:06.035Z');
INSERT INTO "Question" (id, "chapterId", "questionText", options, explanation, "orderIndex", "createdAt") VALUES ('cmhi0dead014ck498vu5nck8i', 'cmhi0de99013ak498fg8rb6y8', $$Causes extra-respiratoires$$, $$[{"text":"Anémie sévère.","isCorrect":true},{"text":"Acidose métabolique.","isCorrect":true},{"text":"Obésité massive.","isCorrect":true},{"text":"Anxiété.","isCorrect":true},{"text":"Hypothyroïdie.","isCorrect":false,"justification":"Plutôt bradypnée."}]$$::jsonb, $$Dyspnée extra-respiratoire = anémie, acidose, psychogène.$$, 18, '2025-11-02T17:52:06.037Z');
INSERT INTO "Question" (id, "chapterId", "questionText", options, explanation, "orderIndex", "createdAt") VALUES ('cmhi0deaf014ek498ul2fqsn7', 'cmhi0de99013ak498fg8rb6y8', $$Synthèse$$, $$[{"text":"La dyspnée est toujours d’origine pulmonaire.","isCorrect":false,"justification":"Cardiaque ou métabolique aussi."},{"text":"Elle peut être aiguë ou chronique.","isCorrect":true},{"text":"Les signes de gravité nécessitent hospitalisation urgente.","isCorrect":true},{"text":"La cyanose traduit toujours un excès d’oxygène.","isCorrect":false,"justification":"Hypoxémie."},{"text":"Le traitement dépend de la cause.","isCorrect":true}]$$::jsonb, $$Dyspnée = symptôme transversal, cause plurifactorielle, gravité à évaluer d’emblée.$$, 19, '2025-11-02T17:52:06.039Z');
INSERT INTO "Chapter" (id, "subjectId", title, description, "orderIndex", "pdfUrl", "createdAt") VALUES ('cmhi0deai014gk49816gpyxt9', 'cmhi0de930138k498s1t79ku1', $$Chapitre 2 – L’Hémoptysie$$, NULL, 2, NULL, '2025-11-02T17:52:06.042Z');
INSERT INTO "Question" (id, "chapterId", "questionText", options, explanation, "orderIndex", "createdAt") VALUES ('cmhi0deal014ik498a7f03f7d', 'cmhi0deai014gk49816gpyxt9', $$Définition$$, $$[{"text":"Rejet de sang par vomissement.","isCorrect":false,"justification":"C’est une hématémèse."},{"text":"Rejet de sang par la bouche, d’origine bronchique.","isCorrect":true},{"text":"S’accompagne toujours de douleurs abdominales.","isCorrect":false,"justification":"Souvent toux et brûlure thoracique."},{"text":"La coloration du sang est rouge vif, aéré.","isCorrect":true},{"text":"N’a aucune valeur sémiologique.","isCorrect":false,"justification":"Symptôme majeur respiratoire."}]$$::jsonb, $$Hémoptysie = rejet de sang aéré par toux → origine bronchique/pulmonaire.$$, 0, '2025-11-02T17:52:06.045Z');
INSERT INTO "Question" (id, "chapterId", "questionText", options, explanation, "orderIndex", "createdAt") VALUES ('cmhi0dean014kk498wbz0bubb', 'cmhi0deai014gk49816gpyxt9', $$Diagnostic différentiel$$, $$[{"text":"L’hématémèse correspond à du sang digéré.","isCorrect":true},{"text":"L’épistaxis postérieure peut simuler une hémoptysie.","isCorrect":true},{"text":"L’hémoptysie se produit sans toux.","isCorrect":false,"justification":"Avec toux bruyante."},{"text":"Le sang hémoptysique est mousseux.","isCorrect":true},{"text":"L’hématémèse donne un sang noirâtre.","isCorrect":true}]$$::jsonb, $$Différencier par couleur, toux et caractère aéré.$$, 1, '2025-11-02T17:52:06.047Z');
INSERT INTO "Question" (id, "chapterId", "questionText", options, explanation, "orderIndex", "createdAt") VALUES ('cmhi0deap014mk4983k7ftk75', 'cmhi0deai014gk49816gpyxt9', $$Volume de sang$$, $$[{"text":"Faible < 50 mL → minime.","isCorrect":true},{"text":"Moyenne = 100–200 mL.","isCorrect":true},{"text":"Massive > 500 mL → urgence.","isCorrect":true},{"text":"Le volume n’influence pas la gravité.","isCorrect":false,"justification":"Corrélé au risque vital."},{"text":"La quantification est inutile.","isCorrect":false,"justification":"Indispensable."}]$$::jsonb, $$Évaluer le volume → critère majeur de gravité.$$, 2, '2025-11-02T17:52:06.049Z');
INSERT INTO "Question" (id, "chapterId", "questionText", options, explanation, "orderIndex", "createdAt") VALUES ('cmhi0dear014ok498o69ixcz3', 'cmhi0deai014gk49816gpyxt9', $$Origine bronchique$$, $$[{"text":"Lésions inflammatoires (bronchite) possibles.","isCorrect":true},{"text":"Tumeurs bronchiques → hémoptysies répétées.","isCorrect":true},{"text":"Tuberculose → cause classique.","isCorrect":true},{"text":"Embolie pulmonaire → cause digestive.","isCorrect":false,"justification":"Pulmonaire."},{"text":"Dilatations des bronches → source chronique.","isCorrect":true}]$$::jsonb, $$Causes bronchiques fréquentes : TBC, cancer, bronchiectasies.$$, 3, '2025-11-02T17:52:06.051Z');
INSERT INTO "Question" (id, "chapterId", "questionText", options, explanation, "orderIndex", "createdAt") VALUES ('cmhi0deat014qk498xsok08sx', 'cmhi0deai014gk49816gpyxt9', $$Origine vasculaire$$, $$[{"text":"Rupture artérielle bronchique = hémoptysie massive.","isCorrect":true},{"text":"Embolie pulmonaire → cause possible.","isCorrect":true},{"text":"Rétrécissement mitral → stase veineuse.","isCorrect":true},{"text":"Hypertension pulmonaire jamais impliquée.","isCorrect":false,"justification":"Facteur favorisant."},{"text":"Traumatisme thoracique mineur → cause rare mais possible.","isCorrect":true}]$$::jsonb, $$Origine vasculaire = rupture, stase, embolie.$$, 4, '2025-11-02T17:52:06.053Z');
INSERT INTO "Question" (id, "chapterId", "questionText", options, explanation, "orderIndex", "createdAt") VALUES ('cmhi0deav014sk498321rs5do', 'cmhi0deai014gk49816gpyxt9', $$Hémoptysie massive$$, $$[{"text":"Volume > 600 mL/24 h.","isCorrect":true},{"text":"Urgence vitale.","isCorrect":true},{"text":"Nécessite intubation et aspiration.","isCorrect":true},{"text":"Se traite par repos simple.","isCorrect":false,"justification":"Réanimation."},{"text":"Embolisation artérielle possible.","isCorrect":true}]$$::jsonb, $$Massive = urgence vitale → intubation + embolisation.$$, 5, '2025-11-02T17:52:06.055Z');
INSERT INTO "Question" (id, "chapterId", "questionText", options, explanation, "orderIndex", "createdAt") VALUES ('cmhi0deaw014uk498rnk6ljne', 'cmhi0deai014gk49816gpyxt9', $$Aspect du sang$$, $$[{"text":"Rouge vif et mousseux → hémoptysie.","isCorrect":true},{"text":"Noir et liquide → digestif.","isCorrect":true},{"text":"Mélangé à des aliments.","isCorrect":false,"justification":"Hématémèse."},{"text":"Sang clair et aéré → alvéolaire.","isCorrect":true},{"text":"Hémoptysie récente → souvent matinale.","isCorrect":true}]$$::jsonb, $$Caractère aéré = preuve d’origine bronchique.$$, 6, '2025-11-02T17:52:06.057Z');
INSERT INTO "Question" (id, "chapterId", "questionText", options, explanation, "orderIndex", "createdAt") VALUES ('cmhi0deay014wk498cfufzrbh', 'cmhi0deai014gk49816gpyxt9', $$Examens complémentaires$$, $$[{"text":"Radiographie thoracique → examen de première intention.","isCorrect":true},{"text":"Scanner thoracique → étiologie inconnue.","isCorrect":true},{"text":"Fibroscopie bronchique utile au diagnostic et au traitement.","isCorrect":true},{"text":"Le bilan biologique est inutilisable.","isCorrect":false,"justification":"Bilan inflammatoire, coagulant."},{"text":"L’examen des crachats peut identifier Mycobacterium tuberculosis.","isCorrect":true}]$$::jsonb, $$Rx + scanner + fibroscopie → triade diagnostique.$$, 7, '2025-11-02T17:52:06.059Z');
INSERT INTO "Question" (id, "chapterId", "questionText", options, explanation, "orderIndex", "createdAt") VALUES ('cmhi0deb1014yk49891rzqvcs', 'cmhi0deai014gk49816gpyxt9', $$Hémoptysie et TBC$$, $$[{"text":"Signe précoce et caractéristique de la tuberculose pulmonaire.","isCorrect":true},{"text":"Survient toujours avec fièvre.","isCorrect":false,"justification":"Possible isolée."},{"text":"Associée à cavernes radiologiques.","isCorrect":true},{"text":"Nécessite isolement du patient.","isCorrect":true},{"text":"Ne nécessite aucun traitement spécifique.","isCorrect":false,"justification":"Antituberculeux."}]$$::jsonb, $$TBC + hémoptysie = événement classique à haut risque.$$, 8, '2025-11-02T17:52:06.061Z');
INSERT INTO "Question" (id, "chapterId", "questionText", options, explanation, "orderIndex", "createdAt") VALUES ('cmhi0deb30150k498w63efbbk', 'cmhi0deai014gk49816gpyxt9', $$Hémoptysie et cancer$$, $$[{"text":"Cause fréquente chez le fumeur.","isCorrect":true},{"text":"Souvent chronique et peu abondante.","isCorrect":true},{"text":"Nécessite fibroscopie systématique.","isCorrect":true},{"text":"Indique une infection bénigne.","isCorrect":false,"justification":"Cause maligne possible."},{"text":"Toujours massive d’emblée.","isCorrect":false,"justification":"Souvent modérée."}]$$::jsonb, $$Cancer bronchique = hémoptysie chronique signal d’alarme.$$, 9, '2025-11-02T17:52:06.064Z');
INSERT INTO "Question" (id, "chapterId", "questionText", options, explanation, "orderIndex", "createdAt") VALUES ('cmhi0deb50152k498ix8dvl7h', 'cmhi0deai014gk49816gpyxt9', $$Hémoptysie et cardiopathie$$, $$[{"text":"Rétrécissement mitral → stase pulmonaire chronique.","isCorrect":true},{"text":"Insuffisance cardiaque droite → cause majeure.","isCorrect":false,"justification":"Gauche."},{"text":"Signe de mauvais pronostic.","isCorrect":true},{"text":"Survient sans toux.","isCorrect":false,"justification":"Avec toux."},{"text":"Souvent liée à HT pulmonaire.","isCorrect":true}]$$::jsonb, $$Hémoptysie cardiaque = stase pulmonaire mitrale.$$, 10, '2025-11-02T17:52:06.066Z');
INSERT INTO "Question" (id, "chapterId", "questionText", options, explanation, "orderIndex", "createdAt") VALUES ('cmhi0deb80154k498imef7ecv', 'cmhi0deai014gk49816gpyxt9', $$Causes inflammatoires$$, $$[{"text":"Bronchite aiguë → cause mineure fréquente.","isCorrect":true},{"text":"Bronchiectasie chronique → cause récurrente.","isCorrect":true},{"text":"Pneumonie → peut donner du sang rouillé.","isCorrect":true},{"text":"Asthme → cause majeure d’hémoptysie.","isCorrect":false,"justification":"Exceptionnelle."},{"text":"Tuberculose → cause infectieuse principale.","isCorrect":true}]$$::jsonb, $$Hémoptysie inflammatoire = bronches, pneumonie, TBC.$$, 11, '2025-11-02T17:52:06.068Z');
INSERT INTO "Question" (id, "chapterId", "questionText", options, explanation, "orderIndex", "createdAt") VALUES ('cmhi0deba0156k498ld47nhsz', 'cmhi0deai014gk49816gpyxt9', $$Signes de gravité$$, $$[{"text":"Dyspnée associée → risque d’étouffement.","isCorrect":true},{"text":"Cyanose centrale → urgence.","isCorrect":true},{"text":"Chute de tension → choc hémorragique.","isCorrect":true},{"text":"Polypnée modérée sans toux = bénin.","isCorrect":false,"justification":"Toujours évaluer."},{"text":"Altération de conscience → hypoxie.","isCorrect":true}]$$::jsonb, $$Gravité = hémorragie + asphyxie potentielle.$$, 12, '2025-11-02T17:52:06.070Z');
INSERT INTO "Question" (id, "chapterId", "questionText", options, explanation, "orderIndex", "createdAt") VALUES ('cmhi0debc0158k4988akp6pss', 'cmhi0deai014gk49816gpyxt9', $$Conduite à tenir$$, $$[{"text":"Mettre le malade en décubitus dorsal.","isCorrect":false,"justification":"Côté atteint en bas."},{"text":"Aspirer les voies aériennes.","isCorrect":true},{"text":"Oxygénothérapie si saturation basse.","isCorrect":true},{"text":"Transfusion systématique.","isCorrect":false,"justification":"Selon volume perdu."},{"text":"Embolisation artérielle si hémoptysie massive.","isCorrect":true}]$$::jsonb, $$CAT = libérer voies aériennes + oxygène + hémostase.$$, 13, '2025-11-02T17:52:06.072Z');
INSERT INTO "Question" (id, "chapterId", "questionText", options, explanation, "orderIndex", "createdAt") VALUES ('cmhi0debd015ak498izt2qnc0', 'cmhi0deai014gk49816gpyxt9', $$Synthèse$$, $$[{"text":"Hémoptysie = sang par toux.","isCorrect":true},{"text":"Diagnostic différentiel = hématémèse, épistaxis.","isCorrect":true},{"text":"Causes = bronchiques, vasculaires, cardiaques.","isCorrect":true},{"text":"Massive = urgence vitale.","isCorrect":true},{"text":"Toujours bénigne.","isCorrect":false,"justification":"Gravité potentielle."}]$$::jsonb, $$Hémoptysie = urgence diagnostique et thérapeutique.$$, 14, '2025-11-02T17:52:06.074Z');
INSERT INTO "Chapter" (id, "subjectId", title, description, "orderIndex", "pdfUrl", "createdAt") VALUES ('cmhi0debh015ck498fgx2pnwz', 'cmhi0de930138k498s1t79ku1', $$Chapitre 3 – Les Épanchements pleuraux$$, NULL, 3, NULL, '2025-11-02T17:52:06.077Z');
INSERT INTO "Question" (id, "chapterId", "questionText", options, explanation, "orderIndex", "createdAt") VALUES ('cmhi0debj015ek498o6zv6nqo', 'cmhi0debh015ck498fgx2pnwz', $$Définition$$, $$[{"text":"Accumulation d’air dans la plèvre.","isCorrect":false,"justification":"C’est un pneumothorax."},{"text":"Accumulation de liquide dans la cavité pleurale.","isCorrect":true},{"text":"Toujours d’origine infectieuse.","isCorrect":false,"justification":"Peut être cardiaque, néoplasique, tuberculeuse."},{"text":"Peut être unilatéral ou bilatéral.","isCorrect":true},{"text":"N’a aucune conséquence ventilatoire.","isCorrect":false,"justification":"Compression pulmonaire."}]$$::jsonb, $$Épanchement pleural = liquide dans la cavité pleurale, cause diverse.$$, 0, '2025-11-02T17:52:06.079Z');
INSERT INTO "Question" (id, "chapterId", "questionText", options, explanation, "orderIndex", "createdAt") VALUES ('cmhi0debl015gk49897r1io2a', 'cmhi0debh015ck498fgx2pnwz', $$Types d’épanchements$$, $$[{"text":"Liquide citrin → pleurésie congestive.","isCorrect":true},{"text":"Liquide purulent → pleurésie parapneumonique.","isCorrect":true},{"text":"Liquide hématique → hémothorax.","isCorrect":true},{"text":"Liquide chyleux → traumatisme veine cave.","isCorrect":false,"justification":"Lésion canal thoracique."},{"text":"Liquide lactescent → chylothorax.","isCorrect":true}]$$::jsonb, $$Types selon aspect : citrin, purulent, hématique, chyleux.$$, 1, '2025-11-02T17:52:06.081Z');
INSERT INTO "Question" (id, "chapterId", "questionText", options, explanation, "orderIndex", "createdAt") VALUES ('cmhi0debn015ik4981t8yed2e', 'cmhi0debh015ck498fgx2pnwz', $$Pleurésie exsudative$$, $$[{"text":"Riche en protéines.","isCorrect":true},{"text":"Pauvre en LDH.","isCorrect":false,"justification":"LDH élevée."},{"text":"Due à inflammation, tumeur, infection.","isCorrect":true},{"text":"Transsudat selon critères de Light.","isCorrect":false,"justification":"Exsudat."},{"text":"Densité > 1,018.","isCorrect":true}]$$::jsonb, $$Exsudat = inflammatoire, protéine > 30 g/L, LDH ↑.$$, 2, '2025-11-02T17:52:06.083Z');
INSERT INTO "Question" (id, "chapterId", "questionText", options, explanation, "orderIndex", "createdAt") VALUES ('cmhi0debo015kk498eytuqq8z', 'cmhi0debh015ck498fgx2pnwz', $$Pleurésie transsudative$$, $$[{"text":"Pauvre en protéines.","isCorrect":true},{"text":"Densité < 1,015.","isCorrect":true},{"text":"Due à insuffisance cardiaque ou cirrhose.","isCorrect":true},{"text":"Très inflammatoire.","isCorrect":false,"justification":"Peu cellulaire."},{"text":"LDH très élevée.","isCorrect":false,"justification":"Normale/basse."}]$$::jsonb, $$Transsudat = déséquilibre pression oncoticohydrostatique.$$, 3, '2025-11-02T17:52:06.085Z');
INSERT INTO "Question" (id, "chapterId", "questionText", options, explanation, "orderIndex", "createdAt") VALUES ('cmhi0debq015mk4988fjzp7u9', 'cmhi0debh015ck498fgx2pnwz', $$Clinique d’un épanchement pleural$$, $$[{"text":"Dyspnée variable selon le volume.","isCorrect":true},{"text":"Douleur basithoracique souvent présente.","isCorrect":true},{"text":"Toux sèche fréquente.","isCorrect":true},{"text":"Hémoptysie typique.","isCorrect":false,"justification":"Rare."},{"text":"Peut être asymptomatique.","isCorrect":true}]$$::jsonb, $$Clinique variable : dyspnée + douleur + toux sèche.$$, 4, '2025-11-02T17:52:06.087Z');
INSERT INTO "Question" (id, "chapterId", "questionText", options, explanation, "orderIndex", "createdAt") VALUES ('cmhi0debs015ok498vwcekqu1', 'cmhi0debh015ck498fgx2pnwz', $$Inspection$$, $$[{"text":"Thorax immobile du côté malade.","isCorrect":true},{"text":"Bombement du côté atteint possible.","isCorrect":true},{"text":"Déviation trachéale vers le côté sain.","isCorrect":true},{"text":"Absence de cyanose.","isCorrect":false,"justification":"Possible."},{"text":"Respiration paradoxale bilatérale.","isCorrect":false,"justification":"Unilatérale."}]$$::jsonb, $$Inspection = asymétrie, bombement, diminution expansion.$$, 5, '2025-11-02T17:52:06.089Z');
INSERT INTO "Question" (id, "chapterId", "questionText", options, explanation, "orderIndex", "createdAt") VALUES ('cmhi0debu015qk498p5f8qkgl', 'cmhi0debh015ck498fgx2pnwz', $$Palpation$$, $$[{"text":"Vibrations vocales augmentées.","isCorrect":false,"justification":"Diminuées ou abolies."},{"text":"Douleur pleurale localisée.","isCorrect":true},{"text":"Frémissement vocal absent sur la zone liquidienne.","isCorrect":true},{"text":"Hypersensibilité cutanée typique.","isCorrect":false,"justification":"Non spécifique."},{"text":"Déplacement du médiastin palpable.","isCorrect":true}]$$::jsonb, $$Palpation = abolition FVT + douleur pleurale.$$, 6, '2025-11-02T17:52:06.091Z');
INSERT INTO "Question" (id, "chapterId", "questionText", options, explanation, "orderIndex", "createdAt") VALUES ('cmhi0debx015sk498hivq0qp3', 'cmhi0debh015ck498fgx2pnwz', $$Percussion$$, $$[{"text":"Matité franche.","isCorrect":true},{"text":"Son tympanique.","isCorrect":false,"justification":"Pneumothorax."},{"text":"Matité déclive.","isCorrect":true},{"text":"Son variable selon la position.","isCorrect":true},{"text":"Pas d’intérêt clinique.","isCorrect":false,"justification":"Très utile."}]$$::jsonb, $$Matité déclive → signe cardinal d’épanchement.$$, 7, '2025-11-02T17:52:06.093Z');
INSERT INTO "Question" (id, "chapterId", "questionText", options, explanation, "orderIndex", "createdAt") VALUES ('cmhi0debz015uk498dt473740', 'cmhi0debh015ck498fgx2pnwz', $$Auscultation$$, $$[{"text":"Murmure vésiculaire aboli sur la zone liquide.","isCorrect":true},{"text":"Frottement pleural constant.","isCorrect":false,"justification":"Présent en début/fin d’épanchement."},{"text":"Souffle pleurétique possible en zone sus-jacente.","isCorrect":true},{"text":"Bronchophonie augmentée.","isCorrect":false,"justification":"Diminuée."},{"text":"Transmission vocale diminuée.","isCorrect":true}]$$::jsonb, $$Auscultation = abolition MV + souffle sus-jacent.$$, 8, '2025-11-02T17:52:06.096Z');
INSERT INTO "Question" (id, "chapterId", "questionText", options, explanation, "orderIndex", "createdAt") VALUES ('cmhi0dec1015wk4988oixtlo6', 'cmhi0debh015ck498fgx2pnwz', $$Radiographie thoracique$$, $$[{"text":"Matité déclive visible.","isCorrect":false,"justification":"Opacité déclive."},{"text":"Ligne de Damoiseau typique.","isCorrect":true},{"text":"Refoulement du médiastin vers le côté opposé.","isCorrect":true},{"text":"Hyperclarté.","isCorrect":false,"justification":"C’est pneumothorax."},{"text":"Disparition du cul-de-sac costo-diaphragmatique.","isCorrect":true}]$$::jsonb, $$Rx = opacité déclive + ligne concave de Damoiseau.$$, 9, '2025-11-02T17:52:06.098Z');
INSERT INTO "Question" (id, "chapterId", "questionText", options, explanation, "orderIndex", "createdAt") VALUES ('cmhi0dec3015yk4987dw7fzn4', 'cmhi0debh015ck498fgx2pnwz', $$Échographie pleurale$$, $$[{"text":"Permet la détection d’un faible volume de liquide.","isCorrect":true},{"text":"Ne distingue pas la nature du liquide.","isCorrect":false,"justification":"Peut orienter selon aspect."},{"text":"Guide la ponction pleurale.","isCorrect":true},{"text":"Contre-indiquée en réanimation.","isCorrect":false,"justification":"Indiquée."},{"text":"Utile au diagnostic différentiel avec pneumothorax.","isCorrect":true}]$$::jsonb, $$Échographie = méthode de choix pour guidage et détection.$$, 10, '2025-11-02T17:52:06.100Z');
INSERT INTO "Question" (id, "chapterId", "questionText", options, explanation, "orderIndex", "createdAt") VALUES ('cmhi0dec50160k498p42raj44', 'cmhi0debh015ck498fgx2pnwz', $$Ponction pleurale$$, $$[{"text":"Toujours contre-indiquée.","isCorrect":false,"justification":"Indiquée sauf trouble de coagulation."},{"text":"Se fait au-dessus de la côte supérieure.","isCorrect":true},{"text":"Permet analyse cytologique et biochimique.","isCorrect":true},{"text":"Risque d’embolie gazeuse majeur.","isCorrect":false,"justification":"Risque faible si bien faite."},{"text":"Nécessite asepsie stricte.","isCorrect":true}]$$::jsonb, $$Ponction = diagnostic + thérapeutique sous guidage.$$, 11, '2025-11-02T17:52:06.101Z');
INSERT INTO "Question" (id, "chapterId", "questionText", options, explanation, "orderIndex", "createdAt") VALUES ('cmhi0dec70162k498pv0ejhkf', 'cmhi0debh015ck498fgx2pnwz', $$Analyse du liquide$$, $$[{"text":"Protéines, LDH, pH, cellules.","isCorrect":true},{"text":"Bactériologie et cytologie.","isCorrect":true},{"text":"Glycémie et ADA utiles.","isCorrect":true},{"text":"Culture inutile.","isCorrect":false,"justification":"Essentielle."},{"text":"Analyse macroscopique inutile.","isCorrect":false,"justification":"Première étape."}]$$::jsonb, $$Analyse complète = macro, bio, cyto, micro.$$, 12, '2025-11-02T17:52:06.103Z');
INSERT INTO "Question" (id, "chapterId", "questionText", options, explanation, "orderIndex", "createdAt") VALUES ('cmhi0dec90164k498dsyqg6wg', 'cmhi0debh015ck498fgx2pnwz', $$Principales étiologies$$, $$[{"text":"Insuffisance cardiaque → transsudat.","isCorrect":true},{"text":"Tumeur pleurale → exsudat.","isCorrect":true},{"text":"Tuberculose → exsudat lymphocytaire.","isCorrect":true},{"text":"Syndrome néphrotique → exsudat.","isCorrect":false,"justification":"Transsudat."},{"text":"Cirrhose → transsudat droit.","isCorrect":true}]$$::jsonb, $$Étiologies = cardiaque, néoplasique, infectieuse, tuberculeuse.$$, 13, '2025-11-02T17:52:06.106Z');
INSERT INTO "Question" (id, "chapterId", "questionText", options, explanation, "orderIndex", "createdAt") VALUES ('cmhi0decb0166k498jbp2382u', 'cmhi0debh015ck498fgx2pnwz', $$Pleurésie tuberculeuse$$, $$[{"text":"Liquide purulent.","isCorrect":false,"justification":"Citrin opalin."},{"text":"Lymphocytes dominants.","isCorrect":true},{"text":"ADA élevée.","isCorrect":true},{"text":"BK présent à la culture dans tous les cas.","isCorrect":false,"justification":"Parfois négatif."},{"text":"Évolution chronique.","isCorrect":true}]$$::jsonb, $$TBC = exsudat lymphocytaire, ADA↑, culture variable.$$, 14, '2025-11-02T17:52:06.108Z');
INSERT INTO "Question" (id, "chapterId", "questionText", options, explanation, "orderIndex", "createdAt") VALUES ('cmhi0dece0168k498f9vo0do5', 'cmhi0debh015ck498fgx2pnwz', $$Pleurésie néoplasique$$, $$[{"text":"Liquide citrin et stérile.","isCorrect":true},{"text":"Cellules malignes à la cytologie.","isCorrect":true},{"text":"Peut être hématique.","isCorrect":true},{"text":"Rare dans le cancer bronchique.","isCorrect":false,"justification":"Fréquent."},{"text":"Rechute après drainage fréquente.","isCorrect":true}]$$::jsonb, $$Néoplasique = cellules tumorales, récidive fréquente.$$, 15, '2025-11-02T17:52:06.111Z');
INSERT INTO "Question" (id, "chapterId", "questionText", options, explanation, "orderIndex", "createdAt") VALUES ('cmhi0dech016ak498y89x40p6', 'cmhi0debh015ck498fgx2pnwz', $$Pleurésie parapneumonique$$, $$[{"text":"Survient au cours d’une pneumonie.","isCorrect":true},{"text":"Liquide purulent (empyème) possible.","isCorrect":true},{"text":"Stérile au début.","isCorrect":true},{"text":"Ne nécessite jamais d’antibiotiques.","isCorrect":false,"justification":"Traitement urgent."},{"text":"Risque de cloisonnement pleural.","isCorrect":true}]$$::jsonb, $$Parapneumonique = infection pleurale secondaire à pneumonie.$$, 16, '2025-11-02T17:52:06.113Z');
INSERT INTO "Question" (id, "chapterId", "questionText", options, explanation, "orderIndex", "createdAt") VALUES ('cmhi0decj016ck498yykrj3yl', 'cmhi0debh015ck498fgx2pnwz', $$Épanchement pleural malin$$, $$[{"text":"Toujours exsudatif.","isCorrect":true},{"text":"Cytologie positive dans 50–70 %.","isCorrect":true},{"text":"Guérison après ponction unique.","isCorrect":false,"justification":"Récidive habituelle."},{"text":"Drainage inefficace.","isCorrect":false,"justification":"Possible mais récidive."},{"text":"Pleurodèse chimique utile.","isCorrect":true}]$$::jsonb, $$Malin = exsudat récidivant → pleurodèse.$$, 17, '2025-11-02T17:52:06.115Z');
INSERT INTO "Question" (id, "chapterId", "questionText", options, explanation, "orderIndex", "createdAt") VALUES ('cmhi0decl016ek4987mnsbw8i', 'cmhi0debh015ck498fgx2pnwz', $$Complications$$, $$[{"text":"Empyème pleural.","isCorrect":true},{"text":"Fibrose pleurale.","isCorrect":true},{"text":"Atélectasie passive.","isCorrect":true},{"text":"Embolie pulmonaire.","isCorrect":false,"justification":"Cause, pas complication."},{"text":"Pleurésie sèche secondaire.","isCorrect":true}]$$::jsonb, $$Complications = empyème, fibrose, atélectasie.$$, 18, '2025-11-02T17:52:06.117Z');
INSERT INTO "Question" (id, "chapterId", "questionText", options, explanation, "orderIndex", "createdAt") VALUES ('cmhi0decn016gk498ecy1q076', 'cmhi0debh015ck498fgx2pnwz', $$Synthèse$$, $$[{"text":"Épanchement = liquide pleural.","isCorrect":true},{"text":"Transsudat ↔ exsudat selon critères de Light.","isCorrect":true},{"text":"Rx et écho indispensables.","isCorrect":true},{"text":"Ponction uniquement thérapeutique.","isCorrect":false,"justification":"Aussi diagnostique."},{"text":"Analyse biologique inutile.","isCorrect":false,"justification":"Essentielle."}]$$::jsonb, $$Épanchement pleural = syndrome clinique, radiologique et biologique complet.$$, 19, '2025-11-02T17:52:06.120Z');
INSERT INTO "Chapter" (id, "subjectId", title, description, "orderIndex", "pdfUrl", "createdAt") VALUES ('cmhi0decq016ik498gaxtomse', 'cmhi0de930138k498s1t79ku1', $$Chapitre 4 – Le Pneumothorax$$, NULL, 4, NULL, '2025-11-02T17:52:06.122Z');
INSERT INTO "Question" (id, "chapterId", "questionText", options, explanation, "orderIndex", "createdAt") VALUES ('cmhi0decs016kk498ew9ij0xi', 'cmhi0decq016ik498gaxtomse', $$Définition$$, $$[{"text":"Présence d’air dans la cavité pleurale.","isCorrect":true},{"text":"Toujours bilatéral.","isCorrect":false,"justification":"Généralement unilatéral."},{"text":"Entraîne un collapsus pulmonaire.","isCorrect":true},{"text":"Résulte toujours d’un traumatisme.","isCorrect":false,"justification":"Peut être spontané."},{"text":"Peut être compressif et menaçant.","isCorrect":true}]$$::jsonb, $$Pneumothorax = air pleural → collapsus pulmonaire ± compression.$$, 0, '2025-11-02T17:52:06.124Z');
INSERT INTO "Question" (id, "chapterId", "questionText", options, explanation, "orderIndex", "createdAt") VALUES ('cmhi0decu016mk4985qlnv0c4', 'cmhi0decq016ik498gaxtomse', $$Classification$$, $$[{"text":"Spontané primaire → poumon sain.","isCorrect":true},{"text":"Spontané secondaire → poumon pathologique.","isCorrect":true},{"text":"Traumatique → après blessure ou geste médical.","isCorrect":true},{"text":"Compressif → aggravation progressive avec refoulement médiastinal.","isCorrect":true},{"text":"Pneumothorax infectieux → cause rare.","isCorrect":true}]$$::jsonb, $$Classification = 5 justes : primaire, secondaire, traumatique, compressif, infectieux.$$, 1, '2025-11-02T17:52:06.127Z');
INSERT INTO "Question" (id, "chapterId", "questionText", options, explanation, "orderIndex", "createdAt") VALUES ('cmhi0decw016ok498eqgu8cvo', 'cmhi0decq016ik498gaxtomse', $$Mécanisme$$, $$[{"text":"Rupture alvéolaire ou bulle sous-pleurale.","isCorrect":true},{"text":"Passage d’air entre plèvre viscérale et pariétale.","isCorrect":true},{"text":"Communication broncho-pleurale possible.","isCorrect":true},{"text":"Compression du poumon adjacent.","isCorrect":true},{"text":"Diminution du volume pleural.","isCorrect":false,"justification":"Augmentation."}]$$::jsonb, $$Mécanisme = entrée d’air pleural → décollement pulmonaire.$$, 2, '2025-11-02T17:52:06.129Z');
INSERT INTO "Question" (id, "chapterId", "questionText", options, explanation, "orderIndex", "createdAt") VALUES ('cmhi0decy016qk4983131m3o5', 'cmhi0decq016ik498gaxtomse', $$Causes du pneumothorax spontané$$, $$[{"text":"Jeune adulte longiligne sans antécédent.","isCorrect":true},{"text":"Tabagisme → facteur majeur.","isCorrect":true},{"text":"Rupture de blebs apicaux.","isCorrect":true},{"text":"Pneumonie bactérienne.","isCorrect":false,"justification":"Complication rare."},{"text":"Syndrome de Marfan → prédisposition.","isCorrect":true}]$$::jsonb, $$Spontané primaire = blebs apicaux, jeunes fumeurs, morphotype longiligne.$$, 3, '2025-11-02T17:52:06.131Z');
INSERT INTO "Question" (id, "chapterId", "questionText", options, explanation, "orderIndex", "createdAt") VALUES ('cmhi0ded0016sk498iixts21c', 'cmhi0decq016ik498gaxtomse', $$Pneumothorax secondaire$$, $$[{"text":"Survient sur poumon sain.","isCorrect":false,"justification":"Malade (BPCO, fibrose, asthme)."},{"text":"Souvent plus grave.","isCorrect":true},{"text":"Peut survenir dans la tuberculose.","isCorrect":true},{"text":"Favorisé par la fibrose pulmonaire.","isCorrect":true},{"text":"Cause fréquente chez le sportif.","isCorrect":false,"justification":"Rare."}]$$::jsonb, $$Secondaire = BPCO, TBC, fibrose → risque vital ↑.$$, 4, '2025-11-02T17:52:06.132Z');
INSERT INTO "Question" (id, "chapterId", "questionText", options, explanation, "orderIndex", "createdAt") VALUES ('cmhi0ded2016uk498ix8sxx7w', 'cmhi0decq016ik498gaxtomse', $$Symptômes principaux$$, $$[{"text":"Douleur thoracique brutale.","isCorrect":true},{"text":"Dyspnée variable selon le volume.","isCorrect":true},{"text":"Toux sèche réflexe.","isCorrect":true},{"text":"Cyanose immédiate toujours présente.","isCorrect":false,"justification":"Seulement si compressif."},{"text":"Parfois asymptomatique.","isCorrect":true}]$$::jsonb, $$Symptômes = douleur + dyspnée + toux ± cyanose.$$, 5, '2025-11-02T17:52:06.134Z');
INSERT INTO "Question" (id, "chapterId", "questionText", options, explanation, "orderIndex", "createdAt") VALUES ('cmhi0ded4016wk498u98q8u2q', 'cmhi0decq016ik498gaxtomse', $$Inspection thoracique$$, $$[{"text":"Hémithorax immobile et distendu.","isCorrect":true},{"text":"Bombement du côté atteint.","isCorrect":true},{"text":"Diminution de l’ampliation.","isCorrect":true},{"text":"Déviation trachéale vers le côté atteint.","isCorrect":false,"justification":"Vers côté sain."},{"text":"Cyanose labiale toujours absente.","isCorrect":false,"justification":"Possible."}]$$::jsonb, $$Inspection = immobilité + distension + déviation trachéale controlatérale.$$, 6, '2025-11-02T17:52:06.136Z');
INSERT INTO "Question" (id, "chapterId", "questionText", options, explanation, "orderIndex", "createdAt") VALUES ('cmhi0ded6016yk4981pqo23wy', 'cmhi0decq016ik498gaxtomse', $$Percussion$$, $$[{"text":"Son mat sur la zone atteinte.","isCorrect":false,"justification":"Tympanique."},{"text":"Tympanisme franc.","isCorrect":true},{"text":"Disparition du son sur le côté sain.","isCorrect":false,"justification":"Normal."},{"text":"Variation avec la position.","isCorrect":true},{"text":"Bruit métallique parfois audible.","isCorrect":true}]$$::jsonb, $$Percussion = tympanisme + hyperclarté.$$, 7, '2025-11-02T17:52:06.138Z');
INSERT INTO "Question" (id, "chapterId", "questionText", options, explanation, "orderIndex", "createdAt") VALUES ('cmhi0ded80170k498dl76fucv', 'cmhi0decq016ik498gaxtomse', $$Auscultation$$, $$[{"text":"Murmure vésiculaire aboli.","isCorrect":true},{"text":"Frottement pleural présent.","isCorrect":true},{"text":"Bruit amphorique dans certains cas.","isCorrect":true},{"text":"Souffle pleurétique permanent.","isCorrect":false,"justification":"Spécifique liquide."},{"text":"Bruits cardiaques assourdis.","isCorrect":true}]$$::jsonb, $$Auscultation = abolition MV + amphorique + frottement.$$, 8, '2025-11-02T17:52:06.140Z');
INSERT INTO "Question" (id, "chapterId", "questionText", options, explanation, "orderIndex", "createdAt") VALUES ('cmhi0deda0172k498bpmazxqq', 'cmhi0decq016ik498gaxtomse', $$Pneumothorax compressif (urgence vitale)$$, $$[{"text":"Refoulement médiastinal vers le côté opposé.","isCorrect":true},{"text":"Turgescence jugulaire.","isCorrect":true},{"text":"Cyanose et hypotension.","isCorrect":true},{"text":"Entrées d’air symétriques.","isCorrect":false,"justification":"Asymétriques."},{"text":"Nécessite drainage immédiat.","isCorrect":true}]$$::jsonb, $$Compressif = urgence extrême → décompression immédiate.$$, 9, '2025-11-02T17:52:06.142Z');
INSERT INTO "Question" (id, "chapterId", "questionText", options, explanation, "orderIndex", "createdAt") VALUES ('cmhi0dedd0174k498xjdh56r7', 'cmhi0decq016ik498gaxtomse', $$Radiographie thoracique$$, $$[{"text":"Hyperclarté périphérique sans trame vasculaire.","isCorrect":true},{"text":"Visualisation de la ligne pleurale.","isCorrect":true},{"text":"Effacement du diaphragme du côté atteint.","isCorrect":true},{"text":"Refoulement médiastinal possible.","isCorrect":true},{"text":"Opacité déclive.","isCorrect":false,"justification":"Pleurésie."}]$$::jsonb, $$Rx = hyperclarté + ligne pleurale + refoulement médiastinal.$$, 10, '2025-11-02T17:52:06.145Z');
INSERT INTO "Question" (id, "chapterId", "questionText", options, explanation, "orderIndex", "createdAt") VALUES ('cmhi0dedf0176k4986ps3mj6m', 'cmhi0decq016ik498gaxtomse', $$Scanner thoracique$$, $$[{"text":"Confirme le diagnostic douteux.","isCorrect":true},{"text":"Visualise bulles ou blebs apicaux.","isCorrect":true},{"text":"Toujours indispensable.","isCorrect":false,"justification":"Pas si typique."},{"text":"Précise la topographie et la taille.","isCorrect":true},{"text":"Nécessite injection de produit iodé.","isCorrect":false,"justification":"Pas forcément."}]$$::jsonb, $$Scanner = utile pour bilan étiologique et quantitatif.$$, 11, '2025-11-02T17:52:06.147Z');
INSERT INTO "Question" (id, "chapterId", "questionText", options, explanation, "orderIndex", "createdAt") VALUES ('cmhi0dedh0178k498taqg9hn5', 'cmhi0decq016ik498gaxtomse', $$Ponction évacuatrice$$, $$[{"text":"Réalisée d’emblée dans tous les cas.","isCorrect":false,"justification":"Si volumineux ou compressif."},{"text":"Se fait en 2ᵉ espace intercostal antérieur.","isCorrect":true},{"text":"En position demi-assise.","isCorrect":true},{"text":"Toujours suivie d’un drainage.","isCorrect":false,"justification":"Si reconstitution."},{"text":"Réalisée sous asepsie stricte.","isCorrect":true}]$$::jsonb, $$Ponction = geste d’urgence guidé.$$, 12, '2025-11-02T17:52:06.149Z');
INSERT INTO "Question" (id, "chapterId", "questionText", options, explanation, "orderIndex", "createdAt") VALUES ('cmhi0dedj017ak498gvyz9v4q', 'cmhi0decq016ik498gaxtomse', $$Drainage thoracique$$, $$[{"text":"Indiqué pour pneumothorax compressif.","isCorrect":true},{"text":"Réalisé au 5ᵉ espace intercostal antérieur.","isCorrect":true},{"text":"Connecté à une valve de Heimlich ou un bocal à eau.","isCorrect":true},{"text":"Nécessite aspiration négative continue.","isCorrect":true},{"text":"Sans contrôle radiologique.","isCorrect":false,"justification":"Contrôle indispensable."}]$$::jsonb, $$Drainage = traitement de référence.$$, 13, '2025-11-02T17:52:06.151Z');
INSERT INTO "Question" (id, "chapterId", "questionText", options, explanation, "orderIndex", "createdAt") VALUES ('cmhi0dedl017ck498iheb3xp9', 'cmhi0decq016ik498gaxtomse', $$Complications$$, $$[{"text":"Rechute fréquente sans traitement étiologique.","isCorrect":true},{"text":"Surinfection du drainage.","isCorrect":true},{"text":"Empyème secondaire.","isCorrect":true},{"text":"Hémothorax associé.","isCorrect":true},{"text":"Pneumonie controlatérale compensatrice.","isCorrect":false,"justification":"Rare."}]$$::jsonb, $$Complications = infection, récidive, hémothorax.$$, 14, '2025-11-02T17:52:06.153Z');
INSERT INTO "Question" (id, "chapterId", "questionText", options, explanation, "orderIndex", "createdAt") VALUES ('cmhi0dedn017ek498xngv72b4', 'cmhi0decq016ik498gaxtomse', $$Pneumothorax bilatéral$$, $$[{"text":"Toujours létal.","isCorrect":false,"justification":"Grave, mais réversible."},{"text":"Dyspnée aiguë extrême.","isCorrect":true},{"text":"Hypotension rapide.","isCorrect":true},{"text":"Cyanose marquée.","isCorrect":true},{"text":"Nécessite drainage bilatéral.","isCorrect":true}]$$::jsonb, $$Bilatéral = urgence majeure → double drainage.$$, 15, '2025-11-02T17:52:06.155Z');
INSERT INTO "Question" (id, "chapterId", "questionText", options, explanation, "orderIndex", "createdAt") VALUES ('cmhi0dedp017gk498ma8w2hip', 'cmhi0decq016ik498gaxtomse', $$Pneumothorax iatrogène$$, $$[{"text":"Suite à ponction pleurale.","isCorrect":true},{"text":"Peut suivre la ventilation mécanique.","isCorrect":true},{"text":"Est toujours bénin.","isCorrect":false,"justification":"Peut être compressif."},{"text":"Prévenu par contrôle échographique.","isCorrect":true},{"text":"Se traite toujours par chirurgie.","isCorrect":false,"justification":"Drainage souvent suffisant."}]$$::jsonb, $$Iatrogène = lié aux gestes invasifs ou ventilation.$$, 16, '2025-11-02T17:52:06.157Z');
INSERT INTO "Question" (id, "chapterId", "questionText", options, explanation, "orderIndex", "createdAt") VALUES ('cmhi0deds017ik498xs66ydtz', 'cmhi0decq016ik498gaxtomse', $$Traitement chirurgical$$, $$[{"text":"Indiqué dès le premier épisode.","isCorrect":false,"justification":"Si récidive."},{"text":"Peut inclure résection des bulles.","isCorrect":true},{"text":"Pleurodèse chimique ou mécanique.","isCorrect":true},{"text":"Chirurgie vidéo-assistée possible.","isCorrect":true},{"text":"Toujours contre-indiquée dans les récidives.","isCorrect":false,"justification":"Indiquée."}]$$::jsonb, $$Chirurgie = pleurodèse ou résection si récidive.$$, 17, '2025-11-02T17:52:06.160Z');
INSERT INTO "Question" (id, "chapterId", "questionText", options, explanation, "orderIndex", "createdAt") VALUES ('cmhi0dedu017kk498izupk98i', 'cmhi0decq016ik498gaxtomse', $$Prévention des récidives$$, $$[{"text":"Éviter les vols aériens après guérison.","isCorrect":true},{"text":"Interdiction de la plongée sous-marine.","isCorrect":true},{"text":"Sevrage tabagique impératif.","isCorrect":true},{"text":"Vaccination antipneumococcique.","isCorrect":false,"justification":"Non spécifique."},{"text":"Contrôle radiologique post-traitement.","isCorrect":true}]$$::jsonb, $$Prévention = arrêt tabac, contrôle, éviter variations de pression.$$, 18, '2025-11-02T17:52:06.162Z');
INSERT INTO "Question" (id, "chapterId", "questionText", options, explanation, "orderIndex", "createdAt") VALUES ('cmhi0dedx017mk49881m4gokq', 'cmhi0decq016ik498gaxtomse', $$Synthèse$$, $$[{"text":"Pneumothorax = air pleural.","isCorrect":true},{"text":"Causes : spontanée, secondaire, traumatique.","isCorrect":true},{"text":"Compressif = urgence vitale.","isCorrect":true},{"text":"Diagnostic : Rx + tympanisme + abolition MV.","isCorrect":true},{"text":"Traitement = drainage systématique.","isCorrect":false,"justification":"Selon gravité."}]$$::jsonb, $$Pneumothorax = diagnostic clinique + Rx, urgence si compressif.$$, 19, '2025-11-02T17:52:06.165Z');
INSERT INTO "Chapter" (id, "subjectId", title, description, "orderIndex", "pdfUrl", "createdAt") VALUES ('cmhi0dee0017ok498e0czuwjs', 'cmhi0de930138k498s1t79ku1', $$Chapitre 5 – Les Pleurésies$$, NULL, 5, NULL, '2025-11-02T17:52:06.168Z');
INSERT INTO "Question" (id, "chapterId", "questionText", options, explanation, "orderIndex", "createdAt") VALUES ('cmhi0deej018ak498h48kbtju', 'cmhi0dee0017ok498e0czuwjs', $$Pleurésie transsudative$$, $$[{"text":"D’origine cardiaque ou hépatique.","isCorrect":true},{"text":"Liquide pauvre en protéines.","isCorrect":true},{"text":"LDH normale.","isCorrect":true},{"text":"Peu cellulaire.","isCorrect":true},{"text":"Disparition après traitement de la cause.","isCorrect":true}]$$::jsonb, $$Transsudat = liquide clair, pauvre en protéines, cause systémique.$$, 10, '2025-11-02T17:52:06.187Z');
INSERT INTO "Question" (id, "chapterId", "questionText", options, explanation, "orderIndex", "createdAt") VALUES ('cmhi0dee2017qk498fv1u04b3', 'cmhi0dee0017ok498e0czuwjs', $$Définition$$, $$[{"text":"Inflammation de la plèvre avec épanchement liquidien.","isCorrect":true},{"text":"Toujours purulente.","isCorrect":false,"justification":"Peut être citrine, hématique, chyleuse."},{"text":"Toujours bilatérale.","isCorrect":false,"justification":"Généralement unilatérale."},{"text":"Peut être sèche sans liquide.","isCorrect":true},{"text":"Provoque une douleur pleurale.","isCorrect":true}]$$::jsonb, $$Pleurésie = inflammation pleurale ± liquide ± douleur.$$, 0, '2025-11-02T17:52:06.170Z');
INSERT INTO "Question" (id, "chapterId", "questionText", options, explanation, "orderIndex", "createdAt") VALUES ('cmhi0dee3017sk498h6hq9ey5', 'cmhi0dee0017ok498e0czuwjs', $$Pleurésie sèche$$, $$[{"text":"Correspond à un épanchement massif.","isCorrect":false},{"text":"Ne provoque jamais de douleur.","isCorrect":false},{"text":"S’accompagne d’un frottement pleural audible.","isCorrect":false,"justification":"Faux ici, frottement rare."},{"text":"Nécessite toujours un drainage.","isCorrect":false},{"text":"Est une urgence vitale.","isCorrect":false}]$$::jsonb, $$Ici, aucune proposition n’est vraie → piège de reconnaissance clinique.$$, 1, '2025-11-02T17:52:06.172Z');
INSERT INTO "Question" (id, "chapterId", "questionText", options, explanation, "orderIndex", "createdAt") VALUES ('cmhi0dee6017uk498kibvstry', 'cmhi0dee0017ok498e0czuwjs', $$Pleurésie liquidienne$$, $$[{"text":"S’accompagne d’une matité déclive.","isCorrect":true},{"text":"Abolition du murmure vésiculaire.","isCorrect":true},{"text":"Souvent dyspnée proportionnelle au volume.","isCorrect":true},{"text":"Cyanose constante.","isCorrect":false,"justification":"Non systématique."},{"text":"Déviation trachéale vers le côté atteint.","isCorrect":false,"justification":"Vers le côté sain."}]$$::jsonb, $$Liquide pleural = matité + abolition MV + dyspnée.$$, 2, '2025-11-02T17:52:06.174Z');
INSERT INTO "Question" (id, "chapterId", "questionText", options, explanation, "orderIndex", "createdAt") VALUES ('cmhi0dee8017wk4989bw09bmi', 'cmhi0dee0017ok498e0czuwjs', $$Signes physiques typiques$$, $$[{"text":"Matité basithoracique.","isCorrect":true},{"text":"Diminution FVT et MV.","isCorrect":true},{"text":"Frottement pleural audible.","isCorrect":true},{"text":"Hypersonorité.","isCorrect":false,"justification":"Pneumothorax."},{"text":"Souffle pleurétique sus-jacent.","isCorrect":true}]$$::jsonb, $$Physique = matité, FVT↓, souffle sus-jacent.$$, 3, '2025-11-02T17:52:06.176Z');
INSERT INTO "Question" (id, "chapterId", "questionText", options, explanation, "orderIndex", "createdAt") VALUES ('cmhi0deea017yk498c6es018x', 'cmhi0dee0017ok498e0czuwjs', $$Pleurésie purulente (empyème)$$, $$[{"text":"Liquide stérile.","isCorrect":false,"justification":"Infecté."},{"text":"Fièvre et altération de l’état général.","isCorrect":true},{"text":"Liquide visqueux et trouble.","isCorrect":true},{"text":"Culture bactérienne positive.","isCorrect":true},{"text":"Nécessite un drainage prolongé.","isCorrect":true}]$$::jsonb, $$Empyème = infection pleurale → drainage urgent.$$, 4, '2025-11-02T17:52:06.178Z');
INSERT INTO "Question" (id, "chapterId", "questionText", options, explanation, "orderIndex", "createdAt") VALUES ('cmhi0deeb0180k498fycz3tso', 'cmhi0dee0017ok498e0czuwjs', $$Pleurésie hématique$$, $$[{"text":"Liquide rouge non coagulable.","isCorrect":true},{"text":"Peut survenir après traumatisme.","isCorrect":true},{"text":"Se voit dans les néoplasies.","isCorrect":true},{"text":"Est bénigne.","isCorrect":false,"justification":"Potentiellement grave."},{"text":"Nécessite exploration étiologique.","isCorrect":true}]$$::jsonb, $$Sang pleural = traumatique ou tumoral → rechercher cause.$$, 5, '2025-11-02T17:52:06.180Z');
INSERT INTO "Question" (id, "chapterId", "questionText", options, explanation, "orderIndex", "createdAt") VALUES ('cmhi0deed0182k498elz4561j', 'cmhi0dee0017ok498e0czuwjs', $$Pleurésie chyleuse$$, $$[{"text":"Liquide lactescent, riche en triglycérides.","isCorrect":true},{"text":"Due à rupture du canal thoracique.","isCorrect":true},{"text":"Peut suivre une chirurgie thoracique.","isCorrect":true},{"text":"Nécessite ponction diagnostique.","isCorrect":true},{"text":"Toujours infectieuse.","isCorrect":false,"justification":"Mécanique."}]$$::jsonb, $$Chyleuse = aspect lactescent, TG↑, cause mécanique.$$, 6, '2025-11-02T17:52:06.181Z');
INSERT INTO "Question" (id, "chapterId", "questionText", options, explanation, "orderIndex", "createdAt") VALUES ('cmhi0deee0184k498o6sino07', 'cmhi0dee0017ok498e0czuwjs', $$Pleurésie tuberculeuse$$, $$[{"text":"Début aigu et bruyant.","isCorrect":false,"justification":"Insidieux."},{"text":"Fièvre modérée, AEG, toux sèche.","isCorrect":true},{"text":"Liquide citrin, riche en lymphocytes.","isCorrect":true},{"text":"ADA élevée.","isCorrect":true},{"text":"BK toujours retrouvé.","isCorrect":false,"justification":"Parfois négatif."}]$$::jsonb, $$TBC = exsudat lymphocytaire avec ADA↑.$$, 7, '2025-11-02T17:52:06.183Z');
INSERT INTO "Question" (id, "chapterId", "questionText", options, explanation, "orderIndex", "createdAt") VALUES ('cmhi0deeg0186k498o9k9vlwt', 'cmhi0dee0017ok498e0czuwjs', $$Pleurésie néoplasique$$, $$[{"text":"Épanchement récidivant.","isCorrect":true},{"text":"Cytologie positive pour cellules tumorales.","isCorrect":true},{"text":"Liquide hématique ou citrin.","isCorrect":true},{"text":"Souvent asymptomatique.","isCorrect":true},{"text":"Se guérit spontanément.","isCorrect":false,"justification":"Récidive fréquente."}]$$::jsonb, $$Néoplasique = exsudat tumoral, récidivant, diagnostic cytologique.$$, 8, '2025-11-02T17:52:06.184Z');
INSERT INTO "Question" (id, "chapterId", "questionText", options, explanation, "orderIndex", "createdAt") VALUES ('cmhi0deei0188k498kizluvr6', 'cmhi0dee0017ok498e0czuwjs', $$Pleurésie parasitaire$$, $$[{"text":"Très fréquente dans le monde.","isCorrect":false,"justification":"Exceptionnelle."},{"text":"Toujours bilatérale.","isCorrect":false},{"text":"Liquide purulent et hémorragique.","isCorrect":false,"justification":"Inconstant."},{"text":"Diagnostic sur antigène viral.","isCorrect":false,"justification":"Parasitologique."},{"text":"Guérison spontanée.","isCorrect":false}]$$::jsonb, $$Aucun item vrai → piège pour repérer les réponses impossibles.$$, 9, '2025-11-02T17:52:06.186Z');
INSERT INTO "Question" (id, "chapterId", "questionText", options, explanation, "orderIndex", "createdAt") VALUES ('cmhi0deel018ck498d7nwt2ak', 'cmhi0dee0017ok498e0czuwjs', $$Analyse du liquide pleural$$, $$[{"text":"Protéines, LDH, pH, cytologie.","isCorrect":true},{"text":"ADA pour suspicion tuberculeuse.","isCorrect":true},{"text":"Amylase si cause pancréatique.","isCorrect":true},{"text":"Hémoculture toujours positive.","isCorrect":false,"justification":"Rare."},{"text":"pH < 7,2 → empyème.","isCorrect":true}]$$::jsonb, $$Analyse biochimique = clé du diagnostic étiologique.$$, 11, '2025-11-02T17:52:06.189Z');
INSERT INTO "Question" (id, "chapterId", "questionText", options, explanation, "orderIndex", "createdAt") VALUES ('cmhi0deem018ek498ocvmchj4', 'cmhi0dee0017ok498e0czuwjs', $$Radiographie thoracique$$, $$[{"text":"Opacité déclive homogène.","isCorrect":true},{"text":"Ligne concave de Damoiseau.","isCorrect":true},{"text":"Disparition du cul-de-sac costo-diaphragmatique.","isCorrect":true},{"text":"Hyperclarté localisée.","isCorrect":false,"justification":"Pneumothorax."},{"text":"Refoulement médiastinal vers le côté sain.","isCorrect":true}]$$::jsonb, $$Rx = opacité déclive + refoulement médiastinal.$$, 12, '2025-11-02T17:52:06.191Z');
INSERT INTO "Question" (id, "chapterId", "questionText", options, explanation, "orderIndex", "createdAt") VALUES ('cmhi0deep018gk4983kok2wrq', 'cmhi0dee0017ok498e0czuwjs', $$Échographie pleurale$$, $$[{"text":"Détecte de faibles volumes de liquide.","isCorrect":true},{"text":"Distingue épanchement libre et cloisonné.","isCorrect":true},{"text":"Permet le guidage de la ponction.","isCorrect":true},{"text":"Non réalisable en urgence.","isCorrect":false,"justification":"Très utile en urgence."},{"text":"Sans irradiation.","isCorrect":true}]$$::jsonb, $$Écho = outil non invasif, diagnostic + guidage.$$, 13, '2025-11-02T17:52:06.193Z');
INSERT INTO "Question" (id, "chapterId", "questionText", options, explanation, "orderIndex", "createdAt") VALUES ('cmhi0deer018ik4983km67nh9', 'cmhi0dee0017ok498e0czuwjs', $$Ponction pleurale$$, $$[{"text":"Toujours contre-indiquée.","isCorrect":false,"justification":"Indiquée sauf trouble coagulation."},{"text":"Réalisée sous échoguidage.","isCorrect":true},{"text":"Analyse cytologique, chimique et microbio.","isCorrect":true},{"text":"Pratiquée en inspiration forcée.","isCorrect":false,"justification":"En apnée douce."},{"text":"Asepsie stricte obligatoire.","isCorrect":true}]$$::jsonb, $$Ponction = diagnostic + thérapeutique.$$, 14, '2025-11-02T17:52:06.195Z');
INSERT INTO "Question" (id, "chapterId", "questionText", options, explanation, "orderIndex", "createdAt") VALUES ('cmhi0dees018kk498o0nnw591', 'cmhi0dee0017ok498e0czuwjs', $$Traitement$$, $$[{"text":"Dépend de la cause.","isCorrect":true},{"text":"Drainage pour liquide purulent ou abondant.","isCorrect":true},{"text":"Antibiotiques systématiques.","isCorrect":false,"justification":"Seulement infectieuse."},{"text":"Corticoïdes pour pleurésies sèches douloureuses.","isCorrect":true},{"text":"Ponction répétée pour soulagement.","isCorrect":true}]$$::jsonb, $$Traitement = drainage, antibiotiques ciblés, corticoïdes.$$, 15, '2025-11-02T17:52:06.197Z');
INSERT INTO "Question" (id, "chapterId", "questionText", options, explanation, "orderIndex", "createdAt") VALUES ('cmhi0deeu018mk498ur8atyol', 'cmhi0dee0017ok498e0czuwjs', $$Complications$$, $$[{"text":"Encapsulation pleurale.","isCorrect":true},{"text":"Empyème chronique.","isCorrect":true},{"text":"Atélectasie pulmonaire.","isCorrect":true},{"text":"Épanchement péricardique associé.","isCorrect":true},{"text":"Métastases pleurales.","isCorrect":true}]$$::jsonb, $$5 justes → complications mécaniques et infectieuses.$$, 16, '2025-11-02T17:52:06.198Z');
INSERT INTO "Question" (id, "chapterId", "questionText", options, explanation, "orderIndex", "createdAt") VALUES ('cmhi0deev018ok498jaijkk0r', 'cmhi0dee0017ok498e0czuwjs', $$Pleurésie maligne$$, $$[{"text":"Due à cancer bronchique ou mammaire.","isCorrect":true},{"text":"Liquide récidivant.","isCorrect":true},{"text":"Cytologie positive.","isCorrect":true},{"text":"Drainage souvent inefficace.","isCorrect":true},{"text":"Pleurodèse utile pour prévention.","isCorrect":true}]$$::jsonb, $$Pleurésie maligne = récidive → pleurodèse thérapeutique.$$, 17, '2025-11-02T17:52:06.200Z');
INSERT INTO "Question" (id, "chapterId", "questionText", options, explanation, "orderIndex", "createdAt") VALUES ('cmhi0deex018qk498x0gv7bb0', 'cmhi0dee0017ok498e0czuwjs', $$Pleurésie virale (0 juste)$$, $$[{"text":"Liquide purulent.","isCorrect":false},{"text":"ADA > 40 U/L.","isCorrect":false},{"text":"Lymphocytes > 80 %.","isCorrect":false,"justification":"Ne dépasse pas 50 %."},{"text":"Evolution sévère avec séquelles.","isCorrect":false,"justification":"Bénigne."},{"text":"Drainage systématique.","isCorrect":false}]$$::jsonb, $$Aucun item juste → piège différentiel viral bénin.$$, 18, '2025-11-02T17:52:06.201Z');
INSERT INTO "Question" (id, "chapterId", "questionText", options, explanation, "orderIndex", "createdAt") VALUES ('cmhi0deey018sk498iz406nva', 'cmhi0dee0017ok498e0czuwjs', $$Synthèse$$, $$[{"text":"Pleurésie = inflammation pleurale avec liquide.","isCorrect":true},{"text":"Diagnostic : Rx, écho, ponction.","isCorrect":true},{"text":"Exsudat ↔ Transsudat par critères de Light.","isCorrect":true},{"text":"Traitement = drainage systématique.","isCorrect":false,"justification":"Selon cause."},{"text":"Étiologies : cardiaque, tumorale, infectieuse, TBC.","isCorrect":true}]$$::jsonb, $$Pleurésie = diagnostic pluridimensionnel → traitement causal.$$, 19, '2025-11-02T17:52:06.203Z');
INSERT INTO "Subject" (id, title, description, semester, tags, "totalQCM", "createdAt", views) VALUES ('cmhi0c73200004dg67jqmn6q5', $$Parasitologie$$, $$Étude des parasites et des maladies parasitaires$$, 'DCEM1', ARRAY[$$DCEM1$$, $$Parasitologie$$, $$Médecine$$]::text[], 225, '2025-11-02T17:51:10.047Z', 0);
INSERT INTO "Chapter" (id, "subjectId", title, description, "orderIndex", "pdfUrl", "createdAt") VALUES ('cmhi0c74500024dg60wt7mya4', 'cmhi0c73200004dg67jqmn6q5', $$Chapitre 1 — Amibiase (Entamoeba histolytica)$$, NULL, 1, NULL, '2025-11-02T17:51:10.085Z');
INSERT INTO "Question" (id, "chapterId", "questionText", options, explanation, "orderIndex", "createdAt") VALUES ('cmhi0c74a00044dg6xjfpsvb6', 'cmhi0c74500024dg60wt7mya4', $$Définition$$, $$[{"text":"Infection intestinale due à Entamoeba histolytica.","isCorrect":true},{"text":"Se transmet par piqûre d’insecte.","isCorrect":false,"justification":"Transmission féco-orale, pas vectorielle."},{"text":"Peut rester asymptomatique.","isCorrect":true},{"text":"Toujours associée à un abcès hépatique.","isCorrect":false,"justification":"La forme intestinale est la plus fréquente."},{"text":"Causée par un ver intestinal.","isCorrect":false,"justification":"Protozoaire, non helminthique."}]$$::jsonb, $$L’amibiase est une protozoose intestinale féco-orale, souvent asymptomatique.$$, 0, '2025-11-02T17:51:10.091Z');
INSERT INTO "Question" (id, "chapterId", "questionText", options, explanation, "orderIndex", "createdAt") VALUES ('cmhi0c74h00064dg65qslbabt', 'cmhi0c74500024dg60wt7mya4', $$Agent pathogène$$, $$[{"text":"Entamoeba histolytica est pathogène pour l’homme.","isCorrect":true},{"text":"Entamoeba dispar est pathogène.","isCorrect":false,"justification":"Espèce non pathogène."},{"text":"Se multiplie par division binaire.","isCorrect":true},{"text":"Possède un cycle sexué.","isCorrect":false,"justification":"Multiplication asexuée uniquement."},{"text":"Vit dans l’intestin grêle.","isCorrect":false,"justification":"Dans le côlon."}]$$::jsonb, $$Seule E. histolytica est pathogène, cycle asexué dans le côlon.$$, 1, '2025-11-02T17:51:10.097Z');
INSERT INTO "Question" (id, "chapterId", "questionText", options, explanation, "orderIndex", "createdAt") VALUES ('cmhi0c74k00084dg6ce5arb55', 'cmhi0c74500024dg60wt7mya4', $$Formes parasitaires$$, $$[{"text":"Kyste : forme de résistance et d’infestation.","isCorrect":true},{"text":"Trophozoïte : forme mobile et pathogène.","isCorrect":true},{"text":"Le kyste ne contient qu’un noyau.","isCorrect":false,"justification":"4 noyaux dans le kyste mûr."},{"text":"Le trophozoïte est résistant à la dessiccation.","isCorrect":false,"justification":"Très fragile."},{"text":"Le kyste survit dans l’eau plusieurs jours.","isCorrect":true}]$$::jsonb, $$kyste = forme infestante et résistante ; trophozoïte = forme mobile pathogène.$$, 2, '2025-11-02T17:51:10.100Z');
INSERT INTO "Question" (id, "chapterId", "questionText", options, explanation, "orderIndex", "createdAt") VALUES ('cmhi0c74n000a4dg65dby5lm3', 'cmhi0c74500024dg60wt7mya4', $$Cycle parasitaire$$, $$[{"text":"L’homme est l’unique hôte.","isCorrect":true},{"text":"Le kyste est la forme infestante.","isCorrect":true},{"text":"Contamination par voie féco-orale.","isCorrect":true},{"text":"Multiplication sexuée dans le foie.","isCorrect":false,"justification":"Multiplication asexuée dans le côlon."},{"text":"Libération des trophozoïtes dans l’estomac.","isCorrect":false,"justification":"Excystation dans le grêle."}]$$::jsonb, $$cycle monoxène humain, contamination féco-orale, kyste infestant.$$, 3, '2025-11-02T17:51:10.103Z');
INSERT INTO "Question" (id, "chapterId", "questionText", options, explanation, "orderIndex", "createdAt") VALUES ('cmhi0c74q000c4dg66ztajs63', 'cmhi0c74500024dg60wt7mya4', $$Épidémiologie$$, $$[{"text":"Fréquence élevée en zones tropicales.","isCorrect":true},{"text":"Transmission interhumaine directe par trophozoïtes.","isCorrect":false,"justification":"Par kystes dans selles."},{"text":"Facteurs favorisants : promiscuité et mauvaise hygiène.","isCorrect":true},{"text":"L’animal est le principal réservoir.","isCorrect":false,"justification":"Réservoir humain."},{"text":"L’eau non traitée est un vecteur majeur.","isCorrect":true}]$$::jsonb, $$réservoir humain, transmission féco-orale, favorisée par l’hygiène précaire.$$, 4, '2025-11-02T17:51:10.106Z');
INSERT INTO "Question" (id, "chapterId", "questionText", options, explanation, "orderIndex", "createdAt") VALUES ('cmhi0c74t000e4dg6rtl5nynm', 'cmhi0c74500024dg60wt7mya4', $$Pathogénie$$, $$[{"text":"Libération de toxines nécrosantes.","isCorrect":true},{"text":"Invasion de la muqueuse colique.","isCorrect":true},{"text":"Lésions superficielles non hémorragiques.","isCorrect":false,"justification":"Ulcères profonds, hémorragiques."},{"text":"Extension possible au foie par voie porte.","isCorrect":true},{"text":"Réponse inflammatoire absente.","isCorrect":false,"justification":"Présente et importante."}]$$::jsonb, $$destruction tissulaire colique, extension hépatique possible.$$, 5, '2025-11-02T17:51:10.109Z');
INSERT INTO "Question" (id, "chapterId", "questionText", options, explanation, "orderIndex", "createdAt") VALUES ('cmhi0c74w000g4dg63ilhg54c', 'cmhi0c74500024dg60wt7mya4', $$Forme intestinale$$, $$[{"text":"Diarrhée glairo-sanglante typique.","isCorrect":true},{"text":"Douleurs abdominales diffuses.","isCorrect":true},{"text":"Fièvre constante et élevée.","isCorrect":false,"justification":"Fièvre souvent absente ou modérée."},{"text":"Peut se compliquer d’un mégacôlon toxique.","isCorrect":true},{"text":"Touche préférentiellement l’iléon.","isCorrect":false,"justification":"Côlon, surtout sigmoïde et rectum."}]$$::jsonb, $$forme colique = dysenterie amibienne, ulcères profonds du côlon.$$, 6, '2025-11-02T17:51:10.112Z');
INSERT INTO "Question" (id, "chapterId", "questionText", options, explanation, "orderIndex", "createdAt") VALUES ('cmhi0c74z000i4dg6fd6zmugh', 'cmhi0c74500024dg60wt7mya4', $$Forme hépatique (abcès amibien)$$, $$[{"text":"Résulte d’une dissémination hématogène.","isCorrect":true},{"text":"Douleur de l’hypocondre droit et fièvre.","isCorrect":true},{"text":"Localisation souvent unique au foie droit.","isCorrect":true},{"text":"Pus épais “chocolat”.","isCorrect":true},{"text":"Présence fréquente d’amibes dans le pus.","isCorrect":false,"justification":"Rare, souvent stérile."}]$$::jsonb, $$abcès hépatique unique, fiévreux, pus chocolat stérile.$$, 7, '2025-11-02T17:51:10.115Z');
INSERT INTO "Question" (id, "chapterId", "questionText", options, explanation, "orderIndex", "createdAt") VALUES ('cmhi0c751000k4dg6yd64j909', 'cmhi0c74500024dg60wt7mya4', $$Formes extra-hépatiques$$, $$[{"text":"Pulmonaire : par rupture diaphragmatique.","isCorrect":true},{"text":"Cérébrale : rare mais grave.","isCorrect":true},{"text":"Cutanée : autour de l’anus.","isCorrect":true},{"text":"Osseuse : forme fréquente.","isCorrect":false,"justification":"Exceptionnelle."},{"text":"Oculaire : par extension directe.","isCorrect":false,"justification":"Pas décrite."}]$$::jsonb, $$formes extra-intestinales rares, par extension hépatique secondaire.$$, 8, '2025-11-02T17:51:10.118Z');
INSERT INTO "Question" (id, "chapterId", "questionText", options, explanation, "orderIndex", "createdAt") VALUES ('cmhi0c754000m4dg6llmbv4bw', 'cmhi0c74500024dg60wt7mya4', $$Diagnostic biologique direct$$, $$[{"text":"EPS : recherche de trophozoïtes et kystes.","isCorrect":true},{"text":"Trophozoïte observable à température ambiante après 24 h.","isCorrect":false,"justification":"Doit être examiné immédiatement."},{"text":"Coloration au lugol ou MIF possible.","isCorrect":true},{"text":"PCR permet distinction E. histolytica / dispar.","isCorrect":true},{"text":"Culture obligatoire.","isCorrect":false,"justification":"Rarement réalisée."}]$$::jsonb, $$diagnostic direct = EPS + examen rapide + PCR spécifique.$$, 9, '2025-11-02T17:51:10.120Z');
INSERT INTO "Question" (id, "chapterId", "questionText", options, explanation, "orderIndex", "createdAt") VALUES ('cmhi0c756000o4dg6x6unazdd', 'cmhi0c74500024dg60wt7mya4', $$Diagnostic indirect$$, $$[{"text":"Sérologie utile dans l’amibiase hépatique.","isCorrect":true},{"text":"ELISA détecte les anticorps anti-amibiens.","isCorrect":true},{"text":"Sérologie positive signe toujours une infection active.","isCorrect":false,"justification":"Persiste après guérison."},{"text":"Pas d’intérêt dans la forme intestinale.","isCorrect":true},{"text":"Utilisée pour le suivi post-thérapeutique.","isCorrect":false,"justification":"Pas spécifique."}]$$::jsonb, $$sérologie utile pour forme hépatique, mais pas pour la colique.$$, 10, '2025-11-02T17:51:10.123Z');
INSERT INTO "Question" (id, "chapterId", "questionText", options, explanation, "orderIndex", "createdAt") VALUES ('cmhi0c758000q4dg60ih23xkm', 'cmhi0c74500024dg60wt7mya4', $$Diagnostic différentiel$$, $$[{"text":"Dysenterie bacillaire (Shigella).","isCorrect":true},{"text":"Colite à Clostridium difficile.","isCorrect":true},{"text":"Cancer colique.","isCorrect":true},{"text":"Giardiase.","isCorrect":false,"justification":"Diarrhée non sanglante."},{"text":"Salmonellose typhique.","isCorrect":true}]$$::jsonb, $$diagnostic différentiel multiple ; l’EPS oriente le diagnostic.$$, 11, '2025-11-02T17:51:10.125Z');
INSERT INTO "Question" (id, "chapterId", "questionText", options, explanation, "orderIndex", "createdAt") VALUES ('cmhi0c75a000s4dg6w2xyc9yg', 'cmhi0c74500024dg60wt7mya4', $$Traitement curatif$$, $$[{"text":"Métronidazole 7–10 jours.","isCorrect":true},{"text":"Tinidazole équivalent.","isCorrect":true},{"text":"Albendazole indiqué.","isCorrect":false,"justification":"Inefficace sur protozoaires."},{"text":"Diloxanide furoate après métronidazole.","isCorrect":true},{"text":"Corticoïdes indiqués en phase aiguë.","isCorrect":false,"justification":"Contre-indiqués."}]$$::jsonb, $$traitement = métronidazole + amoebicide de contact (diloxanide/paromomycine).$$, 12, '2025-11-02T17:51:10.127Z');
INSERT INTO "Question" (id, "chapterId", "questionText", options, explanation, "orderIndex", "createdAt") VALUES ('cmhi0c75c000u4dg6i7g21lia', 'cmhi0c74500024dg60wt7mya4', $$Traitement de l’abcès hépatique$$, $$[{"text":"Métronidazole seul guérit la plupart des cas.","isCorrect":true},{"text":"Ponction si abcès volumineux ou menaçant.","isCorrect":true},{"text":"Chirurgie toujours nécessaire.","isCorrect":false,"justification":"Rare, cas particuliers."},{"text":"Drainage échoguidé possible.","isCorrect":true},{"text":"Traitement identique à celui des abcès bactériens.","isCorrect":false,"justification":"Diffère par étiologie et antibiothérapie."}]$$::jsonb, $$traitement médical en première intention, drainage si échec ou volumineux.$$, 13, '2025-11-02T17:51:10.129Z');
INSERT INTO "Question" (id, "chapterId", "questionText", options, explanation, "orderIndex", "createdAt") VALUES ('cmhi0c75f000w4dg66mezv2uf', 'cmhi0c74500024dg60wt7mya4', $$Prévention$$, $$[{"text":"Hygiène des mains.","isCorrect":true},{"text":"Boire de l’eau bouillie.","isCorrect":true},{"text":"Lutte antivectorielle.","isCorrect":false,"justification":"Pas de vecteur."},{"text":"Traitement des porteurs sains.","isCorrect":true},{"text":"Vaccin efficace disponible.","isCorrect":false,"justification":"Aucun vaccin."}]$$::jsonb, $$hygiène + traitement du portage = meilleure prévention.$$, 14, '2025-11-02T17:51:10.131Z');
INSERT INTO "Question" (id, "chapterId", "questionText", options, explanation, "orderIndex", "createdAt") VALUES ('cmhi0c75h000y4dg64q7qw2qs', 'cmhi0c74500024dg60wt7mya4', $$Population à risque$$, $$[{"text":"Habitants de zones tropicales.","isCorrect":true},{"text":"Enfants en bas âge.","isCorrect":true},{"text":"Voyageurs.","isCorrect":true},{"text":"Animaux domestiques.","isCorrect":false,"justification":"Non concernés."},{"text":"Personnel de santé.","isCorrect":true}]$$::jsonb, $$risque élevé dans les zones endémiques et en voyage.$$, 15, '2025-11-02T17:51:10.134Z');
INSERT INTO "Question" (id, "chapterId", "questionText", options, explanation, "orderIndex", "createdAt") VALUES ('cmhi0c75k00104dg6xex9hsi6', 'cmhi0c74500024dg60wt7mya4', $$Complications$$, $$[{"text":"Mégacôlon toxique.","isCorrect":true},{"text":"Péritonite par perforation colique.","isCorrect":true},{"text":"Hémorragie digestive.","isCorrect":true},{"text":"Insuffisance rénale aiguë.","isCorrect":false,"justification":"Pas liée."},{"text":"Abcès cérébral.","isCorrect":true}]$$::jsonb, $$complications graves = perforation, hémorragie, abcès secondaires.$$, 16, '2025-11-02T17:51:10.137Z');
INSERT INTO "Question" (id, "chapterId", "questionText", options, explanation, "orderIndex", "createdAt") VALUES ('cmhi0c75n00124dg6vxvt88b0', 'cmhi0c74500024dg60wt7mya4', $$Particularités histologiques$$, $$[{"text":"Ulcères en “flacon”.","isCorrect":true},{"text":"Infiltrat inflammatoire riche en polynucléaires.","isCorrect":true},{"text":"Nécrose tissulaire par enzymes amibiennes.","isCorrect":true},{"text":"Trophozoïtes uniquement dans la lumière colique.","isCorrect":false,"justification":"Aussi dans la paroi."},{"text":"Atteinte superficielle limitée.","isCorrect":false,"justification":"Ulcères profonds."}]$$::jsonb, $$ulcères typiques en flacon, destruction tissulaire profonde.$$, 17, '2025-11-02T17:51:10.139Z');
INSERT INTO "Question" (id, "chapterId", "questionText", options, explanation, "orderIndex", "createdAt") VALUES ('cmhi0c75p00144dg67qjpzlse', 'cmhi0c74500024dg60wt7mya4', $$Diagnostic radiologique$$, $$[{"text":"Échographie utile pour l’abcès hépatique.","isCorrect":true},{"text":"Scanner abdomino-pelvien localise les abcès multiples.","isCorrect":true},{"text":"Radiographie thoracique pour rupture diaphragmatique.","isCorrect":true},{"text":"IRM inutilisable.","isCorrect":false,"justification":"Utile si doute lésionnel."},{"text":"Radiologie colique montre ulcères superficiels.","isCorrect":false,"justification":"Ulcères profonds."}]$$::jsonb, $$imagerie utile pour localiser les abcès et complications extra-intestinales.$$, 18, '2025-11-02T17:51:10.141Z');
INSERT INTO "Question" (id, "chapterId", "questionText", options, explanation, "orderIndex", "createdAt") VALUES ('cmhi0c75r00164dg6ytfrefsi', 'cmhi0c74500024dg60wt7mya4', $$Points clés à retenir$$, $$[{"text":"E. histolytica = protozoaire pathogène du côlon.","isCorrect":true},{"text":"Transmission féco-orale par kystes.","isCorrect":true},{"text":"Diagnostic par EPS et sérologie.","isCorrect":true},{"text":"Traitement : métronidazole + amoebicide de contact.","isCorrect":true},{"text":"Prévention : vaccin obligatoire.","isCorrect":false,"justification":"Aucun vaccin."}]$$::jsonb, $$amibiase = parasitose intestinale fréquente, potentiellement grave mais évitable.$$, 19, '2025-11-02T17:51:10.144Z');
INSERT INTO "Chapter" (id, "subjectId", title, description, "orderIndex", "pdfUrl", "createdAt") VALUES ('cmhi0c75v00184dg6m8c2iy5h', 'cmhi0c73200004dg67jqmn6q5', $$Chapitre 10 — Douves et Distomatoses (Fasciolose, Clonorchiase, Dicrocœliose)$$, NULL, 2, NULL, '2025-11-02T17:51:10.147Z');
INSERT INTO "Question" (id, "chapterId", "questionText", options, explanation, "orderIndex", "createdAt") VALUES ('cmhi0c75z001a4dg6eyi8t58y', 'cmhi0c75v00184dg6m8c2iy5h', $$Généralités$$, $$[{"text":"Les douves sont des nématodes.","isCorrect":false,"justification":"Ce sont des trématodes."},{"text":"Leur forme adulte vit dans les voies biliaires.","isCorrect":true},{"text":"Le cycle fait intervenir un mollusque aquatique.","isCorrect":true},{"text":"Transmission par piqûre d’insecte.","isCorrect":false,"justification":"Ingestion d’aliments contaminés."},{"text":"L’homme est hôte définitif possible.","isCorrect":true}]$$::jsonb, $$trématodes à cycle complexe, hôte définitif humain, mollusque intermédiaire.$$, 0, '2025-11-02T17:51:10.151Z');
INSERT INTO "Question" (id, "chapterId", "questionText", options, explanation, "orderIndex", "createdAt") VALUES ('cmhi0c761001c4dg60ts8v4fp', 'cmhi0c75v00184dg6m8c2iy5h', $$Espèces principales$$, $$[{"text":"Fasciola hepatica : cosmopolite, parasite du foie.","isCorrect":true},{"text":"Clonorchis sinensis : Asie de l’Est.","isCorrect":true},{"text":"Dicrocoelium dendriticum : parasite intestinal.","isCorrect":false,"justification":"Parasite biliaire."},{"text":"Schistosoma haematobium.","isCorrect":false,"justification":"Autre genre."},{"text":"Fasciola gigantica : espèce tropicale.","isCorrect":true}]$$::jsonb, $$trois genres principaux : Fasciola, Clonorchis, Dicrocoelium.$$, 1, '2025-11-02T17:51:10.154Z');
INSERT INTO "Question" (id, "chapterId", "questionText", options, explanation, "orderIndex", "createdAt") VALUES ('cmhi0c763001e4dg68ml3mobo', 'cmhi0c75v00184dg6m8c2iy5h', $$Cycle de Fasciola hepatica$$, $$[{"text":"Hôte intermédiaire : escargot d’eau douce.","isCorrect":true},{"text":"Contamination par ingestion de végétaux crus.","isCorrect":true},{"text":"Migration : intestin → foie → voies biliaires.","isCorrect":true},{"text":"Reproduction sexuée dans le mollusque.","isCorrect":false,"justification":"Multiplication asexuée."},{"text":"Œufs émis par voie urinaire.","isCorrect":false,"justification":"Par voie fécale."}]$$::jsonb, $$cycle complexe aquatique, contamination alimentaire.$$, 2, '2025-11-02T17:51:10.156Z');
INSERT INTO "Question" (id, "chapterId", "questionText", options, explanation, "orderIndex", "createdAt") VALUES ('cmhi0c766001g4dg6kcaca95u', 'cmhi0c75v00184dg6m8c2iy5h', $$Fasciolose : phase hépatique$$, $$[{"text":"Fièvre et douleurs de l’hypocondre droit.","isCorrect":true},{"text":"Hépatomégalie.","isCorrect":true},{"text":"Éosinophilie majeure.","isCorrect":true},{"text":"Ictère constant.","isCorrect":false,"justification":"Inconstant."},{"text":"Œufs visibles dans les selles dès le 3ᵉ jour.","isCorrect":false,"justification":"Après maturation dans voies biliaires."}]$$::jsonb, $$phase hépatique migratoire fébrile et éosinophile.$$, 3, '2025-11-02T17:51:10.158Z');
INSERT INTO "Question" (id, "chapterId", "questionText", options, explanation, "orderIndex", "createdAt") VALUES ('cmhi0c768001i4dg6viwprsgs', 'cmhi0c75v00184dg6m8c2iy5h', $$Fasciolose : phase chronique$$, $$[{"text":"Parasites adultes dans les canaux biliaires.","isCorrect":true},{"text":"Coliques hépatiques et ictères intermittents.","isCorrect":true},{"text":"Fibrose portale et cholangite.","isCorrect":true},{"text":"Calcifications pulmonaires.","isCorrect":false,"justification":"Non."},{"text":"","isCorrect":false}]$$::jsonb, $$atteinte biliaire chronique avec troubles hépatiques.$$, 4, '2025-11-02T17:51:10.160Z');
INSERT INTO "Question" (id, "chapterId", "questionText", options, explanation, "orderIndex", "createdAt") VALUES ('cmhi0c76a001k4dg6o3m8wfln', 'cmhi0c75v00184dg6m8c2iy5h', $$Diagnostic de la fasciolose$$, $$[{"text":"Mise en évidence d’œufs dans les selles.","isCorrect":true},{"text":"Sérologie utile en phase prépatente.","isCorrect":true},{"text":"Échographie : images de tunnels hépatiques.","isCorrect":true},{"text":"PCR spécifique possible.","isCorrect":true},{"text":"Culture sur gélose sang.","isCorrect":false}]$$::jsonb, $$diagnostic biologique direct ou sérologique selon le stade.$$, 5, '2025-11-02T17:51:10.162Z');
INSERT INTO "Question" (id, "chapterId", "questionText", options, explanation, "orderIndex", "createdAt") VALUES ('cmhi0c76c001m4dg6lh2ecj44', 'cmhi0c75v00184dg6m8c2iy5h', $$Traitement de la fasciolose$$, $$[{"text":"Triclabendazole = traitement de choix.","isCorrect":true},{"text":"Praziquantel efficace.","isCorrect":false,"justification":"Inefficace sur Fasciola."},{"text":"","isCorrect":false},{"text":"Réhydratation utile.","isCorrect":true},{"text":"Corticoïdes systématiques.","isCorrect":false,"justification":"Non nécessaires."}]$$::jsonb, $$traitement spécifique = triclabendazole, surveillance hépatique.$$, 6, '2025-11-02T17:51:10.165Z');
INSERT INTO "Question" (id, "chapterId", "questionText", options, explanation, "orderIndex", "createdAt") VALUES ('cmhi0c76f001o4dg6l15an0v9', 'cmhi0c75v00184dg6m8c2iy5h', $$Clonorchiase (Clonorchis sinensis)$$, $$[{"text":"Endémique en Asie (Chine, Corée, Vietnam).","isCorrect":true},{"text":"Transmission par poissons crus.","isCorrect":true},{"text":"Parasite du duodénum.","isCorrect":false,"justification":"Voies biliaires."},{"text":"Risque de cholangiocarcinome.","isCorrect":true},{"text":"Traitement : praziquantel.","isCorrect":true}]$$::jsonb, $$clonorchiase = trématodose biliaire liée à consommation de poisson cru.$$, 7, '2025-11-02T17:51:10.168Z');
INSERT INTO "Question" (id, "chapterId", "questionText", options, explanation, "orderIndex", "createdAt") VALUES ('cmhi0c76h001q4dg6jmrr8896', 'cmhi0c75v00184dg6m8c2iy5h', $$Dicrocœliose$$, $$[{"text":"Transmission par ingestion de fourmis infectées.","isCorrect":true},{"text":"Cycle terrestre avec deux hôtes intermédiaires.","isCorrect":true},{"text":"Atteinte biliaire discrète.","isCorrect":true},{"text":"Diagnostic : œufs dans les urines.","isCorrect":false,"justification":"Dans les selles."},{"text":"Traitement : praziquantel.","isCorrect":true}]$$::jsonb, $$dicrocœliose = trématodose bénigne des voies biliaires, cycle terrestre original.$$, 8, '2025-11-02T17:51:10.170Z');
INSERT INTO "Question" (id, "chapterId", "questionText", options, explanation, "orderIndex", "createdAt") VALUES ('cmhi0c76j001s4dg6nzx3tdyq', 'cmhi0c75v00184dg6m8c2iy5h', $$Points clés$$, $$[{"text":"Trématodes biliaires à cycle complexe.","isCorrect":true},{"text":"Transmission alimentaire (végétaux ou poissons crus).","isCorrect":true},{"text":"Atteinte hépatobiliaire chronique.","isCorrect":true},{"text":"Traitement : triclabendazole ou praziquantel selon l’espèce.","isCorrect":true},{"text":"Vaccin efficace disponible.","isCorrect":false}]$$::jsonb, $$distomatoses = trématodoses biliaires, diagnostic par œufs, prévention alimentaire.$$, 9, '2025-11-02T17:51:10.171Z');
INSERT INTO "Chapter" (id, "subjectId", title, description, "orderIndex", "pdfUrl", "createdAt") VALUES ('cmhi0c76m001u4dg6zutgm3d4', 'cmhi0c73200004dg67jqmn6q5', $$Chapitre 11 — Téniasis et Cysticercose (Taenia spp.)$$, NULL, 3, NULL, '2025-11-02T17:51:10.175Z');
INSERT INTO "Question" (id, "chapterId", "questionText", options, explanation, "orderIndex", "createdAt") VALUES ('cmhi0c76o001w4dg6hvmm0slx', 'cmhi0c76m001u4dg6zutgm3d4', $$Généralités$$, $$[{"text":"Taenia saginata et Taenia solium sont des protozoaires.","isCorrect":false,"justification":"Ce sont des cestodes."},{"text":"Ce sont des vers plats segmentés (strobiles).","isCorrect":true},{"text":"L’homme héberge la forme adulte dans l’intestin.","isCorrect":true},{"text":"Les larves se développent dans les muscles des animaux.","isCorrect":true},{"text":"L’infection humaine est toujours mortelle.","isCorrect":false,"justification":"Généralement bénigne."}]$$::jsonb, $$téniasis = infestation intestinale par cestodes du bœuf ou du porc.$$, 0, '2025-11-02T17:51:10.177Z');
INSERT INTO "Question" (id, "chapterId", "questionText", options, explanation, "orderIndex", "createdAt") VALUES ('cmhi0c76q001y4dg6chyq3ea7', 'cmhi0c76m001u4dg6zutgm3d4', $$Agents et répartition$$, $$[{"text":"T. solium : hôte intermédiaire = bœuf.","isCorrect":false,"justification":"Porc."},{"text":"T. saginata : hôte intermédiaire = bœuf.","isCorrect":true},{"text":"T. solium : risque de cysticercose humaine.","isCorrect":true},{"text":"T. asiatica : Asie du Sud-Est.","isCorrect":true},{"text":"T. saginata provoque des larves chez l’homme.","isCorrect":false,"justification":"Non, seulement adulte."}]$$::jsonb, $$solium = porc → risque larvaire ; saginata = bœuf → téniasis simple.$$, 1, '2025-11-02T17:51:10.179Z');
INSERT INTO "Question" (id, "chapterId", "questionText", options, explanation, "orderIndex", "createdAt") VALUES ('cmhi0c76s00204dg6s3asc3dd', 'cmhi0c76m001u4dg6zutgm3d4', $$Cycle de Taenia$$, $$[{"text":"Transmission par piqûre d’insecte.","isCorrect":false,"justification":"Ingestion de viande crue."},{"text":"Œufs libérés dans les selles humaines.","isCorrect":true},{"text":"Larves (cysticerques) dans les muscles animaux.","isCorrect":true},{"text":"Contamination humaine par viande crue ou peu cuite.","isCorrect":true},{"text":"Hôte intermédiaire : escargot.","isCorrect":false}]$$::jsonb, $$cycle indirect homme ↔ animal herbivore via ingestion de viande contaminée.$$, 2, '2025-11-02T17:51:10.181Z');
INSERT INTO "Question" (id, "chapterId", "questionText", options, explanation, "orderIndex", "createdAt") VALUES ('cmhi0c76u00224dg62t92l9bs', 'cmhi0c76m001u4dg6zutgm3d4', $$Téniasis intestinal$$, $$[{"text":"Douleurs abdominales diffuses.","isCorrect":true},{"text":"Anémie sévère constante.","isCorrect":false,"justification":"Rare."},{"text":"Elimination spontanée de proglottis mobiles (saginata).","isCorrect":true},{"text":"Nausées et anorexie.","isCorrect":true},{"text":"Troubles neurologiques fréquents.","isCorrect":false,"justification":"Spécifiques à la cysticercose."}]$$::jsonb, $$infection intestinale bénigne : proglottis mobiles, gêne digestive.$$, 3, '2025-11-02T17:51:10.182Z');
INSERT INTO "Question" (id, "chapterId", "questionText", options, explanation, "orderIndex", "createdAt") VALUES ('cmhi0c76x00244dg6jnyfwwtp', 'cmhi0c76m001u4dg6zutgm3d4', $$Diagnostic du téniasis$$, $$[{"text":"Observation de proglottis dans les selles.","isCorrect":true},{"text":"Examen parasitologique des selles.","isCorrect":true},{"text":"Sérologie indispensable.","isCorrect":false,"justification":"Pas utile pour forme intestinale."},{"text":"PCR spécifique possible.","isCorrect":true},{"text":"Œufs différenciables morphologiquement entre solium et saginata.","isCorrect":false,"justification":"Identiques."}]$$::jsonb, $$diagnostic direct sur proglottis ; PCR pour différencier espèces.$$, 4, '2025-11-02T17:51:10.185Z');
INSERT INTO "Question" (id, "chapterId", "questionText", options, explanation, "orderIndex", "createdAt") VALUES ('cmhi0c76z00264dg6n05ulmqn', 'cmhi0c76m001u4dg6zutgm3d4', $$Traitement du téniasis$$, $$[{"text":"Praziquantel dose unique.","isCorrect":true},{"text":"Niclosamide possible.","isCorrect":true},{"text":"Métronidazole actif.","isCorrect":false,"justification":"Inactif sur cestodes."},{"text":"","isCorrect":false},{"text":"Contrôle des selles inutile.","isCorrect":false,"justification":"Vérification d’expulsion du scolex obligatoire."}]$$::jsonb, $$praziquantel/niclosamide efficaces, vérifier l’expulsion du scolex.$$, 5, '2025-11-02T17:51:10.187Z');
INSERT INTO "Question" (id, "chapterId", "questionText", options, explanation, "orderIndex", "createdAt") VALUES ('cmhi0c77000284dg6d1pmocw5', 'cmhi0c76m001u4dg6zutgm3d4', $$Cysticercose humaine$$, $$[{"text":"Provoquée par ingestion d’œufs de T. solium.","isCorrect":true},{"text":"Par ingestion de viande de porc crue.","isCorrect":false,"justification":"Donne téniasis, pas cysticercose."},{"text":"Atteinte possible du système nerveux.","isCorrect":true},{"text":"Forme oculaire grave.","isCorrect":true},{"text":"Transmission directe interhumaine possible.","isCorrect":true}]$$::jsonb, $$cysticercose = larves de T. solium dans tissus, surtout cerveau/œil.$$, 6, '2025-11-02T17:51:10.189Z');
INSERT INTO "Question" (id, "chapterId", "questionText", options, explanation, "orderIndex", "createdAt") VALUES ('cmhi0c772002a4dg6r8ckzjn8', 'cmhi0c76m001u4dg6zutgm3d4', $$Neuro-cysticercose$$, $$[{"text":"Crises d’épilepsie.","isCorrect":true},{"text":"Céphalées chroniques.","isCorrect":true},{"text":"Méningite purulente.","isCorrect":false,"justification":"Non bactérienne."},{"text":"Diagnostic par IRM cérébrale.","isCorrect":true},{"text":"Traitement par albendazole ± corticoïdes.","isCorrect":true}]$$::jsonb, $$neuro-cysticercose = épilepsie parasitaire, imagerie et albendazole.$$, 7, '2025-11-02T17:51:10.190Z');
INSERT INTO "Question" (id, "chapterId", "questionText", options, explanation, "orderIndex", "createdAt") VALUES ('cmhi0c774002c4dg6xh5pc3sc', 'cmhi0c76m001u4dg6zutgm3d4', $$Autres localisations$$, $$[{"text":"Musculaire (nodules sous-cutanés).","isCorrect":true},{"text":"Oculaire (baisse visuelle).","isCorrect":true},{"text":"Cardiaque.","isCorrect":true},{"text":"Rénale fréquente.","isCorrect":false,"justification":"Exceptionnelle."},{"text":"Cutanée unique au visage.","isCorrect":false,"justification":"Diffuse possible."}]$$::jsonb, $$formes multiples selon tissus infestés ; gravité neurologique surtout.$$, 8, '2025-11-02T17:51:10.192Z');
INSERT INTO "Question" (id, "chapterId", "questionText", options, explanation, "orderIndex", "createdAt") VALUES ('cmhi0c775002e4dg6lnx3a3tu', 'cmhi0c76m001u4dg6zutgm3d4', $$Diagnostic biologique de la cysticercose$$, $$[{"text":"Sérologie ELISA.","isCorrect":true},{"text":"Imagerie cérébrale (IRM/Scanner).","isCorrect":true},{"text":"PCR sur LCR.","isCorrect":true},{"text":"Biopsie musculaire inutile.","isCorrect":false,"justification":"Confirme parfois le diagnostic."},{"text":"Coproparasitologie suffisante.","isCorrect":false,"justification":"Négative dans cysticercose isolée."}]$$::jsonb, $$diagnostic par imagerie + sérologie spécifique.$$, 9, '2025-11-02T17:51:10.194Z');
INSERT INTO "Question" (id, "chapterId", "questionText", options, explanation, "orderIndex", "createdAt") VALUES ('cmhi0c777002g4dg61r593uz7', 'cmhi0c76m001u4dg6zutgm3d4', $$Traitement de la cysticercose$$, $$[{"text":"Albendazole ± corticoïdes.","isCorrect":true},{"text":"Praziquantel (haut dosage).","isCorrect":true},{"text":"Corticoïdes seuls.","isCorrect":false,"justification":"Toujours associés aux antiparasitaires."},{"text":"Chirurgie possible pour formes oculaires.","isCorrect":true},{"text":"Mébendazole supérieur.","isCorrect":false,"justification":"Moins actif."}]$$::jsonb, $$traitement antiparasitaire + anti-inflammatoire, chirurgie selon localisation.$$, 10, '2025-11-02T17:51:10.195Z');
INSERT INTO "Question" (id, "chapterId", "questionText", options, explanation, "orderIndex", "createdAt") VALUES ('cmhi0c779002i4dg69cus5nix', 'cmhi0c76m001u4dg6zutgm3d4', $$Prévention du téniasis$$, $$[{"text":"Cuisson complète de la viande.","isCorrect":true},{"text":"Inspection vétérinaire des carcasses.","isCorrect":true},{"text":"Hygiène des mains.","isCorrect":true},{"text":"Vaccin contre Taenia.","isCorrect":false},{"text":"Congélation efficace.","isCorrect":true}]$$::jsonb, $$prévention = cuisson, congélation, hygiène, contrôle vétérinaire.$$, 11, '2025-11-02T17:51:10.198Z');
INSERT INTO "Question" (id, "chapterId", "questionText", options, explanation, "orderIndex", "createdAt") VALUES ('cmhi0c77c002k4dg6ntxclp3v', 'cmhi0c76m001u4dg6zutgm3d4', $$Épidémiologie$$, $$[{"text":"Endémie dans les pays industrialisés.","isCorrect":false,"justification":"En régression."},{"text":"Prévalence élevée dans zones rurales pauvres.","isCorrect":true},{"text":"Transmission interhumaine par œufs.","isCorrect":true},{"text":"Liée à l’abattage clandestin.","isCorrect":true},{"text":"Réinfestation impossible.","isCorrect":false,"justification":"Possible."}]$$::jsonb, $$téniasis/cysticercose = maladie de la pauvreté et du manque d’hygiène.$$, 12, '2025-11-02T17:51:10.200Z');
INSERT INTO "Question" (id, "chapterId", "questionText", options, explanation, "orderIndex", "createdAt") VALUES ('cmhi0c77e002m4dg6z0cb1dam', 'cmhi0c76m001u4dg6zutgm3d4', $$Complications$$, $$[{"text":"Occlusion intestinale.","isCorrect":true},{"text":"Appendicite parasitaire.","isCorrect":true},{"text":"Perforation digestive.","isCorrect":true},{"text":"Choc anaphylactique.","isCorrect":false,"justification":"Exceptionnel."},{"text":"Hépatite aiguë.","isCorrect":false,"justification":"Non liée."}]$$::jsonb, $$complications mécaniques rares mais possibles avec infestations massives.$$, 13, '2025-11-02T17:51:10.203Z');
INSERT INTO "Question" (id, "chapterId", "questionText", options, explanation, "orderIndex", "createdAt") VALUES ('cmhi0c77g002o4dg6pqqckh81', 'cmhi0c76m001u4dg6zutgm3d4', $$Points clés$$, $$[{"text":"T. saginata → bœuf, pas de cysticercose humaine.","isCorrect":true},{"text":"T. solium → porc, cysticercose possible.","isCorrect":true},{"text":"Diagnostic = proglottis / œufs dans selles.","isCorrect":true},{"text":"Traitement = praziquantel ou niclosamide.","isCorrect":true},{"text":"Prévention = cuisson des viandes, hygiène stricte.","isCorrect":true}]$$::jsonb, $$téniasis = infestation intestinale bénigne ; cysticercose = forme larvaire grave évitable par hygiène alimentaire.$$, 14, '2025-11-02T17:51:10.204Z');
INSERT INTO "Chapter" (id, "subjectId", title, description, "orderIndex", "pdfUrl", "createdAt") VALUES ('cmhi0c77j002q4dg6s0bbvmuj', 'cmhi0c73200004dg67jqmn6q5', $$Chapitre 12 — Échinococcoses (Hydatidose et Alvéococcose)$$, NULL, 4, NULL, '2025-11-02T17:51:10.207Z');
INSERT INTO "Question" (id, "chapterId", "questionText", options, explanation, "orderIndex", "createdAt") VALUES ('cmhi0c77m002s4dg6sfzw19ce', 'cmhi0c77j002q4dg6s0bbvmuj', $$Généralités$$, $$[{"text":"Maladies dues à des protozoaires.","isCorrect":false,"justification":"Ce sont des cestodes larvaires."},{"text":"Transmission par ingestion d’œufs présents dans les excréments de carnivores.","isCorrect":true},{"text":"L’homme est hôte intermédiaire accidentel.","isCorrect":true},{"text":"Hôte définitif : herbivore.","isCorrect":false,"justification":"Chien ou renard."},{"text":"Forme larvaire dans les tissus humains.","isCorrect":true}]$$::jsonb, $$zoonoses à cestodes larvaires transmises par chiens ou renards.$$, 0, '2025-11-02T17:51:10.210Z');
INSERT INTO "Question" (id, "chapterId", "questionText", options, explanation, "orderIndex", "createdAt") VALUES ('cmhi0c77p002u4dg6fqcf093m', 'cmhi0c77j002q4dg6s0bbvmuj', $$Espèces pathogènes$$, $$[{"text":"Echinococcus granulosus → hydatidose.","isCorrect":true},{"text":"E. multilocularis → alvéococcose.","isCorrect":true},{"text":"E. vogeli : Amérique du Sud.","isCorrect":true},{"text":"E. oligarthrus : Asie du Sud-Est.","isCorrect":false,"justification":"Amérique latine."},{"text":"Taenia saginata : espèce voisine.","isCorrect":false,"justification":"Cestode non échinocoque."}]$$::jsonb, $$deux espèces majeures : granulosus (hydatidose), multilocularis (alvéococcose).$$, 1, '2025-11-02T17:51:10.214Z');
INSERT INTO "Question" (id, "chapterId", "questionText", options, explanation, "orderIndex", "createdAt") VALUES ('cmhi0c77r002w4dg60r7g9im1', 'cmhi0c77j002q4dg6s0bbvmuj', $$Cycle parasitaire$$, $$[{"text":"Hôte définitif : chien, renard.","isCorrect":true},{"text":"Hôte intermédiaire : mouton, bœuf, homme.","isCorrect":true},{"text":"Contamination humaine par ingestion de viande.","isCorrect":false,"justification":"Par œufs."},{"text":"Larve = kyste hydatique.","isCorrect":true},{"text":"Transmission transcutanée.","isCorrect":false}]$$::jsonb, $$cycle indirect carnivore ↔ herbivore ; homme contaminé par ingestion d’œufs.$$, 2, '2025-11-02T17:51:10.216Z');
INSERT INTO "Question" (id, "chapterId", "questionText", options, explanation, "orderIndex", "createdAt") VALUES ('cmhi0c77u002y4dg6fdxib4pb', 'cmhi0c77j002q4dg6s0bbvmuj', $$Localisations humaines$$, $$[{"text":"Foie (70 %).","isCorrect":true},{"text":"Poumon (20 %).","isCorrect":true},{"text":"Cerveau.","isCorrect":true},{"text":"Os.","isCorrect":true},{"text":"Muscle cardiaque.","isCorrect":false,"justification":"Exceptionnelle."}]$$::jsonb, $$hydatidose : atteinte viscérale dominante hépatique, parfois pulmonaire ou cérébrale.$$, 3, '2025-11-02T17:51:10.218Z');
INSERT INTO "Question" (id, "chapterId", "questionText", options, explanation, "orderIndex", "createdAt") VALUES ('cmhi0c77w00304dg6c8v6iwo6', 'cmhi0c77j002q4dg6s0bbvmuj', $$Kyste hydatique hépatique$$, $$[{"text":"Kyste à paroi épaisse contenant du liquide clair.","isCorrect":true},{"text":"Contient des protoscolex et des vésicules filles.","isCorrect":true},{"text":"Souvent symptomatique d’emblée.","isCorrect":false,"justification":"Longtemps asymptomatique."},{"text":"Rupture possible dans les voies biliaires.","isCorrect":true},{"text":"Risque de choc anaphylactique à la rupture.","isCorrect":true}]$$::jsonb, $$kyste hydatique = lésion kystique à paroi propre, complications mécaniques et allergiques.$$, 4, '2025-11-02T17:51:10.220Z');
INSERT INTO "Question" (id, "chapterId", "questionText", options, explanation, "orderIndex", "createdAt") VALUES ('cmhi0c77z00324dg61qritvm9', 'cmhi0c77j002q4dg6s0bbvmuj', $$Clinique$$, $$[{"text":"Douleur de l’hypocondre droit.","isCorrect":true},{"text":"Hépatomégalie.","isCorrect":true},{"text":"Ictère par compression biliaire.","isCorrect":true},{"text":"Fièvre élevée d’emblée.","isCorrect":false,"justification":"Seulement si surinfection."},{"text":"Amaigrissement constant.","isCorrect":false,"justification":"Rare au début."}]$$::jsonb, $$symptômes dus à l’effet de masse ou à la rupture du kyste.$$, 5, '2025-11-02T17:51:10.224Z');
INSERT INTO "Question" (id, "chapterId", "questionText", options, explanation, "orderIndex", "createdAt") VALUES ('cmhi0c78100344dg6449nn5ts', 'cmhi0c77j002q4dg6s0bbvmuj', $$Diagnostic biologique$$, $$[{"text":"Sérologie ELISA ou hémagglutination.","isCorrect":true},{"text":"PCR spécifique possible.","isCorrect":true},{"text":"Numération : éosinophilie.","isCorrect":true},{"text":"Coproparasitologie.","isCorrect":false,"justification":"Œufs absents chez l’homme."},{"text":"Culture sur gélose.","isCorrect":false,"justification":"Impossible."}]$$::jsonb, $$diagnostic basé sur imagerie et sérologie.$$, 6, '2025-11-02T17:51:10.226Z');
INSERT INTO "Question" (id, "chapterId", "questionText", options, explanation, "orderIndex", "createdAt") VALUES ('cmhi0c78400364dg6mcsgup20', 'cmhi0c77j002q4dg6s0bbvmuj', $$Imagerie$$, $$[{"text":"Échographie = examen de choix.","isCorrect":true},{"text":"Scanner pour formes atypiques.","isCorrect":true},{"text":"IRM pour localisations cérébrales.","isCorrect":true},{"text":"Radiographie seule suffisante.","isCorrect":false,"justification":"Insuffisante."},{"text":"Imagerie montre calcifications possibles.","isCorrect":true}]$$::jsonb, $$échographie + scanner = diagnostic de référence.$$, 7, '2025-11-02T17:51:10.228Z');
INSERT INTO "Question" (id, "chapterId", "questionText", options, explanation, "orderIndex", "createdAt") VALUES ('cmhi0c78500384dg6npk1pfi7', 'cmhi0c77j002q4dg6s0bbvmuj', $$Classification OMS$$, $$[{"text":"Cinq stades échographiques CE1–CE5.","isCorrect":true},{"text":"CE1 = kyste actif uniloculaire.","isCorrect":true},{"text":"CE3 = kyste en dégénérescence.","isCorrect":true},{"text":"CE5 = kyste inactif calcifié.","isCorrect":true},{"text":"CE2 = forme vésiculaire morte.","isCorrect":false,"justification":"Kyste multivésiculaire actif."}]$$::jsonb, $$classification OMS utile au choix thérapeutique.$$, 8, '2025-11-02T17:51:10.230Z');
INSERT INTO "Question" (id, "chapterId", "questionText", options, explanation, "orderIndex", "createdAt") VALUES ('cmhi0c787003a4dg6ukflgut7', 'cmhi0c77j002q4dg6s0bbvmuj', $$Traitement de l’hydatidose$$, $$[{"text":"Chirurgie classique = méthode principale.","isCorrect":true},{"text":"Technique PAIR (Ponction-Aspiration-Injection-Réaspiration).","isCorrect":true},{"text":"Albendazole avant et après chirurgie.","isCorrect":true},{"text":"Praziquantel seul efficace.","isCorrect":false,"justification":"Inefficace."},{"text":"Surveillance échographique inutile.","isCorrect":false,"justification":"Indispensable."}]$$::jsonb, $$traitement = PAIR ou chirurgie + albendazole, suivi échographique.$$, 9, '2025-11-02T17:51:10.231Z');
INSERT INTO "Question" (id, "chapterId", "questionText", options, explanation, "orderIndex", "createdAt") VALUES ('cmhi0c789003c4dg6k69ffdlx', 'cmhi0c77j002q4dg6s0bbvmuj', $$Complications$$, $$[{"text":"Rupture intrapéritonéale → choc anaphylactique.","isCorrect":true},{"text":"Surinfection du kyste.","isCorrect":true},{"text":"Rupture dans bronches ou bile.","isCorrect":true},{"text":"Métastases parasitaires.","isCorrect":false,"justification":"Non cancéreuses."},{"text":"Péritonite chimique possible.","isCorrect":true}]$$::jsonb, $$complications graves = rupture et infection secondaire.$$, 10, '2025-11-02T17:51:10.234Z');
INSERT INTO "Question" (id, "chapterId", "questionText", options, explanation, "orderIndex", "createdAt") VALUES ('cmhi0c78c003e4dg659e99160', 'cmhi0c77j002q4dg6s0bbvmuj', $$Alvéococcose : généralités$$, $$[{"text":"Agent : E. multilocularis.","isCorrect":true},{"text":"Hôte définitif : renard.","isCorrect":true},{"text":"Lésion pseudotumorale hépatique invasive.","isCorrect":true},{"text":"Forme kystique encapsulée.","isCorrect":false,"justification":"Non encapsulée."},{"text":"Evolution lente mais maligne.","isCorrect":true}]$$::jsonb, $$alvéococcose = forme tumorale parasitaire infiltrante du foie.$$, 11, '2025-11-02T17:51:10.236Z');
INSERT INTO "Question" (id, "chapterId", "questionText", options, explanation, "orderIndex", "createdAt") VALUES ('cmhi0c78d003g4dg6ebgd2ioz', 'cmhi0c77j002q4dg6s0bbvmuj', $$Alvéococcose : clinique$$, $$[{"text":"Hépatomégalie dure.","isCorrect":true},{"text":"Ictère progressif.","isCorrect":true},{"text":"Douleurs abdominales sourdes.","isCorrect":true},{"text":"Fièvre élevée constante.","isCorrect":false,"justification":"Rare."},{"text":"Métastases secondaires fréquentes.","isCorrect":true}]$$::jsonb, $$maladie chronique hépatique pseudotumorale, invasive.$$, 12, '2025-11-02T17:51:10.238Z');
INSERT INTO "Question" (id, "chapterId", "questionText", options, explanation, "orderIndex", "createdAt") VALUES ('cmhi0c78f003i4dg6dl1me5q9', 'cmhi0c77j002q4dg6s0bbvmuj', $$Diagnostic$$, $$[{"text":"Imagerie : lésion infiltrante multiloculaire.","isCorrect":true},{"text":"Sérologie spécifique (ELISA/Western Blot).","isCorrect":true},{"text":"PCR utile pour différencier espèces.","isCorrect":true},{"text":"Biopsie sans précaution.","isCorrect":false,"justification":"Risque dissémination."},{"text":"Éosinophilie constante.","isCorrect":false,"justification":"Inconstante."}]$$::jsonb, $$imagerie + sérologie = diagnostic fiable ; biopsie prudente.$$, 13, '2025-11-02T17:51:10.240Z');
INSERT INTO "Question" (id, "chapterId", "questionText", options, explanation, "orderIndex", "createdAt") VALUES ('cmhi0c78h003k4dg6lpx6rxsd', 'cmhi0c77j002q4dg6s0bbvmuj', $$Traitement de l’alvéococcose$$, $$[{"text":"Résection chirurgicale complète si possible.","isCorrect":true},{"text":"Albendazole prolongé (plusieurs années).","isCorrect":true},{"text":"Praziquantel curatif.","isCorrect":false,"justification":"Inefficace."},{"text":"Greffe hépatique dans formes avancées.","isCorrect":true},{"text":"Aucun suivi requis.","isCorrect":false,"justification":"Suivi à vie."}]$$::jsonb, $$traitement lourd, souvent chirurgical + albendazole prolongé.$$, 14, '2025-11-02T17:51:10.241Z');
INSERT INTO "Question" (id, "chapterId", "questionText", options, explanation, "orderIndex", "createdAt") VALUES ('cmhi0c78j003m4dg6y9qfxigx', 'cmhi0c77j002q4dg6s0bbvmuj', $$Épidémiologie$$, $$[{"text":"Hydatidose : zones d’élevage ovin.","isCorrect":true},{"text":"Alvéococcose : zones froides (Europe de l’Est, Chine).","isCorrect":true},{"text":"Transmission interhumaine.","isCorrect":false,"justification":"Jamais."},{"text":"Réinfestation rare.","isCorrect":false,"justification":"Possible."},{"text":"Prévention vétérinaire et hygiène alimentaire.","isCorrect":true}]$$::jsonb, $$maladies liées aux animaux domestiques et sauvages.$$, 15, '2025-11-02T17:51:10.243Z');
INSERT INTO "Question" (id, "chapterId", "questionText", options, explanation, "orderIndex", "createdAt") VALUES ('cmhi0c78l003o4dg6viragh9v', 'cmhi0c77j002q4dg6s0bbvmuj', $$Prévention$$, $$[{"text":"Vermifuger les chiens.","isCorrect":true},{"text":"Interdire l’abattage clandestin.","isCorrect":true},{"text":"Cuisson des abats.","isCorrect":true},{"text":"Vaccin efficace.","isCorrect":false,"justification":"Aucun vaccin humain."},{"text":"Hygiène des mains.","isCorrect":true}]$$::jsonb, $$prévention vétérinaire + hygiène personnelle = clé de lutte.$$, 16, '2025-11-02T17:51:10.245Z');
INSERT INTO "Question" (id, "chapterId", "questionText", options, explanation, "orderIndex", "createdAt") VALUES ('cmhi0c78n003q4dg6d5zh4iab', 'cmhi0c77j002q4dg6s0bbvmuj', $$Formes extra-hépatiques$$, $$[{"text":"Pulmonaire.","isCorrect":true},{"text":"Cérébrale.","isCorrect":true},{"text":"Osseuse.","isCorrect":true},{"text":"Musculaire.","isCorrect":true},{"text":"Urinaire fréquente.","isCorrect":false,"justification":"Rare."}]$$::jsonb, $$dissémination secondaire rare mais possible (poumon, cerveau, os).$$, 17, '2025-11-02T17:51:10.247Z');
INSERT INTO "Question" (id, "chapterId", "questionText", options, explanation, "orderIndex", "createdAt") VALUES ('cmhi0c78o003s4dg6trcnqly5', 'cmhi0c77j002q4dg6s0bbvmuj', $$Diagnostic différentiel$$, $$[{"text":"Cancer du foie.","isCorrect":true},{"text":"Kystes simples hépatiques.","isCorrect":true},{"text":"Abcès amibien.","isCorrect":true},{"text":"Cirrhose alcoolique.","isCorrect":false,"justification":"Autre cause."},{"text":"Métastases secondaires.","isCorrect":true}]$$::jsonb, $$échinococcose souvent confondue avec tumeur hépatique.$$, 18, '2025-11-02T17:51:10.249Z');
INSERT INTO "Question" (id, "chapterId", "questionText", options, explanation, "orderIndex", "createdAt") VALUES ('cmhi0c78r003u4dg6iz50w3tj', 'cmhi0c77j002q4dg6s0bbvmuj', $$Points clés$$, $$[{"text":"Zoonoses à cestodes.","isCorrect":true},{"text":"E. granulosus = kystique ; E. multilocularis = alvéolaire.","isCorrect":true},{"text":"Traitement par albendazole et chirurgie.","isCorrect":true},{"text":"Transmission interhumaine fréquente.","isCorrect":false},{"text":"Prévention = vermifugation, hygiène, cuisson abats.","isCorrect":true}]$$::jsonb, $$échinococcoses = maladies parasitaires graves mais évitables par hygiène vétérinaire et alimentaire.$$, 19, '2025-11-02T17:51:10.252Z');
INSERT INTO "Chapter" (id, "subjectId", title, description, "orderIndex", "pdfUrl", "createdAt") VALUES ('cmhi0c78t003w4dg6fdcbzl3u', 'cmhi0c73200004dg67jqmn6q5', $$Chapitre 13 — Syndrome de Larva Migrans (cutanée et viscérale)$$, NULL, 5, NULL, '2025-11-02T17:51:10.254Z');
INSERT INTO "Question" (id, "chapterId", "questionText", options, explanation, "orderIndex", "createdAt") VALUES ('cmhi0c78v003y4dg6qmtnyjv0', 'cmhi0c78t003w4dg6fdcbzl3u', $$Généralités$$, $$[{"text":"Maladie virale aiguë.","isCorrect":false,"justification":"Ce sont des parasitoses à nématodes."},{"text":"Les larves ne se développent pas jusqu’à l’adulte chez l’homme.","isCorrect":true},{"text":"L’homme est un hôte intermédiaire obligatoire.","isCorrect":false,"justification":"Accidentel."},{"text":"Transmission surtout cutanée ou orale selon le parasite.","isCorrect":true},{"text":"Les principales formes sont cutanée et viscérale.","isCorrect":true}]$$::jsonb, $$larves de nématodes errantes provoquant atteintes cutanées ou viscérales.$$, 0, '2025-11-02T17:51:10.255Z');
INSERT INTO "Question" (id, "chapterId", "questionText", options, explanation, "orderIndex", "createdAt") VALUES ('cmhi0c78w00404dg6jvuyy5ui', 'cmhi0c78t003w4dg6fdcbzl3u', $$Larva migrans cutanée$$, $$[{"text":"Due à Ancylostoma braziliense (chien, chat).","isCorrect":true},{"text":"Transmise par piqûre de moustique.","isCorrect":false,"justification":"Pénétration cutanée directe."},{"text":"Lésions linéaires prurigineuses serpentiformes.","isCorrect":true},{"text":"Atteint surtout les pieds et fesses.","isCorrect":true},{"text":"Évolution spontanée en quelques jours.","isCorrect":false,"justification":"En semaines."}]$$::jsonb, $$forme cutanée = dermite rampante due à larves d’ankylostomes animaux.$$, 1, '2025-11-02T17:51:10.257Z');
INSERT INTO "Question" (id, "chapterId", "questionText", options, explanation, "orderIndex", "createdAt") VALUES ('cmhi0c78y00424dg6khu9uwac', 'cmhi0c78t003w4dg6fdcbzl3u', $$Larva migrans viscérale$$, $$[{"text":"Due à Toxocara canis ou T. cati.","isCorrect":true},{"text":"Transmission par ingestion d’œufs.","isCorrect":true},{"text":"Migration des larves vers foie, poumons, yeux.","isCorrect":true},{"text":"Réservoir humain.","isCorrect":false,"justification":"Animal (chien/chat)."},{"text":"Fréquent chez les nourrissons.","isCorrect":true}]$$::jsonb, $$toxocarose = larva migrans viscérale d’origine canine/féline.$$, 2, '2025-11-02T17:51:10.258Z');
INSERT INTO "Question" (id, "chapterId", "questionText", options, explanation, "orderIndex", "createdAt") VALUES ('cmhi0c78z00444dg6bys6bn89', 'cmhi0c78t003w4dg6fdcbzl3u', $$Signes cliniques (toxocarose)$$, $$[{"text":"Fièvre modérée.","isCorrect":true},{"text":"Hépatomégalie.","isCorrect":true},{"text":"Toux et dyspnée.","isCorrect":true},{"text":"Éruption cutanée.","isCorrect":true},{"text":"Diarrhée sanglante.","isCorrect":false,"justification":"Non typique."}]$$::jsonb, $$manifestations viscérales polymorphes, surtout hépatopulmonaires.$$, 3, '2025-11-02T17:51:10.260Z');
INSERT INTO "Question" (id, "chapterId", "questionText", options, explanation, "orderIndex", "createdAt") VALUES ('cmhi0c79100464dg6fcfqmk2f', 'cmhi0c78t003w4dg6fdcbzl3u', $$Forme oculaire de la toxocarose$$, $$[{"text":"Baisse d’acuité visuelle unilatérale.","isCorrect":true},{"text":"Rétinite granulomateuse.","isCorrect":true},{"text":"Bilatérale dans 90 %.","isCorrect":false,"justification":"Unilatérale."},{"text":"Diagnostic par fond d’œil.","isCorrect":true},{"text":"Traitement chirurgical toujours nécessaire.","isCorrect":false,"justification":"Selon cas."}]$$::jsonb, $$toxocarose oculaire = granulome rétinien, cause de cécité évitable.$$, 4, '2025-11-02T17:51:10.261Z');
INSERT INTO "Question" (id, "chapterId", "questionText", options, explanation, "orderIndex", "createdAt") VALUES ('cmhi0c79200484dg6vqyj77ea', 'cmhi0c78t003w4dg6fdcbzl3u', $$Diagnostic biologique$$, $$[{"text":"Éosinophilie importante.","isCorrect":true},{"text":"Sérologie ELISA anti-Toxocara.","isCorrect":true},{"text":"PCR sur selles.","isCorrect":false,"justification":"Œufs absents chez l’homme."},{"text":"","isCorrect":false},{"text":"Coproculture pour vers adultes.","isCorrect":false,"justification":"Pas d’adultes chez l’homme."}]$$::jsonb, $$diagnostic indirect : éosinophilie + sérologie.$$, 5, '2025-11-02T17:51:10.263Z');
INSERT INTO "Question" (id, "chapterId", "questionText", options, explanation, "orderIndex", "createdAt") VALUES ('cmhi0c794004a4dg6x0p6r6pc', 'cmhi0c78t003w4dg6fdcbzl3u', $$Traitement de la toxocarose$$, $$[{"text":"Albendazole.","isCorrect":true},{"text":"Mébendazole.","isCorrect":true},{"text":"Corticoïdes en cas d’atteinte sévère.","isCorrect":true},{"text":"Praziquantel efficace.","isCorrect":false,"justification":"Inactif sur nématodes."},{"text":"Traitement inutile dans formes bénignes.","isCorrect":true}]$$::jsonb, $$traitement antiparasitaire ± corticoïdes selon gravité.$$, 6, '2025-11-02T17:51:10.264Z');
INSERT INTO "Question" (id, "chapterId", "questionText", options, explanation, "orderIndex", "createdAt") VALUES ('cmhi0c795004c4dg60fkup6zs', 'cmhi0c78t003w4dg6fdcbzl3u', $$Larva migrans cutanée : traitement$$, $$[{"text":"Albendazole per os.","isCorrect":true},{"text":"Thiabendazole topique.","isCorrect":true},{"text":"Ivermectine dose unique.","isCorrect":true},{"text":"Corticoïdes oraux obligatoires.","isCorrect":false,"justification":"Réservés aux formes étendues."},{"text":"Cryothérapie efficace sur les lésions.","isCorrect":true}]$$::jsonb, $$traitement local et systémique simple, guérison rapide.$$, 7, '2025-11-02T17:51:10.266Z');
INSERT INTO "Question" (id, "chapterId", "questionText", options, explanation, "orderIndex", "createdAt") VALUES ('cmhi0c798004e4dg63o908v6d', 'cmhi0c78t003w4dg6fdcbzl3u', $$Prévention$$, $$[{"text":"Vermifugation des chiens et chats.","isCorrect":true},{"text":"Lavage des mains et des légumes.","isCorrect":true},{"text":"Port de chaussures sur sols souillés.","isCorrect":true},{"text":"Vaccin disponible pour l’homme.","isCorrect":false,"justification":"Aucun vaccin."},{"text":"Éviter le contact avec animaux domestiques.","isCorrect":true}]$$::jsonb, $$prévention = hygiène et contrôle parasitaire animal.$$, 8, '2025-11-02T17:51:10.268Z');
INSERT INTO "Question" (id, "chapterId", "questionText", options, explanation, "orderIndex", "createdAt") VALUES ('cmhi0c799004g4dg65c33o5bk', 'cmhi0c78t003w4dg6fdcbzl3u', $$Points clés$$, $$[{"text":"Larva migrans = migration de larves animales chez l’homme.","isCorrect":true},{"text":"Formes principales : cutanée et viscérale.","isCorrect":true},{"text":"Diagnostic direct par mise en évidence des œufs.","isCorrect":false,"justification":"Œufs absents."},{"text":"Traitement par benzimidazolés.","isCorrect":true},{"text":"Prévention par vermifugation et hygiène.","isCorrect":true}]$$::jsonb, $$syndrome de larva migrans = parasitose accidentelle évitable par hygiène et vermifugation animale.$$, 9, '2025-11-02T17:51:10.270Z');
INSERT INTO "Chapter" (id, "subjectId", title, description, "orderIndex", "pdfUrl", "createdAt") VALUES ('cmhi0c79c004i4dg6j4mgwezx', 'cmhi0c73200004dg67jqmn6q5', $$Chapitre 14 — Candidoses (Candida spp.)$$, NULL, 6, NULL, '2025-11-02T17:51:10.272Z');
INSERT INTO "Question" (id, "chapterId", "questionText", options, explanation, "orderIndex", "createdAt") VALUES ('cmhi0c79d004k4dg6072fs99l', 'cmhi0c79c004i4dg6j4mgwezx', $$Généralités$$, $$[{"text":"Les candidoses sont causées par des virus opportunistes.","isCorrect":false,"justification":"Ce sont des levures."},{"text":"Candida albicans est l’espèce la plus fréquente.","isCorrect":true},{"text":"Ce sont des infections opportunistes.","isCorrect":true},{"text":"Candida fait partie de la flore normale digestive et buccale.","isCorrect":true},{"text":"Transmission interhumaine obligatoire.","isCorrect":false,"justification":"Endogène le plus souvent."}]$$::jsonb, $$levure opportuniste de la flore normale, pathogène en cas de déséquilibre.$$, 0, '2025-11-02T17:51:10.274Z');
INSERT INTO "Question" (id, "chapterId", "questionText", options, explanation, "orderIndex", "createdAt") VALUES ('cmhi0c79f004m4dg6r4q2x90b', 'cmhi0c79c004i4dg6j4mgwezx', $$Morphologie$$, $$[{"text":"Levure bourgeonnante formant parfois des filaments.","isCorrect":true},{"text":"Coloration de Gram : Gram négatif.","isCorrect":false,"justification":"Gram positif."},{"text":"Culture sur milieu de Sabouraud.","isCorrect":true},{"text":"Formation de pseudo-mycelium possible.","isCorrect":true},{"text":"Spores septées caractéristiques.","isCorrect":false,"justification":"Non sporulée typique."}]$$::jsonb, $$levure polymorphe, Gram positif, cultivable sur Sabouraud.$$, 1, '2025-11-02T17:51:10.275Z');
INSERT INTO "Question" (id, "chapterId", "questionText", options, explanation, "orderIndex", "createdAt") VALUES ('cmhi0c79g004o4dg65vn4d2qo', 'cmhi0c79c004i4dg6j4mgwezx', $$Facteurs favorisants$$, $$[{"text":"Antibiothérapie prolongée.","isCorrect":true},{"text":"Diabète sucré.","isCorrect":true},{"text":"Immunodépression.","isCorrect":true},{"text":"Cathéters veineux.","isCorrect":true},{"text":"Vaccination récente.","isCorrect":false,"justification":"Aucun lien."}]$$::jsonb, $$toute altération de la flore ou de l’immunité favorise la candidose.$$, 2, '2025-11-02T17:51:10.277Z');
INSERT INTO "Question" (id, "chapterId", "questionText", options, explanation, "orderIndex", "createdAt") VALUES ('cmhi0c79i004q4dg60ddbgts9', 'cmhi0c79c004i4dg6j4mgwezx', $$Candidose buccale$$, $$[{"text":"Appelée “muguet”.","isCorrect":true},{"text":"Plaques blanches adhérentes sur muqueuse.","isCorrect":true},{"text":"Douleur et brûlures buccales.","isCorrect":true},{"text":"Fièvre élevée typique.","isCorrect":false,"justification":"Absente."},{"text":"Fréquente chez les nourrissons et immunodéprimés.","isCorrect":true}]$$::jsonb, $$muguet = forme buccale typique, bénigne mais évocatrice d’immunodépression.$$, 3, '2025-11-02T17:51:10.278Z');
INSERT INTO "Question" (id, "chapterId", "questionText", options, explanation, "orderIndex", "createdAt") VALUES ('cmhi0c79j004s4dg6q6rjdml3', 'cmhi0c79c004i4dg6j4mgwezx', $$Candidose génitale$$, $$[{"text":"Vaginite prurigineuse avec pertes blanchâtres.","isCorrect":true},{"text":"Plus fréquente chez l’homme.","isCorrect":false,"justification":"Chez la femme."},{"text":"Facteurs : antibiotiques, grossesse, diabète.","isCorrect":true},{"text":"Transmission strictement sexuelle.","isCorrect":false,"justification":"Endogène surtout."},{"text":"Diagnostic direct sur prélèvement vaginal.","isCorrect":true}]$$::jsonb, $$infection vaginale fréquente, endogène, prurigineuse et récidivante.$$, 4, '2025-11-02T17:51:10.280Z');
INSERT INTO "Question" (id, "chapterId", "questionText", options, explanation, "orderIndex", "createdAt") VALUES ('cmhi0c79l004u4dg63f7eid0r', 'cmhi0c79c004i4dg6j4mgwezx', $$Candidoses cutanées$$, $$[{"text":"Intertrigo des plis.","isCorrect":true},{"text":"Lésions rouges, fissurées, bordées de pustules.","isCorrect":true},{"text":"Atteinte fréquente des espaces interdigitaux.","isCorrect":true},{"text":"Transmission vectorielle.","isCorrect":false,"justification":"Endogène."},{"text":"Évolution rapide vers septicémie.","isCorrect":false,"justification":"Non, sauf immunodépression majeure."}]$$::jsonb, $$candidose cutanée = intertrigo humide à bordure caractéristique.$$, 5, '2025-11-02T17:51:10.281Z');
INSERT INTO "Question" (id, "chapterId", "questionText", options, explanation, "orderIndex", "createdAt") VALUES ('cmhi0c79n004w4dg68x2fat6m', 'cmhi0c79c004i4dg6j4mgwezx', $$Candidoses systémiques$$, $$[{"text":"Fréquentes chez sujets sains.","isCorrect":false,"justification":"Rare, seulement immunodéprimés."},{"text":"Candidémie avec fièvre persistante.","isCorrect":true},{"text":"Source souvent nosocomiale (cathéters, perfusions).","isCorrect":true},{"text":"Peut entraîner endocardite ou méningite.","isCorrect":true},{"text":"Diagnostic par culture sanguine.","isCorrect":true}]$$::jsonb, $$candidémie = infection grave de réanimation, souvent nosocomiale.$$, 6, '2025-11-02T17:51:10.283Z');
INSERT INTO "Question" (id, "chapterId", "questionText", options, explanation, "orderIndex", "createdAt") VALUES ('cmhi0c79p004y4dg6u3xac3sl', 'cmhi0c79c004i4dg6j4mgwezx', $$Diagnostic de laboratoire$$, $$[{"text":"Examen direct : levures bourgeonnantes.","isCorrect":true},{"text":"Culture sur Sabouraud.","isCorrect":true},{"text":"Sérologie spécifique utile.","isCorrect":false,"justification":"Peu informative."},{"text":"Identification par test du filament germinatif (germ tube test).","isCorrect":true},{"text":"PCR pour identification d’espèce.","isCorrect":true}]$$::jsonb, $$diagnostic mycologique : examen direct + culture + test du filament germinatif.$$, 7, '2025-11-02T17:51:10.285Z');
INSERT INTO "Question" (id, "chapterId", "questionText", options, explanation, "orderIndex", "createdAt") VALUES ('cmhi0c79r00504dg63z13wkt6', 'cmhi0c79c004i4dg6j4mgwezx', $$Traitement$$, $$[{"text":"Antifongiques azolés (fluconazole).","isCorrect":true},{"text":"Amphotéricine B pour formes systémiques.","isCorrect":true},{"text":"Métronidazole efficace.","isCorrect":false,"justification":"Inactif."},{"text":"Traitement local suffisant pour formes superficielles.","isCorrect":true},{"text":"Association systématique avec antibiotiques.","isCorrect":false,"justification":"Contre-indiquée."}]$$::jsonb, $$antifongiques azolés ou amphotéricine selon gravité.$$, 8, '2025-11-02T17:51:10.287Z');
INSERT INTO "Question" (id, "chapterId", "questionText", options, explanation, "orderIndex", "createdAt") VALUES ('cmhi0c79t00524dg6bgg943gf', 'cmhi0c79c004i4dg6j4mgwezx', $$Points clés$$, $$[{"text":"Levure opportuniste fréquente.","isCorrect":true},{"text":"Facteurs favorisants : antibiotiques, diabète, immunodépression.","isCorrect":true},{"text":"Diagnostic mycologique simple.","isCorrect":true},{"text":"Traitement efficace par antifongiques.","isCorrect":true},{"text":"Prévention = hygiène et contrôle des traitements antibiotiques.","isCorrect":true}]$$::jsonb, $$candidose = infection opportuniste courante, diagnostic facile, prévention simple.$$, 9, '2025-11-02T17:51:10.289Z');
INSERT INTO "Chapter" (id, "subjectId", title, description, "orderIndex", "pdfUrl", "createdAt") VALUES ('cmhi0c79v00544dg6rw24mnru', 'cmhi0c73200004dg67jqmn6q5', $$Chapitre 2 — Flagellés intestinaux et uro-génitaux$$, NULL, 7, NULL, '2025-11-02T17:51:10.292Z');
INSERT INTO "Question" (id, "chapterId", "questionText", options, explanation, "orderIndex", "createdAt") VALUES ('cmhi0c79x00564dg6exxlxti3', 'cmhi0c79v00544dg6rw24mnru', $$Agent de la giardiase$$, $$[{"text":"Giardia intestinalis est un helminte.","isCorrect":false,"justification":"C’est un protozoaire flagellé."},{"text":"Son habitat est le duodénum.","isCorrect":true},{"text":"Il possède une forme kystique résistante.","isCorrect":true},{"text":"La contamination se fait par piqûre d’insecte.","isCorrect":false,"justification":"Transmission féco-orale."},{"text":"L’homme est hôte intermédiaire.","isCorrect":false,"justification":"Hôte unique."}]$$::jsonb, $$protozoaire du grêle, cycle monoxène, kyste infestant.$$, 0, '2025-11-02T17:51:10.294Z');
INSERT INTO "Question" (id, "chapterId", "questionText", options, explanation, "orderIndex", "createdAt") VALUES ('cmhi0c79z00584dg6mduyb8sw', 'cmhi0c79v00544dg6rw24mnru', $$Cycle parasitaire$$, $$[{"text":"Le trophozoïte est la forme infestante.","isCorrect":false,"justification":"Le kyste l’est."},{"text":"Le kyste résiste plusieurs jours dans l’eau.","isCorrect":true},{"text":"L’excystation a lieu dans le côlon.","isCorrect":false,"justification":"Dans le duodénum."},{"text":"La contamination se fait par ingestion d’eau souillée.","isCorrect":true},{"text":"La multiplication est asexuée.","isCorrect":true}]$$::jsonb, $$cycle direct, contamination hydrique, multiplication binaire.$$, 1, '2025-11-02T17:51:10.296Z');
INSERT INTO "Question" (id, "chapterId", "questionText", options, explanation, "orderIndex", "createdAt") VALUES ('cmhi0c7a1005a4dg6hc8z121y', 'cmhi0c79v00544dg6rw24mnru', $$Manifestations cliniques de la giardiase$$, $$[{"text":"Fièvre élevée.","isCorrect":false,"justification":"Habituellement afébrile."},{"text":"Diarrhée graisseuse et ballonnement.","isCorrect":true},{"text":"Ulcération colique.","isCorrect":false,"justification":"Pas d’invasion muqueuse."},{"text":"Retard pondéral possible chez l’enfant.","isCorrect":true},{"text":"Syndrome de malabsorption chronique.","isCorrect":true}]$$::jsonb, $$giardiase = diarrhée chronique non fébrile avec malabsorption.$$, 2, '2025-11-02T17:51:10.297Z');
INSERT INTO "Question" (id, "chapterId", "questionText", options, explanation, "orderIndex", "createdAt") VALUES ('cmhi0c7a3005c4dg6qj0dnt4j', 'cmhi0c79v00544dg6rw24mnru', $$Diagnostic de la giardiase$$, $$[{"text":"Sérologie indispensable.","isCorrect":false,"justification":"Diagnostic direct."},{"text":"Examen parasitologique des selles (EPS).","isCorrect":true},{"text":"Test antigénique rapide (ELISA/IC).","isCorrect":true},{"text":"Coloration de Ziehl-Neelsen.","isCorrect":false,"justification":"Spécifique des coccidies."},{"text":"Recherche de kystes sur 3 échantillons.","isCorrect":true}]$$::jsonb, $$EPS répétés ou tests antigéniques permettent le diagnostic fiable.$$, 3, '2025-11-02T17:51:10.299Z');
INSERT INTO "Question" (id, "chapterId", "questionText", options, explanation, "orderIndex", "createdAt") VALUES ('cmhi0c7a5005e4dg6giptrh87', 'cmhi0c79v00544dg6rw24mnru', $$Traitement de la giardiase$$, $$[{"text":"Métronidazole 5–7 jours.","isCorrect":true},{"text":"Tinidazole en dose unique.","isCorrect":true},{"text":"Albendazole efficace sur Giardia.","isCorrect":true},{"text":"Corticoïdes associés.","isCorrect":false,"justification":"Contre-indiqués."},{"text":"Réhydratation inutile.","isCorrect":false,"justification":"Toujours nécessaire."}]$$::jsonb, $$métronidazole/tinidazole ± albendazole ; hydratation essentielle.$$, 4, '2025-11-02T17:51:10.301Z');
INSERT INTO "Question" (id, "chapterId", "questionText", options, explanation, "orderIndex", "createdAt") VALUES ('cmhi0c7a7005g4dg6xgynkbik', 'cmhi0c79v00544dg6rw24mnru', $$Prévention de la giardiase$$, $$[{"text":"Ébullition ou chloration de l’eau.","isCorrect":true},{"text":"Lavage des fruits crus.","isCorrect":true},{"text":"Port de gants médicaux.","isCorrect":false,"justification":"Inutile pour la transmission."},{"text":"Vaccin recommandé.","isCorrect":false,"justification":"Aucun vaccin."},{"text":"Isolement des malades hospitalisés.","isCorrect":false,"justification":"Transmission non interhumaine directe."}]$$::jsonb, $$hygiène hydrique et alimentaire = meilleure prévention.$$, 5, '2025-11-02T17:51:10.303Z');
INSERT INTO "Question" (id, "chapterId", "questionText", options, explanation, "orderIndex", "createdAt") VALUES ('cmhi0c7a8005i4dg6iujka2xs', 'cmhi0c79v00544dg6rw24mnru', $$Épidémiologie$$, $$[{"text":"Présente surtout dans les zones tropicales.","isCorrect":true},{"text":"Transmission interhumaine possible chez l’enfant.","isCorrect":true},{"text":"Zoonose fréquente par castors ou chiens.","isCorrect":true},{"text":"Prévalence nulle dans les pays développés.","isCorrect":false,"justification":"Cas sporadiques existent."},{"text":"Parasite strictement sanguicole.","isCorrect":false,"justification":"Intestinal."}]$$::jsonb, $$cosmopolite, favorisée par mauvaise hygiène et réservoirs animaux.$$, 6, '2025-11-02T17:51:10.305Z');
INSERT INTO "Question" (id, "chapterId", "questionText", options, explanation, "orderIndex", "createdAt") VALUES ('cmhi0c7aa005k4dg6wm8qcps0', 'cmhi0c79v00544dg6rw24mnru', $$Agent de la trichomonase$$, $$[{"text":"Trichomonas vaginalis.","isCorrect":true},{"text":"Possède une forme kystique résistante.","isCorrect":false,"justification":"Uniquement trophozoïte."},{"text":"Se transmet par voie sexuelle.","isCorrect":true},{"text":"Peut survivre longtemps dans l’eau.","isCorrect":false,"justification":"Très fragile."},{"text":"Vit dans le sang.","isCorrect":false,"justification":"Cavités uro-génitales."}]$$::jsonb, $$trichomonase = IST due à un protozoaire flagellé sans kyste.$$, 7, '2025-11-02T17:51:10.306Z');
INSERT INTO "Question" (id, "chapterId", "questionText", options, explanation, "orderIndex", "createdAt") VALUES ('cmhi0c7ac005m4dg6ihdjfwzf', 'cmhi0c79v00544dg6rw24mnru', $$Clinique de la trichomonase chez la femme$$, $$[{"text":"Leucorrhées mousseuses malodorantes.","isCorrect":true},{"text":"Prurit vulvaire.","isCorrect":true},{"text":"Douleur hypogastrique aiguë constante.","isCorrect":false,"justification":"Parfois absente."},{"text":"Col “framboisé” au spéculum.","isCorrect":true},{"text":"Fièvre élevée quotidienne.","isCorrect":false,"justification":"Rare."}]$$::jsonb, $$infection vaginale prurigineuse à pertes mousseuses caractéristiques.$$, 8, '2025-11-02T17:51:10.308Z');
INSERT INTO "Question" (id, "chapterId", "questionText", options, explanation, "orderIndex", "createdAt") VALUES ('cmhi0c7ad005o4dg6e8r9anjv', 'cmhi0c79v00544dg6rw24mnru', $$Trichomonase chez l’homme$$, $$[{"text":"Souvent asymptomatique.","isCorrect":true},{"text":"Urethrite purulente douloureuse.","isCorrect":true},{"text":"Peut entraîner prostatite chronique.","isCorrect":true},{"text":"Trophozoïte excrété dans les urines claires.","isCorrect":true},{"text":"Infection sanguine systémique.","isCorrect":false,"justification":"Localisée à l’appareil urogénital."}]$$::jsonb, $$infection masculine souvent discrète mais source de contamination.$$, 9, '2025-11-02T17:51:10.310Z');
INSERT INTO "Question" (id, "chapterId", "questionText", options, explanation, "orderIndex", "createdAt") VALUES ('cmhi0c7af005q4dg6cs7yxhbf', 'cmhi0c79v00544dg6rw24mnru', $$Diagnostic biologique de la trichomonase$$, $$[{"text":"Examen à l’état frais des sécrétions.","isCorrect":true},{"text":"Culture sur milieu de Diamond.","isCorrect":true},{"text":"PCR possible.","isCorrect":true},{"text":"Sérologie utile.","isCorrect":false,"justification":"Peu informative."},{"text":"Coloration Ziehl-Neelsen.","isCorrect":false,"justification":"Non adaptée."}]$$::jsonb, $$diagnostic direct par examen frais, culture ou PCR.$$, 10, '2025-11-02T17:51:10.312Z');
INSERT INTO "Question" (id, "chapterId", "questionText", options, explanation, "orderIndex", "createdAt") VALUES ('cmhi0c7ah005s4dg6wqzbm636', 'cmhi0c79v00544dg6rw24mnru', $$Traitement de la trichomonase$$, $$[{"text":"Métronidazole per os en dose unique.","isCorrect":true},{"text":"Traitement local vaginal.","isCorrect":true},{"text":"Traitement du partenaire obligatoire.","isCorrect":true},{"text":"Albendazole recommandé.","isCorrect":false,"justification":"Inefficace."},{"text":"Abstinence sexuelle inutile.","isCorrect":false,"justification":"Conseillée jusqu’à guérison."}]$$::jsonb, $$traitement systémique + local + partenaire, prévention des récidives.$$, 11, '2025-11-02T17:51:10.313Z');
INSERT INTO "Question" (id, "chapterId", "questionText", options, explanation, "orderIndex", "createdAt") VALUES ('cmhi0c7aj005u4dg62ffneywe', 'cmhi0c79v00544dg6rw24mnru', $$Prévention de la trichomonase$$, $$[{"text":"Utilisation du préservatif.","isCorrect":true},{"text":"Traitement simultané du couple.","isCorrect":true},{"text":"Dépistage régulier chez les femmes enceintes.","isCorrect":true},{"text":"Vaccin disponible.","isCorrect":false,"justification":"Aucun."},{"text":"Antibiothérapie prophylactique.","isCorrect":false,"justification":"Injustifiée."}]$$::jsonb, $$prévention = éducation sexuelle, préservatif, traitement des couples.$$, 12, '2025-11-02T17:51:10.315Z');
INSERT INTO "Question" (id, "chapterId", "questionText", options, explanation, "orderIndex", "createdAt") VALUES ('cmhi0c7al005w4dg6nv8gvkyi', 'cmhi0c79v00544dg6rw24mnru', $$Complications$$, $$[{"text":"Infertilité féminine.","isCorrect":true},{"text":"Grossesse extra-utérine.","isCorrect":true},{"text":"Augmentation du risque de VIH.","isCorrect":true},{"text":"Péritonite.","isCorrect":false,"justification":"Pas typique."},{"text":"Infection néonatale à la naissance.","isCorrect":true}]$$::jsonb, $$trichomonase favorise infections associées et complications obstétricales.$$, 13, '2025-11-02T17:51:10.317Z');
INSERT INTO "Question" (id, "chapterId", "questionText", options, explanation, "orderIndex", "createdAt") VALUES ('cmhi0c7an005y4dg610c8j9kt', 'cmhi0c79v00544dg6rw24mnru', $$Points essentiels$$, $$[{"text":"Giardia : protozoaire du grêle transmis par eau souillée.","isCorrect":true},{"text":"Trichomonas : IST sans forme kystique.","isCorrect":true},{"text":"Diagnostic de Giardia : EPS et tests antigéniques.","isCorrect":true},{"text":"Traitement commun : métronidazole.","isCorrect":true},{"text":"Vaccin disponible pour Trichomonas.","isCorrect":false,"justification":"Aucun vaccin."}]$$::jsonb, $$flagellés = protozoaires traités par métronidazole ; prévention = hygiène et sexualité protégée.$$, 14, '2025-11-02T17:51:10.319Z');
INSERT INTO "Chapter" (id, "subjectId", title, description, "orderIndex", "pdfUrl", "createdAt") VALUES ('cmhi0c7aq00604dg6skxmibat', 'cmhi0c73200004dg67jqmn6q5', $$Chapitre 3 — Paludisme$$, NULL, 8, NULL, '2025-11-02T17:51:10.322Z');
INSERT INTO "Question" (id, "chapterId", "questionText", options, explanation, "orderIndex", "createdAt") VALUES ('cmhi0c7as00624dg6l6k914fh', 'cmhi0c7aq00604dg6skxmibat', $$Généralités$$, $$[{"text":"Le paludisme est une virose.","isCorrect":false,"justification":"C’est une protozoose due à Plasmodium."},{"text":"Transmission par moustique Anopheles femelle.","isCorrect":true},{"text":"L’homme est hôte intermédiaire.","isCorrect":false,"justification":"Hôte définitif pour les formes sexuées."},{"text":"Le moustique est hôte définitif.","isCorrect":true},{"text":"Se transmet uniquement par transfusion.","isCorrect":false,"justification":"Transmission vectorielle prédominante."}]$$::jsonb, $$maladie parasitaire à transmission vectorielle, hôte définitif = moustique.$$, 0, '2025-11-02T17:51:10.325Z');
INSERT INTO "Question" (id, "chapterId", "questionText", options, explanation, "orderIndex", "createdAt") VALUES ('cmhi0c7au00644dg6k570bl1w', 'cmhi0c7aq00604dg6skxmibat', $$Espèces pathogènes pour l’homme$$, $$[{"text":"Plasmodium vivax.","isCorrect":true},{"text":"Plasmodium falciparum.","isCorrect":true},{"text":"Plasmodium malariae.","isCorrect":true},{"text":"Plasmodium ovale.","isCorrect":true},{"text":"Plasmodium berghei.","isCorrect":false,"justification":"Espèce murine non humaine."}]$$::jsonb, $$4 espèces humaines principales, falciparum la plus grave.$$, 1, '2025-11-02T17:51:10.327Z');
INSERT INTO "Question" (id, "chapterId", "questionText", options, explanation, "orderIndex", "createdAt") VALUES ('cmhi0c7aw00664dg6h4gowzo4', 'cmhi0c7aq00604dg6skxmibat', $$Cycle parasitaire$$, $$[{"text":"Les gamétocytes se développent dans le foie.","isCorrect":false,"justification":"Dans le sang."},{"text":"La schizogonie hépatique précède l’érythrocytaire.","isCorrect":true},{"text":"Le sporozoïte est injecté par le moustique.","isCorrect":true},{"text":"Les mérozoïtes infectent les hématies.","isCorrect":true},{"text":"La reproduction sexuée se fait dans l’homme.","isCorrect":false,"justification":"Dans le moustique."}]$$::jsonb, $$cycle hétéroxène : schizogonie hépatique → sanguine → gamétogonie chez le moustique.$$, 2, '2025-11-02T17:51:10.329Z');
INSERT INTO "Question" (id, "chapterId", "questionText", options, explanation, "orderIndex", "createdAt") VALUES ('cmhi0c7ay00684dg6dadvy6jg', 'cmhi0c7aq00604dg6skxmibat', $$Paludisme à P. falciparum$$, $$[{"text":"Fièvre tierce bénigne.","isCorrect":false,"justification":"Fièvre tierce maligne."},{"text":"Hémolyse massive et anémie sévère.","isCorrect":true},{"text":"Peut provoquer un coma.","isCorrect":true},{"text":"Rechutes fréquentes par hypnozoïtes.","isCorrect":false,"justification":"Pas d’hypnozoïtes chez falciparum."},{"text":"Urines noires (fièvre bilieuse hémoglobinurique).","isCorrect":true}]$$::jsonb, $$P. falciparum = formes graves : coma, anémie, fièvre bilieuse.$$, 3, '2025-11-02T17:51:10.331Z');
INSERT INTO "Question" (id, "chapterId", "questionText", options, explanation, "orderIndex", "createdAt") VALUES ('cmhi0c7b1006a4dg6mslibu6u', 'cmhi0c7aq00604dg6skxmibat', $$Paludisme à P. vivax$$, $$[{"text":"Présente des hypnozoïtes hépatiques dormants.","isCorrect":true},{"text":"Responsable de rechutes tardives.","isCorrect":true},{"text":"Forme maligne souvent mortelle.","isCorrect":false,"justification":"Généralement bénigne."},{"text":"Infection limitée aux jeunes hématies.","isCorrect":true},{"text":"Pas d’immunité acquise possible.","isCorrect":false,"justification":"Immunité partielle possible en zones endémiques."}]$$::jsonb, $$vivax = fièvre tierce bénigne, rechutes dues aux hypnozoïtes.$$, 4, '2025-11-02T17:51:10.333Z');
INSERT INTO "Question" (id, "chapterId", "questionText", options, explanation, "orderIndex", "createdAt") VALUES ('cmhi0c7b3006c4dg6i6arj29b', 'cmhi0c7aq00604dg6skxmibat', $$Clinique du paludisme non compliqué$$, $$[{"text":"Fièvre intermittente cyclique.","isCorrect":true},{"text":"Frissons, sueurs, céphalées.","isCorrect":true},{"text":"Diarrhée profuse constante.","isCorrect":false,"justification":"Pas spécifique."},{"text":"Hépatosplénomégalie.","isCorrect":true},{"text":"Syndrome hémorragique majeur d’emblée.","isCorrect":false,"justification":"Présent dans formes graves seulement."}]$$::jsonb, $$triade typique = fièvre, frissons, sueurs ; possible hépatosplénomégalie.$$, 5, '2025-11-02T17:51:10.336Z');
INSERT INTO "Question" (id, "chapterId", "questionText", options, explanation, "orderIndex", "createdAt") VALUES ('cmhi0c7b5006e4dg6si5mdujb', 'cmhi0c7aq00604dg6skxmibat', $$Formes graves (OMS 2023)$$, $$[{"text":"Coma (neuro-paludisme).","isCorrect":true},{"text":"Hypoglycémie.","isCorrect":true},{"text":"Insuffisance rénale aiguë.","isCorrect":true},{"text":"Crise hypertensive.","isCorrect":false,"justification":"Non caractéristique."},{"text":"Anémie sévère.","isCorrect":true}]$$::jsonb, $$formes graves = neurologiques, rénales, hématologiques, métaboliques.$$, 6, '2025-11-02T17:51:10.338Z');
INSERT INTO "Question" (id, "chapterId", "questionText", options, explanation, "orderIndex", "createdAt") VALUES ('cmhi0c7b7006g4dg6k5uu2g7e', 'cmhi0c7aq00604dg6skxmibat', $$Diagnostic biologique$$, $$[{"text":"Frottis mince et goutte épaisse.","isCorrect":true},{"text":"Test antigénique rapide HRP2/pLDH.","isCorrect":true},{"text":"Sérologie utile pour le diagnostic immédiat.","isCorrect":false,"justification":"Pas pour infection aiguë."},{"text":"PCR réservée à la recherche.","isCorrect":true},{"text":"Culture sur gélose sang.","isCorrect":false,"justification":"Impossible."}]$$::jsonb, $$frottis + goutte épaisse = diagnostic de référence, tests rapides en appui.$$, 7, '2025-11-02T17:51:10.340Z');
INSERT INTO "Question" (id, "chapterId", "questionText", options, explanation, "orderIndex", "createdAt") VALUES ('cmhi0c7b9006i4dg6h7vvhwea', 'cmhi0c7aq00604dg6skxmibat', $$Traitement curatif$$, $$[{"text":"Artésunate IV en première intention dans formes graves.","isCorrect":true},{"text":"Chloroquine efficace contre P. falciparum partout.","isCorrect":false,"justification":"Résistances étendues."},{"text":"Association ACT (artémisinine combinée) pour formes simples à falciparum.","isCorrect":true},{"text":"Primaquine active sur hypnozoïtes de vivax.","isCorrect":true},{"text":"Corticoïdes systématiques.","isCorrect":false,"justification":"Contre-indiqués."}]$$::jsonb, $$traitement ACT pour falciparum, artésunate IV si grave, primaquine pour hypnozoïtes.$$, 8, '2025-11-02T17:51:10.342Z');
INSERT INTO "Question" (id, "chapterId", "questionText", options, explanation, "orderIndex", "createdAt") VALUES ('cmhi0c7bc006k4dg6afmfq6mx', 'cmhi0c7aq00604dg6skxmibat', $$Prévention$$, $$[{"text":"Moustiquaires imprégnées d’insecticide.","isCorrect":true},{"text":"Vaccin RTS,S/AS01 recommandé dans les zones endémiques.","isCorrect":true},{"text":"Chimioprophylaxie par doxycycline ou atovaquone-proguanil.","isCorrect":true},{"text":"Pas de résistance aux insecticides.","isCorrect":false,"justification":"Résistances rapportées."},{"text":"Aucun vaccin disponible à ce jour.","isCorrect":false,"justification":"RTS,S existe."}]$$::jsonb, $$prévention = moustiquaire, chimio-prophylaxie, vaccin (RTS,S) dans zones endémiques$$, 9, '2025-11-02T17:51:10.344Z');
INSERT INTO "Question" (id, "chapterId", "questionText", options, explanation, "orderIndex", "createdAt") VALUES ('cmhi0c7be006m4dg6ggnfvoft', 'cmhi0c7aq00604dg6skxmibat', $$Espèces responsables de rechutes$$, $$[{"text":"P. falciparum.","isCorrect":false,"justification":"Pas d’hypnozoïtes."},{"text":"P. vivax.","isCorrect":true},{"text":"P. ovale.","isCorrect":true},{"text":"P. malariae.","isCorrect":false,"justification":"Pas d’hypnozoïtes, mais recrudescences possibles."},{"text":"P. knowlesi.","isCorrect":false,"justification":"Zoonose sans hypnozoïte."}]$$::jsonb, $$rechutes vraies = vivax et ovale grâce aux hypnozoïtes dormants.$$, 10, '2025-11-02T17:51:10.346Z');
INSERT INTO "Question" (id, "chapterId", "questionText", options, explanation, "orderIndex", "createdAt") VALUES ('cmhi0c7bg006o4dg6ty64sggb', 'cmhi0c7aq00604dg6skxmibat', $$Paludisme transfusionnel$$, $$[{"text":"Transmission vectorielle.","isCorrect":false,"justification":"Ici, non vectorielle."},{"text":"Survient après transfusion sanguine contaminée.","isCorrect":true},{"text":"Pas de phase hépatique.","isCorrect":true},{"text":"Incubation courte, quelques jours.","isCorrect":true},{"text":"Prévention par moustiquaire.","isCorrect":false,"justification":"Prévention = dépistage des donneurs."}]$$::jsonb, $$paludisme transfusionnel = pas de schizogonie hépatique, incubation courte.$$, 11, '2025-11-02T17:51:10.348Z');
INSERT INTO "Question" (id, "chapterId", "questionText", options, explanation, "orderIndex", "createdAt") VALUES ('cmhi0c7bj006q4dg6wjoi45oo', 'cmhi0c7aq00604dg6skxmibat', $$Paludisme congénital$$, $$[{"text":"Transmission in utero par placenta.","isCorrect":true},{"text":"Se voit surtout avec P. vivax.","isCorrect":false,"justification":"Falciparum prédomine."},{"text":"Nouveau-né peut être asymptomatique.","isCorrect":true},{"text":"Diagnostic : frottis sanguin du cordon.","isCorrect":true},{"text":"Traitement inutile.","isCorrect":false,"justification":"Nécessite ACT adaptée au nourrisson."}]$$::jsonb, $$paludisme congénital rare, surtout falciparum, diagnostic biologique nécessaire.$$, 12, '2025-11-02T17:51:10.351Z');
INSERT INTO "Question" (id, "chapterId", "questionText", options, explanation, "orderIndex", "createdAt") VALUES ('cmhi0c7bl006s4dg6hwxg09fy', 'cmhi0c7aq00604dg6skxmibat', $$Immunité$$, $$[{"text":"Acquise après un seul épisode.","isCorrect":false,"justification":"Nécessite expositions répétées."},{"text":"Immunité partielle non stérilisante.","isCorrect":true},{"text":"Les enfants en zone endémique sont toujours protégés.","isCorrect":false,"justification":"Plus vulnérables."},{"text":"Les sujets semi-immuns font des formes atténuées.","isCorrect":true},{"text":"Immunité durable à vie.","isCorrect":false,"justification":"Diminue sans réexposition."}]$$::jsonb, $$immunité incomplète, liée à l’exposition répétée en zone endémique.$$, 13, '2025-11-02T17:51:10.354Z');
INSERT INTO "Question" (id, "chapterId", "questionText", options, explanation, "orderIndex", "createdAt") VALUES ('cmhi0c7bo006u4dg6y46ez824', 'cmhi0c7aq00604dg6skxmibat', $$Diagnostic différentiel$$, $$[{"text":"Fièvre typhoïde.","isCorrect":true},{"text":"Leptospirose.","isCorrect":true},{"text":"Dengue.","isCorrect":true},{"text":"Toxoplasmose.","isCorrect":false,"justification":"Généralement asymptomatique."},{"text":"Méningite bactérienne.","isCorrect":true}]$$::jsonb, $$diagnostic différentiel large : fièvres tropicales non spécifiques.$$, 14, '2025-11-02T17:51:10.356Z');
INSERT INTO "Question" (id, "chapterId", "questionText", options, explanation, "orderIndex", "createdAt") VALUES ('cmhi0c7bq006w4dg6spvuqaxy', 'cmhi0c7aq00604dg6skxmibat', $$Complications graves$$, $$[{"text":"Œdème pulmonaire aigu.","isCorrect":true},{"text":"Hémorragie digestive.","isCorrect":true},{"text":"Acidose métabolique.","isCorrect":true},{"text":"Insuffisance hépatique fulminante constante.","isCorrect":false,"justification":"Rare."},{"text":"Choc hypovolémique.","isCorrect":true}]$$::jsonb, $$complications = atteintes multiviscérales, métaboliques et hémodynamiques.$$, 15, '2025-11-02T17:51:10.359Z');
INSERT INTO "Question" (id, "chapterId", "questionText", options, explanation, "orderIndex", "createdAt") VALUES ('cmhi0c7bt006y4dg6a5zr59pw', 'cmhi0c7aq00604dg6skxmibat', $$Paludisme d’importation$$, $$[{"text":"Survient chez voyageurs non immuns.","isCorrect":true},{"text":"Forme la plus souvent bénigne.","isCorrect":false,"justification":"Souvent grave (falciparum)."},{"text":"Incubation parfois longue (> 1 mois).","isCorrect":true},{"text":"Diagnostic difficile hors zones endémiques.","isCorrect":true},{"text":"Chimioprophylaxie inutile.","isCorrect":false,"justification":"Indispensable."}]$$::jsonb, $$paludisme d’importation = falciparum chez non-immuns, gravité ++.$$, 16, '2025-11-02T17:51:10.361Z');
INSERT INTO "Question" (id, "chapterId", "questionText", options, explanation, "orderIndex", "createdAt") VALUES ('cmhi0c7bv00704dg6wdwaq8ux', 'cmhi0c7aq00604dg6skxmibat', $$Diagnostic rapide$$, $$[{"text":"Basé sur la détection d’antigènes parasitaires.","isCorrect":true},{"text":"Nécessite un microscope.","isCorrect":false,"justification":"Test immunochromatographique."},{"text":"","isCorrect":false},{"text":"Résultats en moins de 20 minutes.","isCorrect":true},{"text":"Toujours fiable à 100 %.","isCorrect":false,"justification":"Faux négatifs possibles à faible parasitémie."}]$$::jsonb, $$tests rapides utiles en urgence, à confirmer par frottis/goutte épaisse.$$, 17, '2025-11-02T17:51:10.364Z');
INSERT INTO "Question" (id, "chapterId", "questionText", options, explanation, "orderIndex", "createdAt") VALUES ('cmhi0c7by00724dg6mz5hq876', 'cmhi0c7aq00604dg6skxmibat', $$Résistance aux antipaludiques$$, $$[{"text":"Résistance à la chloroquine très répandue.","isCorrect":true},{"text":"P. falciparum principal concerné.","isCorrect":true},{"text":"Aucune résistance à l’artémisinine.","isCorrect":false,"justification":"Déjà observée en Asie du Sud-Est."},{"text":"Nécessite associations médicamenteuses (ACT).","isCorrect":true},{"text":"Prophylaxie inchangée malgré résistances.","isCorrect":false,"justification":"Adaptée selon zone OMS."}]$$::jsonb, $$résistances croissantes → ACT privilégiées, suivi OMS par zone.$$, 18, '2025-11-02T17:51:10.366Z');
INSERT INTO "Question" (id, "chapterId", "questionText", options, explanation, "orderIndex", "createdAt") VALUES ('cmhi0c7c000744dg6e5v26f68', 'cmhi0c7aq00604dg6skxmibat', $$Traitement de l’enfant$$, $$[{"text":"Artésunate IV dans formes graves.","isCorrect":true},{"text":"Doxycycline en première intention.","isCorrect":false,"justification":"Contre-indiquée avant 8 ans."},{"text":"ACT adaptées au poids.","isCorrect":true},{"text":"Surveillance de la glycémie obligatoire.","isCorrect":true},{"text":"Primaquine systématique.","isCorrect":false,"justification":"Contre-indiquée si déficit G6PD."}]$$::jsonb, $$traitement pédiatrique = ACT + surveillance + prudence G6PD.$$, 19, '2025-11-02T17:51:10.369Z');
INSERT INTO "Question" (id, "chapterId", "questionText", options, explanation, "orderIndex", "createdAt") VALUES ('cmhi0c7c200764dg6tiej1bpi', 'cmhi0c7aq00604dg6skxmibat', $$Traitement de la femme enceinte$$, $$[{"text":"Artésunate IV autorisé au 1ᵉ trimestre.","isCorrect":false,"justification":"Évité si possible."},{"text":"Quinine + clindamycine au 1ᵉ trimestre.","isCorrect":true},{"text":"ACT au 2ᵉ et 3ᵉ trimestre.","isCorrect":true},{"text":"Primaquine toujours utilisée.","isCorrect":false,"justification":"Contre-indiquée."},{"text":"Prévention : traitement intermittent sulfadoxine-pyriméthamine (SP).","isCorrect":true}]$$::jsonb, $$grossesse = prudence thérapeutique, quinine au début, ACT ensuite.$$, 20, '2025-11-02T17:51:10.371Z');
INSERT INTO "Question" (id, "chapterId", "questionText", options, explanation, "orderIndex", "createdAt") VALUES ('cmhi0c7c500784dg6o1nc8dur', 'cmhi0c7aq00604dg6skxmibat', $$Biologie hématologique$$, $$[{"text":"Hyperleucocytose constante.","isCorrect":false,"justification":"Leucopénie fréquente."},{"text":"Thrombopénie.","isCorrect":true},{"text":"Anémie hémolytique.","isCorrect":true},{"text":"Hyperbilirubinémie.","isCorrect":true},{"text":"Eosinophilie marquée.","isCorrect":false,"justification":"Absente."}]$$::jsonb, $$anémie, thrombopénie, bilirubine ↑ = signes biologiques classiques.$$, 21, '2025-11-02T17:51:10.373Z');
INSERT INTO "Question" (id, "chapterId", "questionText", options, explanation, "orderIndex", "createdAt") VALUES ('cmhi0c7c7007a4dg6rzijhzp6', 'cmhi0c7aq00604dg6skxmibat', $$Paludisme à P. malariae$$, $$[{"text":"Fièvre quartane (toutes les 72 h).","isCorrect":true},{"text":"Rechutes par hypnozoïtes.","isCorrect":false,"justification":"Pas d’hypnozoïtes."},{"text":"Évolution souvent chronique.","isCorrect":true},{"text":"Peut entraîner néphropathie.","isCorrect":true},{"text":"Très fréquent en Afrique.","isCorrect":false,"justification":"Rare, localisé."}]$$::jsonb, $$malariae = fièvre quartane, formes chroniques rénales possibles.$$, 22, '2025-11-02T17:51:10.375Z');
INSERT INTO "Question" (id, "chapterId", "questionText", options, explanation, "orderIndex", "createdAt") VALUES ('cmhi0c7c9007c4dg6f6cakz3k', 'cmhi0c7aq00604dg6skxmibat', $$Paludisme à P. knowlesi$$, $$[{"text":"Espèce zoonotique (macaques).","isCorrect":true},{"text":"Cycle érythrocytaire de 72 h.","isCorrect":false,"justification":"Cycle de 24 h."},{"text":"Endémique en Asie du Sud-Est.","isCorrect":true},{"text":"Formes graves possibles.","isCorrect":true},{"text":"Présent en Afrique du Nord.","isCorrect":false,"justification":"Non endémique."}]$$::jsonb, $$zoonose asiatique, cycle court, formes graves possibles.$$, 23, '2025-11-02T17:51:10.377Z');
INSERT INTO "Question" (id, "chapterId", "questionText", options, explanation, "orderIndex", "createdAt") VALUES ('cmhi0c7cb007e4dg6g4adw8ki', 'cmhi0c7aq00604dg6skxmibat', $$Prévention individuelle$$, $$[{"text":"Moustiquaire imprégnée.","isCorrect":true},{"text":"Répulsifs cutanés.","isCorrect":true},{"text":"Port de vêtements clairs et couvrants.","isCorrect":true},{"text":"Vitamine C quotidienne protectrice.","isCorrect":false,"justification":"Aucun effet."},{"text":"Éviter les zones humides au crépuscule.","isCorrect":true}]$$::jsonb, $$protection contre piqûres = première barrière essentielle.$$, 24, '2025-11-02T17:51:10.379Z');
INSERT INTO "Question" (id, "chapterId", "questionText", options, explanation, "orderIndex", "createdAt") VALUES ('cmhi0c7cd007g4dg6hzf397wc', 'cmhi0c7aq00604dg6skxmibat', $$Surveillance thérapeutique$$, $$[{"text":"Contrôle parasitologique à J3.","isCorrect":true},{"text":"Suivi clinique à J7 et J28.","isCorrect":true},{"text":"Absence de fièvre = guérison.","isCorrect":false,"justification":"Nécessite contrôle de parasitémie."},{"text":"Rechute = résistance probable.","isCorrect":true},{"text":"Automédication encouragée.","isCorrect":false,"justification":"À proscrire."}]$$::jsonb, $$suivi J3–J28 indispensable pour détecter rechute/résistance.$$, 25, '2025-11-02T17:51:10.381Z');
INSERT INTO "Question" (id, "chapterId", "questionText", options, explanation, "orderIndex", "createdAt") VALUES ('cmhi0c7cg007i4dg6xdcprkdi', 'cmhi0c7aq00604dg6skxmibat', $$Vaccination RTS,S$$, $$[{"text":"Cible P. falciparum.","isCorrect":true},{"text":"Efficacité 100 %.","isCorrect":false,"justification":"Environ 40–50 %."},{"text":"Recommandé par l’OMS dès 5 mois.","isCorrect":true},{"text":"Protection à vie.","isCorrect":false,"justification":"Diminue en 1–2 ans."},{"text":"Administration en 4 doses.","isCorrect":true}]$$::jsonb, $$RTS,S efficace partiellement, recommandé pour enfants en zones endémiques.$$, 26, '2025-11-02T17:51:10.384Z');
INSERT INTO "Question" (id, "chapterId", "questionText", options, explanation, "orderIndex", "createdAt") VALUES ('cmhi0c7ci007k4dg6lbw0xfxr', 'cmhi0c7aq00604dg6skxmibat', $$Don du sang$$, $$[{"text":"Contre-indiqué temporairement après séjour en zone endémique.","isCorrect":true},{"text":"Risque de transmission transfusionnelle.","isCorrect":true},{"text":"Pas de dépistage obligatoire.","isCorrect":false,"justification":"Obligatoire."},{"text":"Don possible après 6 mois minimum.","isCorrect":true},{"text":"Aucun risque pour le receveur.","isCorrect":false,"justification":"Risque réel sans dépistage."}]$$::jsonb, $$contre-indication temporaire et dépistage obligatoire post-voyage.$$, 27, '2025-11-02T17:51:10.387Z');
INSERT INTO "Question" (id, "chapterId", "questionText", options, explanation, "orderIndex", "createdAt") VALUES ('cmhi0c7cl007m4dg6y6sv8af5', 'cmhi0c7aq00604dg6skxmibat', $$Paludisme et VIH$$, $$[{"text":"Co-infection possible et fréquente.","isCorrect":true},{"text":"Risque accru de paludisme grave.","isCorrect":true},{"text":"Interaction avec traitements antirétroviraux.","isCorrect":true},{"text":"Transmission VIH par moustique.","isCorrect":false,"justification":"Impossible."},{"text":"Prévention identique à la population générale.","isCorrect":true}]$$::jsonb, $$co-infection VIH = gravité accrue, attention aux interactions médicamenteuses.$$, 28, '2025-11-02T17:51:10.389Z');
INSERT INTO "Question" (id, "chapterId", "questionText", options, explanation, "orderIndex", "createdAt") VALUES ('cmhi0c7cn007o4dg6n4etio9j', 'cmhi0c7aq00604dg6skxmibat', $$Points clés$$, $$[{"text":"P. falciparum = le plus grave.","isCorrect":true},{"text":"Diagnostic par frottis + goutte épaisse.","isCorrect":true},{"text":"Traitement = ACT ou artésunate IV si grave.","isCorrect":true},{"text":"Rechutes dues à vivax et ovale.","isCorrect":true},{"text":"Aucun moyen de prévention.","isCorrect":false,"justification":"Moustiquaire, vaccin, chimio-prophylaxie efficaces."}]$$::jsonb, $$paludisme = protozoose majeure, diagnostic rapide, traitement ACT, prévention essentielle.$$, 29, '2025-11-02T17:51:10.391Z');
INSERT INTO "Chapter" (id, "subjectId", title, description, "orderIndex", "pdfUrl", "createdAt") VALUES ('cmhi0c7cq007q4dg6c168dwx6', 'cmhi0c73200004dg67jqmn6q5', $$Chapitre 4 — Flagellés sanguicoles (1ʳᵉ partie : Leishmaniose)$$, NULL, 9, NULL, '2025-11-02T17:51:10.394Z');
INSERT INTO "Question" (id, "chapterId", "questionText", options, explanation, "orderIndex", "createdAt") VALUES ('cmhi0c7cs007s4dg6polk4em8', 'cmhi0c7cq007q4dg6c168dwx6', $$Généralités$$, $$[{"text":"Agent transmis par piqûre de moustique Anopheles.","isCorrect":false,"justification":"Transmis par le phlébotome."},{"text":"Parasite intracellulaire obligatoire des macrophages.","isCorrect":true},{"text":"Espèce principale : Leishmania donovani (forme viscérale).","isCorrect":true},{"text":"Réservoir exclusivement humain.","isCorrect":false,"justification":"Zoonose fréquente (chien, rongeurs)."},{"text":"Transmission féco-orale.","isCorrect":false,"justification":"Vectorielle."}]$$::jsonb, $$leishmaniose = protozoaire transmis par phlébotome, parasite des macrophages.$$, 0, '2025-11-02T17:51:10.396Z');
INSERT INTO "Question" (id, "chapterId", "questionText", options, explanation, "orderIndex", "createdAt") VALUES ('cmhi0c7cu007u4dg6dwf4ql9s', 'cmhi0c7cq007q4dg6c168dwx6', $$Espèces pathogènes$$, $$[{"text":"L. major : forme cutanée du Maghreb.","isCorrect":true},{"text":"L. tropica : forme cutanée du bassin méditerranéen.","isCorrect":true},{"text":"L. donovani : forme viscérale.","isCorrect":true},{"text":"L. infantum : forme viscérale zoonotique.","isCorrect":true},{"text":"L. braziliensis : forme cutanéo-muqueuse d’Afrique.","isCorrect":false,"justification":"Amérique du Sud."}]$$::jsonb, $$distribution géographique selon espèces : Afrique, Méditerranée, Amérique.$$, 1, '2025-11-02T17:51:10.398Z');
INSERT INTO "Question" (id, "chapterId", "questionText", options, explanation, "orderIndex", "createdAt") VALUES ('cmhi0c7cw007w4dg6djdsnv5b', 'cmhi0c7cq007q4dg6c168dwx6', $$Cycle parasitaire$$, $$[{"text":"Amastigote : forme intra-macrophagique.","isCorrect":true},{"text":"Promastigote : forme flagellée dans le phlébotome.","isCorrect":true},{"text":"Multiplication sexuée chez l’homme.","isCorrect":false,"justification":"Asexuée."},{"text":"Transmission par piqûre de phlébotome femelle.","isCorrect":true},{"text":"Réservoir exclusivement félin.","isCorrect":false,"justification":"Canin et rongeurs."}]$$::jsonb, $$cycle d’alternance homme ↔ phlébotome ; amastigote tissulaire, promastigote vectoriel.$$, 2, '2025-11-02T17:51:10.401Z');
INSERT INTO "Question" (id, "chapterId", "questionText", options, explanation, "orderIndex", "createdAt") VALUES ('cmhi0c7cz007y4dg6tdnd2c5c', 'cmhi0c7cq007q4dg6c168dwx6', $$Leishmaniose viscérale (Kala-Azar)$$, $$[{"text":"Fièvre prolongée, splénomégalie.","isCorrect":true},{"text":"Leucocytose.","isCorrect":false,"justification":"Leucopénie fréquente."},{"text":"Anémie et hypergammaglobulinémie.","isCorrect":true},{"text":"Adénopathies généralisées.","isCorrect":true},{"text":"Transmission féco-orale.","isCorrect":false,"justification":"Vectorielle."}]$$::jsonb, $$kala-azar = fièvre prolongée, splénomégalie, anémie, hypergammaglobulinémie.$$, 3, '2025-11-02T17:51:10.403Z');
INSERT INTO "Question" (id, "chapterId", "questionText", options, explanation, "orderIndex", "createdAt") VALUES ('cmhi0c7d100804dg65w36owyb', 'cmhi0c7cq007q4dg6c168dwx6', $$Leishmaniose cutanée$$, $$[{"text":"Papule évoluant en ulcère indolore.","isCorrect":true},{"text":"Localisation au visage ou aux membres.","isCorrect":true},{"text":"Cicatrice atrophique après guérison.","isCorrect":true},{"text":"Guérison spontanée possible.","isCorrect":true},{"text":"Contagieuse par contact direct.","isCorrect":false,"justification":"Non contagieuse."}]$$::jsonb, $$leishmaniose cutanée = ulcère chronique, guérison lente, cicatrice résiduelle.$$, 4, '2025-11-02T17:51:10.405Z');
INSERT INTO "Question" (id, "chapterId", "questionText", options, explanation, "orderIndex", "createdAt") VALUES ('cmhi0c7d300824dg6fpz8qav2', 'cmhi0c7cq007q4dg6c168dwx6', $$Leishmaniose cutanéo-muqueuse (américaine)$$, $$[{"text":"Due à L. braziliensis.","isCorrect":true},{"text":"Destruction du palais et du nez.","isCorrect":true},{"text":"Présente en Afrique du Nord.","isCorrect":false,"justification":"Amérique du Sud."},{"text":"Transmission transplacentaire.","isCorrect":false,"justification":"Vectorielle."},{"text":"Traitement par antimoniaux pentavalents.","isCorrect":true}]$$::jsonb, $$forme américaine grave, mutilante, traitement antimoniaux.$$, 5, '2025-11-02T17:51:10.407Z');
INSERT INTO "Question" (id, "chapterId", "questionText", options, explanation, "orderIndex", "createdAt") VALUES ('cmhi0c7d500844dg6ql39bfan', 'cmhi0c7cq007q4dg6c168dwx6', $$Diagnostic biologique$$, $$[{"text":"Frottis sanguin.","isCorrect":false,"justification":"Frottis de moelle, rate ou lésion cutanée."},{"text":"Mise en évidence d’amastigotes dans les macrophages.","isCorrect":true},{"text":"Culture sur milieu NNN.","isCorrect":true},{"text":"Test sérologique rapide (rK39).","isCorrect":true},{"text":"PCR spécifique.","isCorrect":true}]$$::jsonb, $$diagnostic par examen direct ou PCR, sérologie utile dans les formes viscérales.$$, 6, '2025-11-02T17:51:10.409Z');
INSERT INTO "Question" (id, "chapterId", "questionText", options, explanation, "orderIndex", "createdAt") VALUES ('cmhi0c7d700864dg678gthalv', 'cmhi0c7cq007q4dg6c168dwx6', $$Traitement$$, $$[{"text":"Antimoniaux pentavalents (Glucantime®).","isCorrect":true},{"text":"Amphotericine B liposomale pour formes sévères.","isCorrect":true},{"text":"Métronidazole.","isCorrect":false,"justification":"Inefficace."},{"text":"Miltefosine orale possible.","isCorrect":true},{"text":"Aucun traitement efficace connu.","isCorrect":false,"justification":"Plusieurs protocoles curatifs."}]$$::jsonb, $$traitement selon gravité : antimoniaux, amphotéricine B, miltéfosine.$$, 7, '2025-11-02T17:51:10.411Z');
INSERT INTO "Question" (id, "chapterId", "questionText", options, explanation, "orderIndex", "createdAt") VALUES ('cmhi0c7d900884dg6oumdk7cw', 'cmhi0c7cq007q4dg6c168dwx6', $$Prévention$$, $$[{"text":"Lutte antivectorielle (insecticides, moustiquaires).","isCorrect":true},{"text":"Vaccin disponible.","isCorrect":false,"justification":"Aucun vaccin humain."},{"text":"Dépistage et traitement des réservoirs canins.","isCorrect":true},{"text":"Isolement des malades.","isCorrect":false,"justification":"Transmission vectorielle."},{"text":"Assainissement des habitations.","isCorrect":true}]$$::jsonb, $$prévention = lutte antivectorielle + contrôle des réservoirs.$$, 8, '2025-11-02T17:51:10.413Z');
INSERT INTO "Question" (id, "chapterId", "questionText", options, explanation, "orderIndex", "createdAt") VALUES ('cmhi0c7db008a4dg66uc6yuao', 'cmhi0c7cq007q4dg6c168dwx6', $$Points clés sur les leishmanioses$$, $$[{"text":"Protozoose transmise par Anopheles.","isCorrect":false,"justification":"Par phlébotome."},{"text":"Forme viscérale = L. donovani et infantum.","isCorrect":true},{"text":"Forme cutanée fréquente au Maghreb.","isCorrect":true},{"text":"Réservoir animal possible.","isCorrect":true},{"text":"Aucune forme extra-cutanée.","isCorrect":false,"justification":"Viscérale et muqueuse existent."}]$$::jsonb, $$leishmaniose = parasitose à Leishmania, multiples formes selon espèce et région.$$, 9, '2025-11-02T17:51:10.415Z');
INSERT INTO "Chapter" (id, "subjectId", title, description, "orderIndex", "pdfUrl", "createdAt") VALUES ('cmhi0c7de008c4dg6rt1m3jyz', 'cmhi0c73200004dg67jqmn6q5', $$Chapitre 4 — Flagellés sanguicoles (2ᵉ partie : Trypanosomoses)$$, NULL, 10, NULL, '2025-11-02T17:51:10.419Z');
INSERT INTO "Question" (id, "chapterId", "questionText", options, explanation, "orderIndex", "createdAt") VALUES ('cmhi0c7dt008q4dg602j92gpw', 'cmhi0c7de008c4dg6rt1m3jyz', $$Traitement de la trypanosomiase africaine$$, $$[{"text":"Pentamidine pour les formes précoces.","isCorrect":true},{"text":"Éflornithine pour la phase neurologique.","isCorrect":true},{"text":"Suramine pour T. b. rhodesiense.","isCorrect":true},{"text":"Nifurtimox utilisé en association.","isCorrect":true},{"text":"Chloroquine efficace.","isCorrect":false,"justification":"Inactive."}]$$::jsonb, $$traitement selon phase : pentamidine/suramine → précoce, éflornithine/nifurtimox → tardive.$$, 6, '2025-11-02T17:51:10.433Z');
INSERT INTO "Question" (id, "chapterId", "questionText", options, explanation, "orderIndex", "createdAt") VALUES ('cmhi0c7dv008s4dg65a1id8cw', 'cmhi0c7de008c4dg6rt1m3jyz', $$Trypanosomiase américaine (maladie de Chagas)$$, $$[{"text":"Agent : T. cruzi.","isCorrect":true},{"text":"Vecteur : triatome.","isCorrect":true},{"text":"Transmission par piqûre et déjection.","isCorrect":true},{"text":"Réservoir uniquement humain.","isCorrect":false,"justification":"Animal + humain."},{"text":"Localisée à l’Afrique subsaharienne.","isCorrect":false,"justification":"Amérique latine."}]$$::jsonb, $$maladie de Chagas = zoonose sud-américaine transmise par triatome.$$, 7, '2025-11-02T17:51:10.436Z');
INSERT INTO "Question" (id, "chapterId", "questionText", options, explanation, "orderIndex", "createdAt") VALUES ('cmhi0c7dy008u4dg6dushvwbf', 'cmhi0c7de008c4dg6rt1m3jyz', $$Maladie de Chagas : clinique$$, $$[{"text":"Chancre d’inoculation possible.","isCorrect":true},{"text":"Signes cardiaques chroniques (bloc, insuffisance).","isCorrect":true},{"text":"Mégacôlon et mégaœsophage.","isCorrect":true},{"text":"Hépatite virale associée.","isCorrect":false,"justification":"Pas de lien."},{"text":"Forme aiguë toujours mortelle.","isCorrect":false,"justification":"Parfois asymptomatique."}]$$::jsonb, $$Chagas = phase aiguë modérée puis atteintes cardiodigestives chroniques graves.$$, 8, '2025-11-02T17:51:10.438Z');
INSERT INTO "Question" (id, "chapterId", "questionText", options, explanation, "orderIndex", "createdAt") VALUES ('cmhi0c7e0008w4dg6gnf0v8kj', 'cmhi0c7de008c4dg6rt1m3jyz', $$Traitement et prévention (Chagas)$$, $$[{"text":"Benznidazole et nifurtimox efficaces en phase aiguë.","isCorrect":true},{"text":"Vaccin préventif disponible.","isCorrect":false,"justification":"Aucun vaccin."},{"text":"Dépistage obligatoire des donneurs de sang.","isCorrect":true},{"text":"Lutte contre triatomes et habitats précaires.","isCorrect":true},{"text":"Transmission par greffe d’organe possible.","isCorrect":true}]$$::jsonb, $$traitement spécifique (benznidazole/nifurtimox) + prévention vectorielle et transfusionnelle.$$, 9, '2025-11-02T17:51:10.441Z');
INSERT INTO "Question" (id, "chapterId", "questionText", options, explanation, "orderIndex", "createdAt") VALUES ('cmhi0c7dg008e4dg60vkp6cvw', 'cmhi0c7de008c4dg6rt1m3jyz', $$Agents et répartition$$, $$[{"text":"T. brucei gambiense : Afrique de l’Ouest.","isCorrect":true},{"text":"T. brucei rhodesiense : Afrique de l’Est.","isCorrect":true},{"text":"T. cruzi : Amérique du Sud.","isCorrect":true},{"text":"T. brucei cruzi : Afrique centrale.","isCorrect":false,"justification":"N’existe pas."},{"text":"T. congolense : parasite humain.","isCorrect":false,"justification":"Animal uniquement."}]$$::jsonb, $$trypanosomoses = Afrique (gambiense, rhodesiense) et Amérique (cruzi).$$, 0, '2025-11-02T17:51:10.421Z');
INSERT INTO "Question" (id, "chapterId", "questionText", options, explanation, "orderIndex", "createdAt") VALUES ('cmhi0c7di008g4dg6zqeb7d4g', 'cmhi0c7de008c4dg6rt1m3jyz', $$Vecteurs$$, $$[{"text":"Mouche tsé-tsé (Glossina).","isCorrect":true},{"text":"Triatome (“punaise” hématophage).","isCorrect":true},{"text":"Moustique Anopheles.","isCorrect":false,"justification":"Paludisme."},{"text":"Phlébotome.","isCorrect":false,"justification":"Leishmaniose."},{"text":"Transmission congénitale possible.","isCorrect":true}]$$::jsonb, $$vecteurs = tsé-tsé (Afrique), triatome (Amérique), transmission aussi transplacentaire.$$, 1, '2025-11-02T17:51:10.423Z');
INSERT INTO "Question" (id, "chapterId", "questionText", options, explanation, "orderIndex", "createdAt") VALUES ('cmhi0c7dk008i4dg6rh80yico', 'cmhi0c7de008c4dg6rt1m3jyz', $$Trypanosomiase africaine : forme chronique (gambiense)$$, $$[{"text":"Évolution lente, souvent > 1 an.","isCorrect":true},{"text":"Coma du sommeil à un stade avancé.","isCorrect":true},{"text":"Fièvre initiale et adénopathies.","isCorrect":true},{"text":"Réservoir animal majeur.","isCorrect":false,"justification":"Humain surtout."},{"text":"Guérison spontanée fréquente.","isCorrect":false,"justification":"Évolution mortelle sans traitement."}]$$::jsonb, $$T. b. gambiense = forme humaine lente, neuro-invasive tardive.$$, 2, '2025-11-02T17:51:10.425Z');
INSERT INTO "Question" (id, "chapterId", "questionText", options, explanation, "orderIndex", "createdAt") VALUES ('cmhi0c7dm008k4dg63979qrpf', 'cmhi0c7de008c4dg6rt1m3jyz', $$Trypanosomiase africaine : forme aiguë (rhodesiense)$$, $$[{"text":"Évolution rapide et sévère.","isCorrect":true},{"text":"Présente un chancre d’inoculation.","isCorrect":true},{"text":"Réservoir animal important.","isCorrect":true},{"text":"Endémique en Amérique du Sud.","isCorrect":false,"justification":"Afrique de l’Est."},{"text":"Traitement souvent inutile.","isCorrect":false,"justification":"Urgence thérapeutique."}]$$::jsonb, $$T. b. rhodesiense = forme zoonotique aiguë grave, évolution rapide.$$, 3, '2025-11-02T17:51:10.427Z');
INSERT INTO "Question" (id, "chapterId", "questionText", options, explanation, "orderIndex", "createdAt") VALUES ('cmhi0c7do008m4dg68sivzrfb', 'cmhi0c7de008c4dg6rt1m3jyz', $$Maladie du sommeil : signes neurologiques$$, $$[{"text":"Troubles du sommeil (inversion nycthémérale).","isCorrect":true},{"text":"Coma profond terminal.","isCorrect":true},{"text":"Hallucinations et troubles du comportement.","isCorrect":true},{"text":"Hypertonie musculaire marquée.","isCorrect":false,"justification":"Hypotonie fréquente."},{"text":"Signes méningés précoces.","isCorrect":true}]$$::jsonb, $$phase méningo-encéphalitique = troubles neuropsychiatriques caractéristiques.$$, 4, '2025-11-02T17:51:10.429Z');
INSERT INTO "Question" (id, "chapterId", "questionText", options, explanation, "orderIndex", "createdAt") VALUES ('cmhi0c7dq008o4dg69xqgrtai', 'cmhi0c7de008c4dg6rt1m3jyz', $$Diagnostic de la trypanosomiase africaine$$, $$[{"text":"Observation des trypomastigotes dans le sang.","isCorrect":true},{"text":"Ponction ganglionnaire ou LCR.","isCorrect":true},{"text":"Test sérologique CATT (Card Agglutination Test for Trypanosomiasis).","isCorrect":true},{"text":"PCR spécifique.","isCorrect":true},{"text":"Culture sur gélose sang.","isCorrect":false,"justification":"Non adaptée."}]$$::jsonb, $$diagnostic direct par microscope, confirmation sérologique et LCR si phase tardive.$$, 5, '2025-11-02T17:51:10.431Z');
INSERT INTO "Chapter" (id, "subjectId", title, description, "orderIndex", "pdfUrl", "createdAt") VALUES ('cmhi0c7e3008y4dg6z1rszrd6', 'cmhi0c73200004dg67jqmn6q5', $$Chapitre 5 — Toxoplasmose (Toxoplasma gondii)$$, NULL, 11, NULL, '2025-11-02T17:51:10.444Z');
INSERT INTO "Question" (id, "chapterId", "questionText", options, explanation, "orderIndex", "createdAt") VALUES ('cmhi0c7e500904dg6inoy206d', 'cmhi0c7e3008y4dg6z1rszrd6', $$Généralités$$, $$[{"text":"C’est une infection bactérienne.","isCorrect":false,"justification":"C’est une protozoose due à Toxoplasma gondii."},{"text":"Hôte définitif : le chat.","isCorrect":true},{"text":"Transmission féco-orale possible.","isCorrect":true},{"text":"Se multiplie dans le sang uniquement.","isCorrect":false,"justification":"Dans les cellules, surtout macrophages et muscles."},{"text":"Zoonose cosmopolite.","isCorrect":true}]$$::jsonb, $$toxoplasmose = zoonose due à un protozoaire intracellulaire, hôte définitif = chat.$$, 0, '2025-11-02T17:51:10.446Z');
INSERT INTO "Question" (id, "chapterId", "questionText", options, explanation, "orderIndex", "createdAt") VALUES ('cmhi0c7e700924dg6cieqb2nx', 'cmhi0c7e3008y4dg6z1rszrd6', $$Formes parasitaires$$, $$[{"text":"Tachyzoïte : forme de multiplication rapide.","isCorrect":true},{"text":"Bradyzoïte : forme tissulaire lente.","isCorrect":true},{"text":"Kyste : forme de résistance.","isCorrect":true},{"text":"Oocyste éliminé par l’homme.","isCorrect":false,"justification":"Par le chat."},{"text":"Sporozoïte : forme sanguicole.","isCorrect":false,"justification":"Libéré dans intestin après ingestion d’oocyste."}]$$::jsonb, $$cycle comporte oocystes (chat), tachyzoïtes (phase aiguë) et bradyzoïtes (latence).$$, 1, '2025-11-02T17:51:10.448Z');
INSERT INTO "Question" (id, "chapterId", "questionText", options, explanation, "orderIndex", "createdAt") VALUES ('cmhi0c7ea00944dg610a9rj7m', 'cmhi0c7e3008y4dg6z1rszrd6', $$Cycle parasitaire$$, $$[{"text":"Le chat est l’hôte définitif.","isCorrect":true},{"text":"L’homme s’infecte par ingestion de viande mal cuite.","isCorrect":true},{"text":"Les oocystes sont libérés dans les selles du chat.","isCorrect":true},{"text":"Multiplication sexuée chez l’homme.","isCorrect":false,"justification":"Asexuée uniquement."},{"text":"Transmission possible par transfusion.","isCorrect":true}]$$::jsonb, $$cycle hétéroxène ; homme = hôte intermédiaire, contamination alimentaire.$$, 2, '2025-11-02T17:51:10.450Z');
INSERT INTO "Question" (id, "chapterId", "questionText", options, explanation, "orderIndex", "createdAt") VALUES ('cmhi0c7ec00964dg6skzbqudk', 'cmhi0c7e3008y4dg6z1rszrd6', $$Modes de transmission$$, $$[{"text":"Fécale-orale (oocystes).","isCorrect":true},{"text":"Viande crue (bradyzoïtes).","isCorrect":true},{"text":"Transplacentaire.","isCorrect":true},{"text":"Allaitement.","isCorrect":false,"justification":"Non démontré."},{"text":"Transfusion et greffe.","isCorrect":true}]$$::jsonb, $$transmission multiple : alimentaire, congénitale, transfusionnelle.$$, 3, '2025-11-02T17:51:10.452Z');
INSERT INTO "Question" (id, "chapterId", "questionText", options, explanation, "orderIndex", "createdAt") VALUES ('cmhi0c7ee00984dg61yfyk9is', 'cmhi0c7e3008y4dg6z1rszrd6', $$Toxoplasmose acquise immunocompétente$$, $$[{"text":"Souvent asymptomatique.","isCorrect":true},{"text":"Syndrome pseudo-grippal possible.","isCorrect":true},{"text":"Fièvre prolongée, adénopathies cervicales.","isCorrect":true},{"text":"Rash maculopapuleux constant.","isCorrect":false,"justification":"Exceptionnel."},{"text":"Forme oculaire fréquente d’emblée.","isCorrect":false,"justification":"Rare en primo-infection."}]$$::jsonb, $$infection souvent bénigne, pseudogrippale, découverte sérologique fréquente.$$, 4, '2025-11-02T17:51:10.455Z');
INSERT INTO "Question" (id, "chapterId", "questionText", options, explanation, "orderIndex", "createdAt") VALUES ('cmhi0c7eg009a4dg63cmd9rq6', 'cmhi0c7e3008y4dg6z1rszrd6', $$Toxoplasmose congénitale$$, $$[{"text":"Résulte d’une infection ancienne maternelle.","isCorrect":false,"justification":"Seulement primo-infection pendant grossesse."},{"text":"Plus grave si infection au 1ᵉ trimestre.","isCorrect":true},{"text":"Transmission plus fréquente au 3ᵉ trimestre.","isCorrect":true},{"text":"Atteinte oculaire et cérébrale typique.","isCorrect":true},{"text":"Prévenue par vaccin maternel.","isCorrect":false,"justification":"Aucun vaccin."}]$$::jsonb, $$gravité inverse à fréquence : + fréquente tard, + grave précoce.$$, 5, '2025-11-02T17:51:10.457Z');
INSERT INTO "Question" (id, "chapterId", "questionText", options, explanation, "orderIndex", "createdAt") VALUES ('cmhi0c7ei009c4dg6d4gfx18u', 'cmhi0c7e3008y4dg6z1rszrd6', $$Signes néonataux$$, $$[{"text":"Microcéphalie.","isCorrect":true},{"text":"Calcifications intracrâniennes.","isCorrect":true},{"text":"Choriorétinite.","isCorrect":true},{"text":"Hépatosplénomégalie.","isCorrect":true},{"text":"Ictère.","isCorrect":true}]$$::jsonb, $$forme congénitale : atteinte neurologique et oculaire typique.$$, 6, '2025-11-02T17:51:10.459Z');
INSERT INTO "Question" (id, "chapterId", "questionText", options, explanation, "orderIndex", "createdAt") VALUES ('cmhi0c7ek009e4dg6aw8qq9ur', 'cmhi0c7e3008y4dg6z1rszrd6', $$Toxoplasmose de l’immunodéprimé$$, $$[{"text":"Réactivation d’une infection ancienne.","isCorrect":true},{"text":"Encéphalite multifocale (lésions cérébrales).","isCorrect":true},{"text":"Pneumonie aiguë sévère.","isCorrect":true},{"text":"Diagnostic par sérologie seule.","isCorrect":false,"justification":"Par imagerie et PCR."},{"text":"Traitement : pyriméthamine + sulfadiazine.","isCorrect":true}]$$::jsonb, $$réactivation grave chez VIH+, localisation cérébrale prédominante.$$, 7, '2025-11-02T17:51:10.461Z');
INSERT INTO "Question" (id, "chapterId", "questionText", options, explanation, "orderIndex", "createdAt") VALUES ('cmhi0c7em009g4dg6jb6uk1bg', 'cmhi0c7e3008y4dg6z1rszrd6', $$Diagnostic sérologique$$, $$[{"text":"IgM témoignent d’une infection ancienne.","isCorrect":false,"justification":"Infection récente."},{"text":"IgG persistent à vie.","isCorrect":true},{"text":"Test de dépistage par ELISA.","isCorrect":true},{"text":"Avidité des IgG utile pour dater l’infection.","isCorrect":true},{"text":"Sérologie négative = infection certaine.","isCorrect":false,"justification":"Absence d’immunité."}]$$::jsonb, $$IgM = récentes, IgG = anciennes, avidité = datation.$$, 8, '2025-11-02T17:51:10.463Z');
INSERT INTO "Question" (id, "chapterId", "questionText", options, explanation, "orderIndex", "createdAt") VALUES ('cmhi0c7eo009i4dg69ut883zm', 'cmhi0c7e3008y4dg6z1rszrd6', $$Diagnostic prénatal$$, $$[{"text":"Amniocentèse avec PCR toxoplasmique.","isCorrect":true},{"text":"Échographie fœtale pour anomalies cérébrales.","isCorrect":true},{"text":"Dosage IgM fœtales dans le sang du cordon.","isCorrect":true},{"text":"IRM cérébrale maternelle.","isCorrect":false,"justification":"Pour fœtus, pas utile."},{"text":"","isCorrect":false}]$$::jsonb, $$diagnostic fœtal = PCR sur liquide amniotique + suivi échographique.$$, 9, '2025-11-02T17:51:10.465Z');
INSERT INTO "Question" (id, "chapterId", "questionText", options, explanation, "orderIndex", "createdAt") VALUES ('cmhi0c7er009k4dg6akas4gb9', 'cmhi0c7e3008y4dg6z1rszrd6', $$Traitement de la femme enceinte$$, $$[{"text":"Spiramycine dès séroconversion.","isCorrect":true},{"text":"Pyriméthamine-sulfadiazine dès le 1ᵉ trimestre.","isCorrect":false,"justification":"Contre-indiquée au début."},{"text":"Changement de molécule selon atteinte fœtale.","isCorrect":true},{"text":"Aucun traitement préventif possible.","isCorrect":false,"justification":"Spiramycine préventive efficace."},{"text":"Traitement inutile après accouchement.","isCorrect":false,"justification":"Suivi néonatal nécessaire."}]$$::jsonb, $$spiramycine en prévention, association pyriméthamine-sulfadiazine si fœtus atteint.$$, 10, '2025-11-02T17:51:10.467Z');
INSERT INTO "Question" (id, "chapterId", "questionText", options, explanation, "orderIndex", "createdAt") VALUES ('cmhi0c7et009m4dg6gp5me6n2', 'cmhi0c7e3008y4dg6z1rszrd6', $$Traitement curatif$$, $$[{"text":"Pyriméthamine + sulfadiazine + acide folinique.","isCorrect":true},{"text":"Cotrimoxazole possible en relais.","isCorrect":true},{"text":"Durée moyenne : 4 à 6 semaines.","isCorrect":true},{"text":"Métronidazole recommandé.","isCorrect":false,"justification":"Inefficace."},{"text":"Surveillance hématologique nécessaire.","isCorrect":true}]$$::jsonb, $$association classique : pyriméthamine-sulfadiazine-acide folinique, suivi obligatoire.$$, 11, '2025-11-02T17:51:10.469Z');
INSERT INTO "Question" (id, "chapterId", "questionText", options, explanation, "orderIndex", "createdAt") VALUES ('cmhi0c7ev009o4dg6su10t3is', 'cmhi0c7e3008y4dg6z1rszrd6', $$Prévention$$, $$[{"text":"Cuisson complète des viandes.","isCorrect":true},{"text":"Lavage des fruits et légumes.","isCorrect":true},{"text":"Éviter contact avec litière de chat.","isCorrect":true},{"text":"Vaccin obligatoire avant grossesse.","isCorrect":false,"justification":"Aucun vaccin."},{"text":"Surveillance sérologique mensuelle de la femme enceinte séronégative.","isCorrect":true}]$$::jsonb, $$prévention = hygiène alimentaire + surveillance sérologique pendant grossesse.$$, 12, '2025-11-02T17:51:10.472Z');
INSERT INTO "Question" (id, "chapterId", "questionText", options, explanation, "orderIndex", "createdAt") VALUES ('cmhi0c7ex009q4dg6rm3il169', 'cmhi0c7e3008y4dg6z1rszrd6', $$Diagnostic différentiel$$, $$[{"text":"Cytomégalovirus congénital.","isCorrect":true},{"text":"Rubéole congénitale.","isCorrect":true},{"text":"Herpès néonatal.","isCorrect":true},{"text":"VIH congénital.","isCorrect":true},{"text":"Listeriose materno-fœtale.","isCorrect":true}]$$::jsonb, $$diagnostics différentiels des infections congénitales (TORCH).$$, 13, '2025-11-02T17:51:10.474Z');
INSERT INTO "Question" (id, "chapterId", "questionText", options, explanation, "orderIndex", "createdAt") VALUES ('cmhi0c7ez009s4dg6daqwaf4g', 'cmhi0c7e3008y4dg6z1rszrd6', $$Points clés$$, $$[{"text":"Protozoose intracellulaire cosmopolite.","isCorrect":true},{"text":"Transmission alimentaire, congénitale, transfusionnelle.","isCorrect":true},{"text":"Danger principal = femme enceinte séronégative.","isCorrect":true},{"text":"Traitement curatif : pyriméthamine-sulfadiazine.","isCorrect":true},{"text":"Prévention vaccinale efficace.","isCorrect":false,"justification":"Aucun vaccin."}]$$::jsonb, $$toxoplasmose = infection fréquente, grave en grossesse, prévenue par hygiène et dépistage.$$, 14, '2025-11-02T17:51:10.476Z');
INSERT INTO "Chapter" (id, "subjectId", title, description, "orderIndex", "pdfUrl", "createdAt") VALUES ('cmhi0c7f2009u4dg6we5ynuyt', 'cmhi0c73200004dg67jqmn6q5', $$Chapitre 6 — Coccidies et Coccidioses$$, NULL, 12, NULL, '2025-11-02T17:51:10.478Z');
INSERT INTO "Question" (id, "chapterId", "questionText", options, explanation, "orderIndex", "createdAt") VALUES ('cmhi0c7fm00ac4dg6figc1321', 'cmhi0c7f2009u4dg6we5ynuyt', $$Prévention$$, $$[{"text":"Hygiène de l’eau et des mains.","isCorrect":true},{"text":"Cuisson des aliments.","isCorrect":true},{"text":"Traitement prophylactique systématique.","isCorrect":false,"justification":"Non recommandé."},{"text":"Désinfection à l’eau de javel efficace.","isCorrect":true},{"text":"Vaccin disponible.","isCorrect":false,"justification":"Aucun vaccin."}]$$::jsonb, $$prévention = hygiène hydrique et alimentaire.$$, 8, '2025-11-02T17:51:10.498Z');
INSERT INTO "Question" (id, "chapterId", "questionText", options, explanation, "orderIndex", "createdAt") VALUES ('cmhi0c7f4009w4dg6e500kv85', 'cmhi0c7f2009u4dg6we5ynuyt', $$Généralités$$, $$[{"text":"Ce sont des protozoaires intracellulaires obligatoires.","isCorrect":true},{"text":"L’homme est hôte définitif pour Cryptosporidium.","isCorrect":true},{"text":"La contamination se fait par piqûre d’insecte.","isCorrect":false,"justification":"Transmission féco-orale."},{"text":"L’infection est fréquente chez le sujet immunodéprimé.","isCorrect":true},{"text":"Le cycle est exclusivement sanguicole.","isCorrect":false,"justification":"Intestinal."}]$$::jsonb, $$coccidies = protozoaires intestinaux intracellulaires à transmission féco-orale.$$, 0, '2025-11-02T17:51:10.480Z');
INSERT INTO "Question" (id, "chapterId", "questionText", options, explanation, "orderIndex", "createdAt") VALUES ('cmhi0c7f6009y4dg64gyxwwif', 'cmhi0c7f2009u4dg6we5ynuyt', $$Espèces principales$$, $$[{"text":"Cryptosporidium parvum.","isCorrect":true},{"text":"Isospora belli.","isCorrect":true},{"text":"Cyclospora cayetanensis.","isCorrect":true},{"text":"Toxoplasma gondii.","isCorrect":false,"justification":"Autre protozoaire."},{"text":"Giardia intestinalis.","isCorrect":false,"justification":"Flagellé, non coccidie."}]$$::jsonb, $$trois espèces principales : Cryptosporidium, Isospora, Cyclospora.$$, 1, '2025-11-02T17:51:10.482Z');
INSERT INTO "Question" (id, "chapterId", "questionText", options, explanation, "orderIndex", "createdAt") VALUES ('cmhi0c7f900a04dg6gn5aak80', 'cmhi0c7f2009u4dg6we5ynuyt', $$Cryptosporidiose : transmission$$, $$[{"text":"Par ingestion d’oocystes dans l’eau contaminée.","isCorrect":true},{"text":"Par contact direct avec animaux infectés.","isCorrect":true},{"text":"Par transfusion sanguine.","isCorrect":false,"justification":"Non démontré."},{"text":"Par inhalation de spores.","isCorrect":false,"justification":"Féco-orale."},{"text":"","isCorrect":false}]$$::jsonb, $$contamination hydrique, animale, ou interhumaine féco-orale.$$, 2, '2025-11-02T17:51:10.485Z');
INSERT INTO "Question" (id, "chapterId", "questionText", options, explanation, "orderIndex", "createdAt") VALUES ('cmhi0c7fb00a24dg6c18qtyrg', 'cmhi0c7f2009u4dg6we5ynuyt', $$Cryptosporidiose : clinique$$, $$[{"text":"Diarrhée aqueuse abondante.","isCorrect":true},{"text":"Fièvre élevée constante.","isCorrect":false,"justification":"Fièvre modérée."},{"text":"Amaigrissement rapide.","isCorrect":true},{"text":"Évolution bénigne chez immunocompétent.","isCorrect":true},{"text":"Forme chronique chez immunodéprimé (VIH).","isCorrect":true}]$$::jsonb, $$diarrhée hydrique aiguë ou chronique selon immunité du patient.$$, 3, '2025-11-02T17:51:10.487Z');
INSERT INTO "Question" (id, "chapterId", "questionText", options, explanation, "orderIndex", "createdAt") VALUES ('cmhi0c7fd00a44dg64ve1hz4l', 'cmhi0c7f2009u4dg6we5ynuyt', $$Diagnostic biologique$$, $$[{"text":"Recherche d’oocystes dans les selles.","isCorrect":true},{"text":"Coloration Ziehl-Neelsen modifiée.","isCorrect":true},{"text":"Culture sur gélose sang.","isCorrect":false,"justification":"Impossible."},{"text":"PCR spécifique.","isCorrect":true},{"text":"Sérologie indispensable.","isCorrect":false,"justification":"Peu utile."}]$$::jsonb, $$diagnostic sur selles : oocystes colorés, PCR si besoin.$$, 4, '2025-11-02T17:51:10.490Z');
INSERT INTO "Question" (id, "chapterId", "questionText", options, explanation, "orderIndex", "createdAt") VALUES ('cmhi0c7ff00a64dg6rmrtlsu1', 'cmhi0c7f2009u4dg6we5ynuyt', $$Traitement de la cryptosporidiose$$, $$[{"text":"Nitazoxanide efficace chez immunocompétent.","isCorrect":true},{"text":"Aucun traitement curatif prouvé chez VIH+.","isCorrect":true},{"text":"Métronidazole actif.","isCorrect":false,"justification":"Inefficace."},{"text":"Réhydratation fondamentale.","isCorrect":true},{"text":"Cotrimoxazole systématique.","isCorrect":false,"justification":"Réservé à Isospora et Cyclospora."}]$$::jsonb, $$nitazoxanide utile, traitement de soutien primordial, inefficace chez VIH sévère.$$, 5, '2025-11-02T17:51:10.492Z');
INSERT INTO "Question" (id, "chapterId", "questionText", options, explanation, "orderIndex", "createdAt") VALUES ('cmhi0c7fh00a84dg6hv44ecpp', 'cmhi0c7f2009u4dg6we5ynuyt', $$Isosporose$$, $$[{"text":"Due à Isospora belli.","isCorrect":true},{"text":"Diarrhée hydrique prolongée.","isCorrect":true},{"text":"Très rare chez immunodéprimé.","isCorrect":false,"justification":"Fréquente chez VIH+."},{"text":"Diagnostic : oocystes ovalaires dans selles.","isCorrect":true},{"text":"Traitement : cotrimoxazole.","isCorrect":true}]$$::jsonb, $$isosporose = diarrhée prolongée, traitement efficace par cotrimoxazole.$$, 6, '2025-11-02T17:51:10.494Z');
INSERT INTO "Question" (id, "chapterId", "questionText", options, explanation, "orderIndex", "createdAt") VALUES ('cmhi0c7fk00aa4dg6geq65srl', 'cmhi0c7f2009u4dg6we5ynuyt', $$Cyclosporose$$, $$[{"text":"Due à Cyclospora cayetanensis.","isCorrect":true},{"text":"Transmission par fruits et légumes contaminés.","isCorrect":true},{"text":"Oocystes immédiatement infectants.","isCorrect":false,"justification":"Doivent sporuler plusieurs jours."},{"text":"Réponse au cotrimoxazole.","isCorrect":true},{"text":"Réinfection impossible.","isCorrect":false,"justification":"Immunité incomplète."}]$$::jsonb, $$cyclosporose = parasitose alimentaire estivale, traitement par cotrimoxazole.$$, 7, '2025-11-02T17:51:10.496Z');
INSERT INTO "Question" (id, "chapterId", "questionText", options, explanation, "orderIndex", "createdAt") VALUES ('cmhi0c7fo00ae4dg6ld2g6v5s', 'cmhi0c7f2009u4dg6we5ynuyt', $$Points clés$$, $$[{"text":"Protozoaires intracellulaires du tube digestif.","isCorrect":true},{"text":"Transmission féco-orale.","isCorrect":true},{"text":"Diarrhée sévère chez immunodéprimé.","isCorrect":true},{"text":"Traitement : cotrimoxazole pour Isospora / Cyclospora, nitazoxanide pour Cryptosporidium.","isCorrect":true},{"text":"Vaccination recommandée.","isCorrect":false,"justification":"Aucune."}]$$::jsonb, $$coccidioses = diarrhées féco-orales opportunistes, prévention par hygiène et traitement ciblé.$$, 9, '2025-11-02T17:51:10.501Z');
INSERT INTO "Chapter" (id, "subjectId", title, description, "orderIndex", "pdfUrl", "createdAt") VALUES ('cmhi0c7fs00ag4dg63mg3fc4m', 'cmhi0c73200004dg67jqmn6q5', $$Chapitre 7 — Ascaridiose, Oxyurose et Trichocéphalose$$, NULL, 13, NULL, '2025-11-02T17:51:10.504Z');
INSERT INTO "Question" (id, "chapterId", "questionText", options, explanation, "orderIndex", "createdAt") VALUES ('cmhi0c7gh00b44dg6szxovmj9', 'cmhi0c7fs00ag4dg63mg3fc4m', $$Trichocéphalose : clinique$$, $$[{"text":"Souvent asymptomatique.","isCorrect":true},{"text":"Diarrhée sanglante et ténesme possibles.","isCorrect":true},{"text":"Prolapsus rectal dans formes massives.","isCorrect":true},{"text":"Fièvre élevée constante.","isCorrect":false,"justification":"Rare."},{"text":"Troubles neurologiques.","isCorrect":false,"justification":"Aucun."}]$$::jsonb, $$infection souvent bénigne, parfois colite et prolapsus.$$, 11, '2025-11-02T17:51:10.529Z');
INSERT INTO "Question" (id, "chapterId", "questionText", options, explanation, "orderIndex", "createdAt") VALUES ('cmhi0c7gj00b64dg6qo3d6r5t', 'cmhi0c7fs00ag4dg63mg3fc4m', $$Diagnostic de la trichocéphalose$$, $$[{"text":"Observation d’œufs citronnés dans les selles.","isCorrect":true},{"text":"Sérologie utile.","isCorrect":false,"justification":"Non."},{"text":"Éosinophilie possible.","isCorrect":true},{"text":"Culture sur sang.","isCorrect":false,"justification":"Impossible."},{"text":"PCR disponible pour confirmation.","isCorrect":true}]$$::jsonb, $$diagnostic simple par examen coprologique.$$, 12, '2025-11-02T17:51:10.531Z');
INSERT INTO "Question" (id, "chapterId", "questionText", options, explanation, "orderIndex", "createdAt") VALUES ('cmhi0c7gl00b84dg6eky544zk', 'cmhi0c7fs00ag4dg63mg3fc4m', $$Traitement de la trichocéphalose$$, $$[{"text":"Mebendazole.","isCorrect":true},{"text":"Albendazole.","isCorrect":true},{"text":"Ivermectine obligatoire.","isCorrect":false,"justification":"Optionnelle."},{"text":"","isCorrect":false},{"text":"Réhydratation inutile.","isCorrect":false,"justification":"Nécessaire si diarrhée."}]$$::jsonb, $$benzimidazolés efficaces, parfois cure répétée.$$, 13, '2025-11-02T17:51:10.534Z');
INSERT INTO "Question" (id, "chapterId", "questionText", options, explanation, "orderIndex", "createdAt") VALUES ('cmhi0c7go00ba4dg60ilivba3', 'cmhi0c7fs00ag4dg63mg3fc4m', $$Points clés$$, $$[{"text":"Nématodes intestinaux très fréquents.","isCorrect":true},{"text":"Transmission féco-orale.","isCorrect":true},{"text":"Migration tissulaire pour Ascaris.","isCorrect":true},{"text":"Diagnostic : œufs dans selles.","isCorrect":true},{"text":"Prévention : lavage des mains, hygiène alimentaire.","isCorrect":true}]$$::jsonb, $$parasites digestifs classiques, prévention simple par hygiène et déparasitage.$$, 14, '2025-11-02T17:51:10.536Z');
INSERT INTO "Question" (id, "chapterId", "questionText", options, explanation, "orderIndex", "createdAt") VALUES ('cmhi0c7ft00ai4dg6ajb7u1kk', 'cmhi0c7fs00ag4dg63mg3fc4m', $$Généralités$$, $$[{"text":"Ce sont des protozoaires intestinaux.","isCorrect":false,"justification":"Ce sont des nématodes (vers ronds)."},{"text":"La transmission est féco-orale.","isCorrect":true},{"text":"L’homme est hôte définitif.","isCorrect":true},{"text":"Le cycle comporte une migration pulmonaire pour certains.","isCorrect":true},{"text":"Les œufs sont toujours infestants immédiatement.","isCorrect":false,"justification":"Doivent mûrir dans le sol."}]$$::jsonb, $$nématodes à transmission féco-orale, certains à migration tissulaire.$$, 0, '2025-11-02T17:51:10.506Z');
INSERT INTO "Question" (id, "chapterId", "questionText", options, explanation, "orderIndex", "createdAt") VALUES ('cmhi0c7fw00ak4dg6v1s39zml', 'cmhi0c7fs00ag4dg63mg3fc4m', $$Ascaridiose : agent et cycle$$, $$[{"text":"Agent : Ascaris lumbricoides.","isCorrect":true},{"text":"Œufs pondus déjà infestants.","isCorrect":false,"justification":"Nécessitent maturation dans le sol (2–3 semaines)."},{"text":"Migration pulmonaire obligatoire.","isCorrect":true},{"text":"Réservoir animal.","isCorrect":false,"justification":"Strictement humain."},{"text":"Contamination par ingestion d’œufs.","isCorrect":true}]$$::jsonb, $$cycle direct, contamination par ingestion d’œufs mûrs du sol.$$, 1, '2025-11-02T17:51:10.508Z');
INSERT INTO "Question" (id, "chapterId", "questionText", options, explanation, "orderIndex", "createdAt") VALUES ('cmhi0c7fy00am4dg6oqn3g05r', 'cmhi0c7fs00ag4dg63mg3fc4m', $$Ascaridiose : clinique intestinale$$, $$[{"text":"Douleurs abdominales diffuses.","isCorrect":true},{"text":"Diarrhée sanglante.","isCorrect":false,"justification":"Non spécifique, rare."},{"text":"Troubles digestifs et malabsorption.","isCorrect":true},{"text":"Occlusion par amas de vers.","isCorrect":true},{"text":"Manifestations cutanées prurigineuses.","isCorrect":false,"justification":"Non typiques."}]$$::jsonb, $$symptômes digestifs variés, complications mécaniques possibles.$$, 2, '2025-11-02T17:51:10.510Z');
INSERT INTO "Question" (id, "chapterId", "questionText", options, explanation, "orderIndex", "createdAt") VALUES ('cmhi0c7g000ao4dg614shii94', 'cmhi0c7fs00ag4dg63mg3fc4m', $$Ascaridiose : migration larvaire$$, $$[{"text":"Passage par le foie et les poumons.","isCorrect":true},{"text":"Toux et syndrome de Löffler.","isCorrect":true},{"text":"Larves éliminées dans les urines.","isCorrect":false,"justification":"Pas de passage urinaire."},{"text":"Réactions allergiques possibles.","isCorrect":true},{"text":"Œdème de Quincke constant.","isCorrect":false,"justification":"Rare."}]$$::jsonb, $$phase pulmonaire allergique avec toux, éosinophilie, Löffler.$$, 3, '2025-11-02T17:51:10.512Z');
INSERT INTO "Question" (id, "chapterId", "questionText", options, explanation, "orderIndex", "createdAt") VALUES ('cmhi0c7g200aq4dg6hs1w4f0w', 'cmhi0c7fs00ag4dg63mg3fc4m', $$Diagnostic de l’ascaridiose$$, $$[{"text":"Mise en évidence d’œufs dans les selles.","isCorrect":true},{"text":"Observation de vers adultes expulsés.","isCorrect":true},{"text":"Sérologie indispensable.","isCorrect":false,"justification":"Non utile."},{"text":"Radiographie thoracique : larves visibles.","isCorrect":false,"justification":"Non visibles."},{"text":"Éosinophilie sanguine.","isCorrect":true}]$$::jsonb, $$diagnostic = œufs dans selles + éosinophilie.$$, 4, '2025-11-02T17:51:10.514Z');
INSERT INTO "Question" (id, "chapterId", "questionText", options, explanation, "orderIndex", "createdAt") VALUES ('cmhi0c7g400as4dg61xal0tnc', 'cmhi0c7fs00ag4dg63mg3fc4m', $$Traitement de l’ascaridiose$$, $$[{"text":"Albendazole.","isCorrect":true},{"text":"Mebendazole.","isCorrect":true},{"text":"Ivermectine.","isCorrect":true},{"text":"Corticoïdes systématiques.","isCorrect":false,"justification":"Non nécessaires."},{"text":"Répéter le traitement à 15 jours.","isCorrect":true}]$$::jsonb, $$benzimidazolés efficaces, cure unique ou répétée.$$, 5, '2025-11-02T17:51:10.516Z');
INSERT INTO "Question" (id, "chapterId", "questionText", options, explanation, "orderIndex", "createdAt") VALUES ('cmhi0c7g700au4dg6duqutf5e', 'cmhi0c7fs00ag4dg63mg3fc4m', $$Oxyurose : agent et transmission$$, $$[{"text":"Agent : Enterobius vermicularis.","isCorrect":true},{"text":"Transmission féco-orale directe.","isCorrect":true},{"text":"Réservoir animal.","isCorrect":false,"justification":"Strictement humain."},{"text":"Contamination par piqûre.","isCorrect":false,"justification":"Ingestion ou inhalation d’œufs."},{"text":"Autoinfestation possible.","isCorrect":true}]$$::jsonb, $$oxyurose = parasitose strictement humaine, transmission directe et autoinfestation.$$, 6, '2025-11-02T17:51:10.519Z');
INSERT INTO "Question" (id, "chapterId", "questionText", options, explanation, "orderIndex", "createdAt") VALUES ('cmhi0c7g900aw4dg6p0q9hjea', 'cmhi0c7fs00ag4dg63mg3fc4m', $$Oxyurose : clinique$$, $$[{"text":"Prurit anal nocturne.","isCorrect":true},{"text":"Insomnie et agitation.","isCorrect":true},{"text":"Anémie sévère fréquente.","isCorrect":false,"justification":"Rare."},{"text":"Vulvite possible chez la fillette.","isCorrect":true},{"text":"Diarrhée sanglante.","isCorrect":false,"justification":"Pas caractéristique."}]$$::jsonb, $$oxyurose = prurit anal nocturne, parfois vulvite ou troubles du sommeil.$$, 7, '2025-11-02T17:51:10.521Z');
INSERT INTO "Question" (id, "chapterId", "questionText", options, explanation, "orderIndex", "createdAt") VALUES ('cmhi0c7gb00ay4dg6qt4j97qi', 'cmhi0c7fs00ag4dg63mg3fc4m', $$Oxyurose : diagnostic$$, $$[{"text":"Par coproculture.","isCorrect":false,"justification":"Œufs rarement dans selles."},{"text":"Par test de Graham (scotch test anal).","isCorrect":true},{"text":"Observation de vers adultes sur les selles.","isCorrect":true},{"text":"Sérologie.","isCorrect":false,"justification":"Inutile."},{"text":"Éosinophilie absente ou faible.","isCorrect":true}]$$::jsonb, $$diagnostic direct par scotch test anal le matin.$$, 8, '2025-11-02T17:51:10.523Z');
INSERT INTO "Question" (id, "chapterId", "questionText", options, explanation, "orderIndex", "createdAt") VALUES ('cmhi0c7gd00b04dg63gyprkzb', 'cmhi0c7fs00ag4dg63mg3fc4m', $$Oxyurose : traitement$$, $$[{"text":"Albendazole ou mebendazole.","isCorrect":true},{"text":"Traitement de toute la famille.","isCorrect":true},{"text":"Répéter la cure après 15 jours.","isCorrect":true},{"text":"Corticoïdes nécessaires.","isCorrect":false,"justification":"Non."},{"text":"Mesures d’hygiène inutiles.","isCorrect":false,"justification":"Essentielles."}]$$::jsonb, $$traitement antiparasitaire + hygiène familiale stricte.$$, 9, '2025-11-02T17:51:10.525Z');
INSERT INTO "Question" (id, "chapterId", "questionText", options, explanation, "orderIndex", "createdAt") VALUES ('cmhi0c7gf00b24dg6kac2ctfz', 'cmhi0c7fs00ag4dg63mg3fc4m', $$Trichocéphalose : généralités$$, $$[{"text":"Agent : Trichuris trichiura.","isCorrect":true},{"text":"Localisation : côlon.","isCorrect":true},{"text":"Transmission par piqûre.","isCorrect":false,"justification":"Féco-orale."},{"text":"Réservoir animal principal.","isCorrect":false,"justification":"Humain."},{"text":"Œufs infectants après maturation dans le sol.","isCorrect":true}]$$::jsonb, $$trichocéphalose = helminthose colique, cycle direct féco-oral.$$, 10, '2025-11-02T17:51:10.527Z');
INSERT INTO "Chapter" (id, "subjectId", title, description, "orderIndex", "pdfUrl", "createdAt") VALUES ('cmhi0c7gr00bc4dg6aq2osjdf', 'cmhi0c73200004dg67jqmn6q5', $$Chapitre 8 — Anguillulose et Ankylostomose$$, NULL, 14, NULL, '2025-11-02T17:51:10.539Z');
INSERT INTO "Question" (id, "chapterId", "questionText", options, explanation, "orderIndex", "createdAt") VALUES ('cmhi0c7gt00be4dg6f7btxyat', 'cmhi0c7gr00bc4dg6aq2osjdf', $$Généralités$$, $$[{"text":"Ce sont des protozoaires intestinaux.","isCorrect":false,"justification":"Ce sont des nématodes."},{"text":"Transmission par voie cutanée.","isCorrect":true},{"text":"Réservoir animal principal.","isCorrect":false,"justification":"Strictement humain."},{"text":"Migration pulmonaire au cours du cycle.","isCorrect":true},{"text":"","isCorrect":false}]$$::jsonb, $$nématodes du sol à pénétration cutanée, cycle partiellement direct.$$, 0, '2025-11-02T17:51:10.541Z');
INSERT INTO "Question" (id, "chapterId", "questionText", options, explanation, "orderIndex", "createdAt") VALUES ('cmhi0c7gv00bg4dg63j5850pc', 'cmhi0c7gr00bc4dg6aq2osjdf', $$Agents pathogènes$$, $$[{"text":"Strongyloides stercoralis (anguillulose).","isCorrect":true},{"text":"Necator americanus (ankylostomose).","isCorrect":true},{"text":"Ancylostoma duodenale (ankylostomose).","isCorrect":true},{"text":"Ascaris lumbricoides.","isCorrect":false,"justification":"Autre parasite."},{"text":"Enterobius vermicularis.","isCorrect":false,"justification":"Oxyure."}]$$::jsonb, $$principaux agents : Strongyloides, Ancylostoma, Necator.$$, 1, '2025-11-02T17:51:10.543Z');
INSERT INTO "Question" (id, "chapterId", "questionText", options, explanation, "orderIndex", "createdAt") VALUES ('cmhi0c7gx00bi4dg6yjp0te55', 'cmhi0c7gr00bc4dg6aq2osjdf', $$Mode de contamination$$, $$[{"text":"Par ingestion d’œufs embryonnés.","isCorrect":false,"justification":"Pénétration transcutanée de larves."},{"text":"Par morsure de moustique.","isCorrect":false,"justification":"Non vectorielle."},{"text":"Par contact avec sol contaminé.","isCorrect":true},{"text":"Par transfusion.","isCorrect":false},{"text":"Autoinfestation possible dans l’anguillulose.","isCorrect":true}]$$::jsonb, $$contamination cutanée par larves du sol ; autoinfestation spécifique à Strongyloides.$$, 2, '2025-11-02T17:51:10.545Z');
INSERT INTO "Question" (id, "chapterId", "questionText", options, explanation, "orderIndex", "createdAt") VALUES ('cmhi0c7gz00bk4dg6cm2vpf6w', 'cmhi0c7gr00bc4dg6aq2osjdf', $$Cycle parasitaire$$, $$[{"text":"Migration : peau → poumons → intestin.","isCorrect":true},{"text":"Œufs émis non embryonnés dans les selles.","isCorrect":false,"justification":"Larves rhabditoïdes pour Strongyloides."},{"text":"Hôte intermédiaire nécessaire.","isCorrect":false,"justification":"Cycle direct."},{"text":"Possibilité de multiplication dans l’hôte (Strongyloides).","isCorrect":true},{"text":"","isCorrect":false}]$$::jsonb, $$cycle cutanéo-pulmonaire puis intestinal, autoinfestation propre à Strongyloides.$$, 3, '2025-11-02T17:51:10.547Z');
INSERT INTO "Question" (id, "chapterId", "questionText", options, explanation, "orderIndex", "createdAt") VALUES ('cmhi0c7h100bm4dg6gv7kogfr', 'cmhi0c7gr00bc4dg6aq2osjdf', $$Anguillulose : clinique$$, $$[{"text":"Dermatite prurigineuse à la pénétration.","isCorrect":true},{"text":"Toux et dyspnée au stade pulmonaire.","isCorrect":true},{"text":"Diarrhée chronique.","isCorrect":true},{"text":"Urticaire migrateur.","isCorrect":true},{"text":"Anémie ferriprive constante.","isCorrect":false,"justification":"Typique d’ankylostomose, pas d’anguillulose."}]$$::jsonb, $$anguillulose = manifestations cutanées, pulmonaires et digestives, évolution chronique.$$, 4, '2025-11-02T17:51:10.549Z');
INSERT INTO "Question" (id, "chapterId", "questionText", options, explanation, "orderIndex", "createdAt") VALUES ('cmhi0c7h400bo4dg69rfwsyg8', 'cmhi0c7gr00bc4dg6aq2osjdf', $$Hyperinfection à Strongyloides$$, $$[{"text":"Observée chez immunodéprimés.","isCorrect":true},{"text":"Peut provoquer une septicémie à bacilles Gram–.","isCorrect":true},{"text":"Mortalité faible.","isCorrect":false,"justification":"Mortalité élevée sans traitement."},{"text":"Liée à l’autoinfestation massive.","isCorrect":true},{"text":"Traitement par albendazole seul.","isCorrect":false,"justification":"Ivermectine préférable."}]$$::jsonb, $$hyperinfection grave chez immunodéprimé ; traitement par ivermectine en urgence.$$, 5, '2025-11-02T17:51:10.552Z');
INSERT INTO "Question" (id, "chapterId", "questionText", options, explanation, "orderIndex", "createdAt") VALUES ('cmhi0c7h600bq4dg6g6reh5om', 'cmhi0c7gr00bc4dg6aq2osjdf', $$Diagnostic de l’anguillulose$$, $$[{"text":"Œufs dans les selles.","isCorrect":false,"justification":"Larves, pas d’œufs."},{"text":"Examen de selles frais répété.","isCorrect":true},{"text":"Méthode de Baermann utile.","isCorrect":true},{"text":"Sérologie de confirmation possible.","isCorrect":true},{"text":"Coloration Ziehl-Neelsen.","isCorrect":false,"justification":"Non adaptée."}]$$::jsonb, $$diagnostic = recherche de larves dans selles, méthodes de concentration.$$, 6, '2025-11-02T17:51:10.554Z');
INSERT INTO "Question" (id, "chapterId", "questionText", options, explanation, "orderIndex", "createdAt") VALUES ('cmhi0c7h800bs4dg6mkynjew3', 'cmhi0c7gr00bc4dg6aq2osjdf', $$Traitement de l’anguillulose$$, $$[{"text":"Ivermectine.","isCorrect":true},{"text":"Albendazole.","isCorrect":true},{"text":"Corticoïdes systématiques.","isCorrect":false,"justification":"Favorisent hyperinfection."},{"text":"Répéter le traitement.","isCorrect":true},{"text":"Surveillance inutile.","isCorrect":false,"justification":"Suivi nécessaire chez immunodéprimés."}]$$::jsonb, $$ivermectine traitement de choix ; surveillance post-thérapeutique indispensable.$$, 7, '2025-11-02T17:51:10.556Z');
INSERT INTO "Question" (id, "chapterId", "questionText", options, explanation, "orderIndex", "createdAt") VALUES ('cmhi0c7ha00bu4dg68hrmrslf', 'cmhi0c7gr00bc4dg6aq2osjdf', $$Ankylostomose : cycle$$, $$[{"text":"Pénétration cutanée des larves.","isCorrect":true},{"text":"Migration pulmonaire.","isCorrect":true},{"text":"Fixation sur la muqueuse du grêle.","isCorrect":true},{"text":"Production d’œufs embryonnés.","isCorrect":false,"justification":"Non embryonnés."},{"text":"Réservoir animal principal.","isCorrect":false,"justification":"Humain."}]$$::jsonb, $$cycle direct avec pénétration cutanée et migration tissulaire.$$, 8, '2025-11-02T17:51:10.558Z');
INSERT INTO "Question" (id, "chapterId", "questionText", options, explanation, "orderIndex", "createdAt") VALUES ('cmhi0c7hc00bw4dg6tq0c48x7', 'cmhi0c7gr00bc4dg6aq2osjdf', $$Ankylostomose : clinique$$, $$[{"text":"Dermatite larvaire prurigineuse.","isCorrect":true},{"text":"Diarrhée hémorragique.","isCorrect":false,"justification":"Rare."},{"text":"Anémie ferriprive.","isCorrect":true},{"text":"Asthénie intense et pâleur.","isCorrect":true},{"text":"Œdèmes généralisés (formes graves).","isCorrect":true}]$$::jsonb, $$ankylostomose = spoliation sanguine → anémie microcytaire sévère.$$, 9, '2025-11-02T17:51:10.560Z');
INSERT INTO "Question" (id, "chapterId", "questionText", options, explanation, "orderIndex", "createdAt") VALUES ('cmhi0c7he00by4dg6ztrxvoty', 'cmhi0c7gr00bc4dg6aq2osjdf', $$Diagnostic biologique$$, $$[{"text":"Œufs dans les selles.","isCorrect":true},{"text":"Morphologie des œufs spécifique.","isCorrect":false,"justification":"Œufs d’ankylostomes indistinguables entre espèces."},{"text":"PCR pour identification.","isCorrect":true},{"text":"Hémogramme : anémie ferriprive.","isCorrect":true},{"text":"Sérologie indispensable.","isCorrect":false,"justification":"Rarement utilisée."}]$$::jsonb, $$diagnostic = examen parasitologique des selles + anémie biologique.$$, 10, '2025-11-02T17:51:10.562Z');
INSERT INTO "Question" (id, "chapterId", "questionText", options, explanation, "orderIndex", "createdAt") VALUES ('cmhi0c7hg00c04dg6c01erdjp', 'cmhi0c7gr00bc4dg6aq2osjdf', $$Traitement de l’ankylostomose$$, $$[{"text":"Albendazole ou mébendazole.","isCorrect":true},{"text":"Ivermectine.","isCorrect":true},{"text":"Transfusion sanguine parfois nécessaire.","isCorrect":true},{"text":"Fer oral en complément.","isCorrect":true},{"text":"Aucun traitement disponible.","isCorrect":false}]$$::jsonb, $$traitement mixte antiparasitaire et correction de l’anémie.$$, 11, '2025-11-02T17:51:10.564Z');
INSERT INTO "Question" (id, "chapterId", "questionText", options, explanation, "orderIndex", "createdAt") VALUES ('cmhi0c7hi00c24dg6vitx6wfk', 'cmhi0c7gr00bc4dg6aq2osjdf', $$Prévention$$, $$[{"text":"Port de chaussures dans les zones à risque.","isCorrect":true},{"text":"Hygiène des sols et assainissement.","isCorrect":true},{"text":"Vaccin efficace.","isCorrect":false,"justification":"Aucun vaccin."},{"text":"Éducation sanitaire.","isCorrect":true},{"text":"Déparasitage de masse recommandé.","isCorrect":true}]$$::jsonb, $$prévention simple : chaussures, hygiène, éducation, déparasitage communautaire.$$, 12, '2025-11-02T17:51:10.567Z');
INSERT INTO "Question" (id, "chapterId", "questionText", options, explanation, "orderIndex", "createdAt") VALUES ('cmhi0c7hl00c44dg64uqk3cjw', 'cmhi0c7gr00bc4dg6aq2osjdf', $$Complications$$, $$[{"text":"Anémie ferriprive chronique.","isCorrect":true},{"text":"Retard de croissance.","isCorrect":true},{"text":"Insuffisance hépatique.","isCorrect":false,"justification":"Non liée."},{"text":"Troubles cardiaques par anémie.","isCorrect":true},{"text":"Obstruction intestinale.","isCorrect":false,"justification":"Rare."}]$$::jsonb, $$complications dues à l’anémie chronique et à la malnutrition associée.$$, 13, '2025-11-02T17:51:10.569Z');
INSERT INTO "Question" (id, "chapterId", "questionText", options, explanation, "orderIndex", "createdAt") VALUES ('cmhi0c7hn00c64dg6lgi01bx5', 'cmhi0c7gr00bc4dg6aq2osjdf', $$Points clés$$, $$[{"text":"Anguillulose = autoinfestation possible.","isCorrect":true},{"text":"Ankylostomose = anémie ferriprive majeure.","isCorrect":true},{"text":"Transmission = cutanée à partir du sol.","isCorrect":true},{"text":"Traitement = ivermectine ou benzimidazolés.","isCorrect":true},{"text":"Prévention = hygiène du sol et port de chaussures.","isCorrect":true}]$$::jsonb, $$nématodes du sol à pénétration cutanée ; prévention et traitement simples mais essentiels.$$, 14, '2025-11-02T17:51:10.571Z');
INSERT INTO "Chapter" (id, "subjectId", title, description, "orderIndex", "pdfUrl", "createdAt") VALUES ('cmhi0c7hq00c84dg64n7e4iv0', 'cmhi0c73200004dg67jqmn6q5', $$Chapitre 9 — Schistosomiases (Bilharzioses)$$, NULL, 15, NULL, '2025-11-02T17:51:10.574Z');
INSERT INTO "Question" (id, "chapterId", "questionText", options, explanation, "orderIndex", "createdAt") VALUES ('cmhi0c7hs00ca4dg6jvwt2ekd', 'cmhi0c7hq00c84dg64n7e4iv0', $$Généralités$$, $$[{"text":"Maladie due à des protozoaires.","isCorrect":false,"justification":"Ce sont des trématodes sanguins."},{"text":"Transmission par pénétration cutanée des furcocercaires.","isCorrect":true},{"text":"Cycle avec hôte intermédiaire : mollusque.","isCorrect":true},{"text":"Réservoir animal exclusif.","isCorrect":false,"justification":"L’homme est le principal réservoir."},{"text":"Transmission féco-orale.","isCorrect":false,"justification":"Par eau douce infestée."}]$$::jsonb, $$trématodes du sang à pénétration cutanée par larves aquatiques.$$, 0, '2025-11-02T17:51:10.576Z');
INSERT INTO "Question" (id, "chapterId", "questionText", options, explanation, "orderIndex", "createdAt") VALUES ('cmhi0c7hu00cc4dg616dqrkst', 'cmhi0c7hq00c84dg64n7e4iv0', $$Espèces principales$$, $$[{"text":"Schistosoma haematobium.","isCorrect":true},{"text":"Schistosoma mansoni.","isCorrect":true},{"text":"Schistosoma japonicum.","isCorrect":true},{"text":"Schistosoma intercalatum.","isCorrect":true},{"text":"Schistosoma vivax.","isCorrect":false,"justification":"N’existe pas."}]$$::jsonb, $$quatre espèces humaines majeures, répartition géographique variable.$$, 1, '2025-11-02T17:51:10.578Z');
INSERT INTO "Question" (id, "chapterId", "questionText", options, explanation, "orderIndex", "createdAt") VALUES ('cmhi0c7hw00ce4dg6ij2owe7q', 'cmhi0c7hq00c84dg64n7e4iv0', $$Répartition géographique$$, $$[{"text":"S. haematobium : Afrique et Moyen-Orient.","isCorrect":true},{"text":"S. mansoni : Afrique et Amérique du Sud.","isCorrect":true},{"text":"S. japonicum : Asie du Sud-Est.","isCorrect":true},{"text":"S. intercalatum : Afrique centrale.","isCorrect":true},{"text":"S. haematobium : Asie uniquement.","isCorrect":false}]$$::jsonb, $$distribution mondiale selon espèce et zone climatique.$$, 2, '2025-11-02T17:51:10.581Z');
INSERT INTO "Question" (id, "chapterId", "questionText", options, explanation, "orderIndex", "createdAt") VALUES ('cmhi0c7hy00cg4dg6jrqmdu86', 'cmhi0c7hq00c84dg64n7e4iv0', $$Cycle parasitaire$$, $$[{"text":"Les œufs libérés dans l’eau donnent des miracidiums.","isCorrect":true},{"text":"Miracidium pénètre dans un mollusque.","isCorrect":true},{"text":"Furcocercaire pénètre par la peau humaine.","isCorrect":true},{"text":"Reproduction sexuée chez l’homme.","isCorrect":true},{"text":"Œufs éliminés dans les selles ou les urines.","isCorrect":true}]$$::jsonb, $$cycle indirect homme ↔ mollusque avec stade larvaire aquatique.$$, 3, '2025-11-02T17:51:10.583Z');
INSERT INTO "Question" (id, "chapterId", "questionText", options, explanation, "orderIndex", "createdAt") VALUES ('cmhi0c7i100ci4dg6z4hf9f8y', 'cmhi0c7hq00c84dg64n7e4iv0', $$Phase de pénétration$$, $$[{"text":"Démangeaisons cutanées (transitoires).","isCorrect":true},{"text":"Lésions chroniques immédiates.","isCorrect":false,"justification":"Phase aiguë brève."},{"text":"Œdème localisé appelé dermatite du baigneur.","isCorrect":true},{"text":"Fièvre et urticaire.","isCorrect":true},{"text":"Douleur osseuse.","isCorrect":false}]$$::jsonb, $$pénétration cutanée → dermatite allergique fugace.$$, 4, '2025-11-02T17:51:10.585Z');
INSERT INTO "Question" (id, "chapterId", "questionText", options, explanation, "orderIndex", "createdAt") VALUES ('cmhi0c7i300ck4dg6072wmwkz', 'cmhi0c7hq00c84dg64n7e4iv0', $$Phase d’invasion (Katayama)$$, $$[{"text":"Fièvre, urticaire, toux, hépatosplénomégalie.","isCorrect":true},{"text":"Éosinophilie majeure.","isCorrect":true},{"text":"Hypotension choc.","isCorrect":false},{"text":"Diarrhée sanglante.","isCorrect":true},{"text":"Syndrome néphrotique.","isCorrect":false,"justification":"Tardif."}]$$::jsonb, $$phase d’invasion allergique et fébrile, avec éosinophilie élevée.$$, 5, '2025-11-02T17:51:10.587Z');
INSERT INTO "Question" (id, "chapterId", "questionText", options, explanation, "orderIndex", "createdAt") VALUES ('cmhi0c7i500cm4dg6kbaq2u93', 'cmhi0c7hq00c84dg64n7e4iv0', $$Schistosomiase urinaire (S. haematobium)$$, $$[{"text":"Hématurie terminale.","isCorrect":true},{"text":"Pollakiurie et douleur mictionnelle.","isCorrect":true},{"text":"Diarrhée sanglante.","isCorrect":false,"justification":"Forme intestinale."},{"text":"Calcifications vésicales tardives.","isCorrect":true},{"text":"Risque de cancer vésical.","isCorrect":true}]$$::jsonb, $$schistosomiase urinaire = hématurie et complications urinaires chroniques.$$, 6, '2025-11-02T17:51:10.589Z');
INSERT INTO "Question" (id, "chapterId", "questionText", options, explanation, "orderIndex", "createdAt") VALUES ('cmhi0c7i700co4dg6syhxg1e5', 'cmhi0c7hq00c84dg64n7e4iv0', $$Schistosomiase intestinale (S. mansoni, S. japonicum)$$, $$[{"text":"Diarrhée sanglante chronique.","isCorrect":true},{"text":"Douleurs abdominales.","isCorrect":true},{"text":"Hépatosplénomégalie.","isCorrect":true},{"text":"","isCorrect":false},{"text":"Toux sèche.","isCorrect":false}]$$::jsonb, $$formes digestives → colite chronique et hypertension portale.$$, 7, '2025-11-02T17:51:10.592Z');
INSERT INTO "Question" (id, "chapterId", "questionText", options, explanation, "orderIndex", "createdAt") VALUES ('cmhi0c7i900cq4dg6vt8x1l9r', 'cmhi0c7hq00c84dg64n7e4iv0', $$Complications hépatiques$$, $$[{"text":"Fibrose périportale de Symmers.","isCorrect":true},{"text":"Hypertension portale.","isCorrect":true},{"text":"Ascite.","isCorrect":true},{"text":"Cirrhose alcoolique.","isCorrect":false,"justification":"Autre étiologie."},{"text":"Varices œsophagiennes.","isCorrect":true}]$$::jsonb, $$atteinte hépato-splénique → fibrose périportale et hypertension portale.$$, 8, '2025-11-02T17:51:10.594Z');
INSERT INTO "Question" (id, "chapterId", "questionText", options, explanation, "orderIndex", "createdAt") VALUES ('cmhi0c7ic00cs4dg603chjpd3', 'cmhi0c7hq00c84dg64n7e4iv0', $$Schistosomiase pulmonaire$$, $$[{"text":"Résulte de migration œufs vers les poumons.","isCorrect":true},{"text":"Hypertension artérielle pulmonaire.","isCorrect":true},{"text":"Toux et dyspnée.","isCorrect":true},{"text":"Diagnostic par hémoculture.","isCorrect":false},{"text":"Réversible toujours.","isCorrect":false,"justification":"Peut devenir chronique."}]$$::jsonb, $$atteinte pulmonaire secondaire → HTAP et dyspnée chronique.$$, 9, '2025-11-02T17:51:10.596Z');
INSERT INTO "Question" (id, "chapterId", "questionText", options, explanation, "orderIndex", "createdAt") VALUES ('cmhi0c7ie00cu4dg6wxrhhypi', 'cmhi0c7hq00c84dg64n7e4iv0', $$Diagnostic biologique$$, $$[{"text":"Mise en évidence des œufs dans les urines (S. haematobium).","isCorrect":true},{"text":"Œufs dans les selles (S. mansoni, S. japonicum).","isCorrect":true},{"text":"Sérologie utile pour formes chroniques.","isCorrect":true},{"text":"PCR possible.","isCorrect":true},{"text":"Culture bactérienne positive.","isCorrect":false}]$$::jsonb, $$diagnostic direct sur urines/selles, soutenu par sérologie et PCR.$$, 10, '2025-11-02T17:51:10.598Z');
INSERT INTO "Question" (id, "chapterId", "questionText", options, explanation, "orderIndex", "createdAt") VALUES ('cmhi0c7ig00cw4dg61e5f20vk', 'cmhi0c7hq00c84dg64n7e4iv0', $$Examens complémentaires$$, $$[{"text":"Échographie : fibrose hépatique.","isCorrect":true},{"text":"Cystoscopie : plaques calcifiées.","isCorrect":true},{"text":"Radiographie thoracique : calcifications pulmonaires.","isCorrect":true},{"text":"IRM : localisation neurologique.","isCorrect":true},{"text":"Endoscopie : diagnostic de certitude.","isCorrect":false,"justification":"Pas spécifique."}]$$::jsonb, $$imagerie utile dans les formes chroniques et complications.$$, 11, '2025-11-02T17:51:10.601Z');
INSERT INTO "Question" (id, "chapterId", "questionText", options, explanation, "orderIndex", "createdAt") VALUES ('cmhi0c7ij00cy4dg61s2xqyg4', 'cmhi0c7hq00c84dg64n7e4iv0', $$Traitement$$, $$[{"text":"Praziquantel = médicament de choix.","isCorrect":true},{"text":"Oxamniquine utile pour S. mansoni.","isCorrect":true},{"text":"Métronidazole efficace.","isCorrect":false,"justification":"Aucun effet."},{"text":"Répéter le traitement si réinfestation.","isCorrect":true},{"text":"Chimioprophylaxie longue.","isCorrect":false,"justification":"Non indiquée."}]$$::jsonb, $$praziquantel = traitement universel des schistosomiases.$$, 12, '2025-11-02T17:51:10.603Z');
INSERT INTO "Question" (id, "chapterId", "questionText", options, explanation, "orderIndex", "createdAt") VALUES ('cmhi0c7il00d04dg6jbud4l51', 'cmhi0c7hq00c84dg64n7e4iv0', $$Suivi post-traitement$$, $$[{"text":"Contrôle des selles/urines après 6 semaines.","isCorrect":true},{"text":"Sérologie devient négative immédiatement.","isCorrect":false,"justification":"Persiste plusieurs mois."},{"text":"Échographie de surveillance hépatique.","isCorrect":true},{"text":"Second traitement si œufs persistants.","isCorrect":true},{"text":"Aucune surveillance requise.","isCorrect":false}]$$::jsonb, $$suivi coprologique et échographique pour confirmer guérison.$$, 13, '2025-11-02T17:51:10.605Z');
INSERT INTO "Question" (id, "chapterId", "questionText", options, explanation, "orderIndex", "createdAt") VALUES ('cmhi0c7in00d24dg6oc3678pt', 'cmhi0c7hq00c84dg64n7e4iv0', $$Prévention collective$$, $$[{"text":"Traitement de masse dans les zones endémiques.","isCorrect":true},{"text":"Éradication des mollusques.","isCorrect":true},{"text":"Assainissement des eaux douces.","isCorrect":true},{"text":"Vaccin disponible.","isCorrect":false},{"text":"Éducation sanitaire.","isCorrect":true}]$$::jsonb, $$prévention = lutte antimollusque, traitement massif, éducation.$$, 14, '2025-11-02T17:51:10.607Z');
INSERT INTO "Question" (id, "chapterId", "questionText", options, explanation, "orderIndex", "createdAt") VALUES ('cmhi0c7ip00d44dg627u5i8j3', 'cmhi0c7hq00c84dg64n7e4iv0', $$Complications urinaires$$, $$[{"text":"Fibrose vésicale et hydronéphrose.","isCorrect":true},{"text":"Cancer épidermoïde de la vessie.","isCorrect":true},{"text":"Insuffisance rénale chronique.","isCorrect":true},{"text":"Infection urinaire récidivante.","isCorrect":true},{"text":"Hématurie disparaît toujours après traitement.","isCorrect":false}]$$::jsonb, $$atteinte urinaire chronique grave pouvant évoluer vers cancer vésical.$$, 15, '2025-11-02T17:51:10.609Z');
INSERT INTO "Question" (id, "chapterId", "questionText", options, explanation, "orderIndex", "createdAt") VALUES ('cmhi0c7ir00d64dg6j98ue2vf', 'cmhi0c7hq00c84dg64n7e4iv0', $$Formes neurologiques$$, $$[{"text":"Compression médullaire par granulomes.","isCorrect":true},{"text":"Crises épileptiques.","isCorrect":true},{"text":"Méningite bactérienne secondaire.","isCorrect":false},{"text":"Paraplégie.","isCorrect":true},{"text":"Cécité.","isCorrect":false}]$$::jsonb, $$formes neuro-schistosomiennes rares mais graves (atteinte médullaire ou cérébrale).$$, 16, '2025-11-02T17:51:10.611Z');
INSERT INTO "Question" (id, "chapterId", "questionText", options, explanation, "orderIndex", "createdAt") VALUES ('cmhi0c7it00d84dg6472csuyu', 'cmhi0c7hq00c84dg64n7e4iv0', $$Schistosomiase japonica$$, $$[{"text":"S. japonicum : œufs petits, éperon latéral peu visible.","isCorrect":true},{"text":"Réservoir animal important (buffles, chiens).","isCorrect":true},{"text":"Formes neurologiques fréquentes.","isCorrect":true},{"text":"Cycle sans mollusque.","isCorrect":false,"justification":"Nécessaire."},{"text":"Traitement inefficace par praziquantel.","isCorrect":false,"justification":"Très efficace."}]$$::jsonb, $$S. japonicum = espèce asiatique zoonotique responsable de formes graves.$$, 17, '2025-11-02T17:51:10.613Z');
INSERT INTO "Question" (id, "chapterId", "questionText", options, explanation, "orderIndex", "createdAt") VALUES ('cmhi0c7iv00da4dg6xh7xaf7m', 'cmhi0c7hq00c84dg64n7e4iv0', $$Épidémiologie$$, $$[{"text":"Endémie dans les eaux douces tropicales.","isCorrect":true},{"text":"Transmission en eau de mer.","isCorrect":false,"justification":"Les furcocercaires n’y vivent pas."},{"text":"Groupes à risque : pêcheurs, agriculteurs, enfants.","isCorrect":true},{"text":"Réinfestation fréquente.","isCorrect":true},{"text":"Réservoir animal principal.","isCorrect":false,"justification":"Humain."}]$$::jsonb, $$maladie liée aux eaux douces polluées, réinfestations fréquentes en zone endémique.$$, 18, '2025-11-02T17:51:10.615Z');
INSERT INTO "Question" (id, "chapterId", "questionText", options, explanation, "orderIndex", "createdAt") VALUES ('cmhi0c7iy00dc4dg6z21scykb', 'cmhi0c7hq00c84dg64n7e4iv0', $$Points clés$$, $$[{"text":"Trématodes sanguins à cycle aquatique.","isCorrect":true},{"text":"Contamination cutanée par furcocercaires.","isCorrect":true},{"text":"Atteinte urinaire et digestive.","isCorrect":true},{"text":"Traitement par praziquantel.","isCorrect":true},{"text":"Prévention par vaccin.","isCorrect":false}]$$::jsonb, $$schistosomiases = grandes bilharzioses tropicales, traitement simple mais prévention hydrique essentielle.$$, 19, '2025-11-02T17:51:10.618Z');
INSERT INTO "Subject" (id, title, description, semester, tags, "totalQCM", "createdAt", views) VALUES ('cmhi0dd2g0000k498vt34o2z3', $$Sémiologie Cardiovasculaire$$, $$Cours de Sémiologie Cardiovasculaire$$, 'DCEM1', ARRAY[$$DCEM1$$, $$Sémiologie$$, $$Sémiologie Cardiovasculaire$$]::text[], 125, '2025-11-02T17:52:04.457Z', 0);
INSERT INTO "Chapter" (id, "subjectId", title, description, "orderIndex", "pdfUrl", "createdAt") VALUES ('cmhi0dd2x0002k498x0sde7j0', 'cmhi0dd2g0000k498vt34o2z3', $$Chapitre 1 – Particularités de l’observation médicale en cardiologie$$, NULL, 1, NULL, '2025-11-02T17:52:04.473Z');
INSERT INTO "Question" (id, "chapterId", "questionText", options, explanation, "orderIndex", "createdAt") VALUES ('cmhi0dd330004k498dha2j3y9', 'cmhi0dd2x0002k498x0sde7j0', $$Identification et motif de consultation$$, $$[{"text":"L’âge, la profession et l’origine géographique du patient doivent être précisés lors de l’identification.","isCorrect":true},{"text":"Le motif de consultation correspond toujours au diagnostic présumé.","isCorrect":false,"justification":"Il s’agit du symptôme principal rapporté par le patient, non d’un diagnostic."},{"text":"La fiabilité des informations dépend de la mémoire et de l’état intellectuel du patient.","isCorrect":true},{"text":"L’entourage n’est jamais une source fiable d’information médicale.","isCorrect":false,"justification":"Il peut être une source précieuse, notamment chez les patients confus ou âgés."},{"text":"Le motif de consultation est noté après l’examen clinique.","isCorrect":false,"justification":"Il est recueilli avant tout examen, dès l’interrogatoire initial."}]$$::jsonb, $$L’identification et le motif de consultation sont la première étape de toute observation médicale, conditionnant la qualité du diagnostic.$$, 0, '2025-11-02T17:52:04.479Z');
INSERT INTO "Question" (id, "chapterId", "questionText", options, explanation, "orderIndex", "createdAt") VALUES ('cmhi0dd390006k498zictyjte', 'cmhi0dd2x0002k498x0sde7j0', $$Histoire de la maladie$$, $$[{"text":"L’histoire de la maladie développe la plainte principale.","isCorrect":true},{"text":"Les sept attributs d’un symptôme incluent le siège, la qualité et l’intensité.","isCorrect":true},{"text":"Les circonstances déclenchantes ne font pas partie de l’interrogatoire.","isCorrect":false,"justification":"Elles orientent pourtant l’étiologie (ex. douleur à l’effort)."},{"text":"Les facteurs de rémission ou d’aggravation sont utiles pour le diagnostic différentiel.","isCorrect":true},{"text":"Les manifestations associées n’ont pas d’intérêt diagnostique.","isCorrect":false,"justification":"Elles aident à identifier les syndromes (ex. dyspnée + œdèmes → insuffisance cardiaque)."}]$$::jsonb, $$L’analyse systématique des attributs d’un symptôme permet d’en définir la cause probable et la gravité clinique.$$, 1, '2025-11-02T17:52:04.485Z');
INSERT INTO "Question" (id, "chapterId", "questionText", options, explanation, "orderIndex", "createdAt") VALUES ('cmhi0dd3b0008k498qzfcv3yr', 'cmhi0dd2x0002k498x0sde7j0', $$Antécédents personnels et familiaux$$, $$[{"text":"Les antécédents de rhumatisme articulaire aigu orientent vers une cardiopathie valvulaire.","isCorrect":true},{"text":"Les antécédents d’infarctus du myocarde doivent être considérés comme non pertinents pour une nouvelle douleur thoracique.","isCorrect":false,"justification":"Ils indiquent un risque élevé de récidive coronaire."},{"text":"L’hypertension artérielle est un facteur de risque cardiovasculaire modifiable.","isCorrect":true},{"text":"Les antécédents familiaux de coronaropathie avant 55 ans chez un parent de 1er degré sont significatifs.","isCorrect":true},{"text":"Les antécédents respiratoires ne doivent jamais être pris en compte dans un bilan cardiologique.","isCorrect":false,"justification":"Ils peuvent influencer la symptomatologie (ex. dyspnée)."}]$$::jsonb, $$L’étude complète des antécédents révèle le terrain du patient et oriente la recherche des pathologies cardiovasculaires héréditaires ou acquises.$$, 2, '2025-11-02T17:52:04.488Z');
INSERT INTO "Question" (id, "chapterId", "questionText", options, explanation, "orderIndex", "createdAt") VALUES ('cmhi0dd3e000ak498ig4qtcec', 'cmhi0dd2x0002k498x0sde7j0', $$Facteurs de risque cardiovasculaire$$, $$[{"text":"L’âge et le sexe sont des facteurs de risque non modifiables.","isCorrect":true},{"text":"Le diabète et l’hypercholestérolémie sont des facteurs de risque modifiables.","isCorrect":true},{"text":"Le tabagisme actif augmente le risque de coronaropathie.","isCorrect":true},{"text":"La sédentarité n’a aucun impact sur la santé cardiovasculaire.","isCorrect":false,"justification":"Elle favorise l’obésité, l’HTA et l’athérosclérose."},{"text":"Les antécédents familiaux ne sont pas considérés comme un facteur de risque.","isCorrect":false,"justification":"Ils sont au contraire déterminants dans l’évaluation du risque global."}]$$::jsonb, $$L’identification des facteurs de risque est essentielle pour la prévention et la prise en charge des maladies cardiovasculaires.$$, 3, '2025-11-02T17:52:04.491Z');
INSERT INTO "Question" (id, "chapterId", "questionText", options, explanation, "orderIndex", "createdAt") VALUES ('cmhi0dd3i000ck4986ij7efdx', 'cmhi0dd2x0002k498x0sde7j0', $$Examen clinique général$$, $$[{"text":"L’examen clinique doit toujours commencer par l’inspection.","isCorrect":true},{"text":"La mesure du pouls, de la tension artérielle et de la saturation fait partie des constantes vitales.","isCorrect":true},{"text":"L’auscultation cardiaque se réalise avant la palpation.","isCorrect":false,"justification":"L’ordre logique est inspection → palpation → percussion → auscultation."},{"text":"L’examen clinique doit s’effectuer dans un environnement calme et bien éclairé.","isCorrect":true},{"text":"L’examen des autres appareils n’est pas nécessaire dans un bilan cardiovasculaire.","isCorrect":false,"justification":"Les atteintes systémiques (ex. rénale, pulmonaire) sont souvent associées."}]$$::jsonb, $$Un examen clinique rigoureux et méthodique reste l’outil central du diagnostic cardiovasculaire.$$, 4, '2025-11-02T17:52:04.494Z');
INSERT INTO "Question" (id, "chapterId", "questionText", options, explanation, "orderIndex", "createdAt") VALUES ('cmhi0dd3m000ek498j34e91c5', 'cmhi0dd2x0002k498x0sde7j0', $$Inspection thoracique$$, $$[{"text":"Le thorax normal est symétrique et sans déformation.","isCorrect":true},{"text":"Un thorax en entonnoir est typique des insuffisants cardiaques.","isCorrect":false,"justification":"Il s’agit d’une déformation osseuse sans lien direct avec le cœur."},{"text":"La respiration doit être observée à l’œil nu avant toute auscultation.","isCorrect":true},{"text":"La turgescence jugulaire témoigne d’une élévation de la pression veineuse centrale.","isCorrect":true},{"text":"Le reflux hépato-jugulaire indique une insuffisance cardiaque gauche.","isCorrect":false,"justification":"Il est spécifique de l’insuffisance cardiaque droite."}]$$::jsonb, $$L’inspection du thorax et du cou fournit des indices immédiats sur l’état hémodynamique du patient.$$, 5, '2025-11-02T17:52:04.498Z');
INSERT INTO "Question" (id, "chapterId", "questionText", options, explanation, "orderIndex", "createdAt") VALUES ('cmhi0dd3p000gk4988tq79gsa', 'cmhi0dd2x0002k498x0sde7j0', $$Palpation cardiaque$$, $$[{"text":"Le choc de pointe normal se situe au 4e EIC gauche, près du mamelon.","isCorrect":true},{"text":"Un choc de pointe déplacé vers le bas et en dehors traduit une dilatation du ventricule gauche.","isCorrect":true},{"text":"Le frémissement cataire correspond à un souffle diastolique du rétrécissement mitral.","isCorrect":true},{"text":"Un choc aboli évoque souvent une cardiomégalie.","isCorrect":false,"justification":"Il est surtout observé en cas de péricardite ou d’emphysème pulmonaire."},{"text":"La palpation ne doit jamais être réalisée en décubitus.","isCorrect":false,"justification":"Au contraire, cette position facilite la détection du choc de pointe."}]$$::jsonb, $$La palpation complète l’inspection et permet de localiser les anomalies de contraction du cœur.$$, 6, '2025-11-02T17:52:04.502Z');
INSERT INTO "Question" (id, "chapterId", "questionText", options, explanation, "orderIndex", "createdAt") VALUES ('cmhi0dd3t000ik498iurgd6hl', 'cmhi0dd2x0002k498x0sde7j0', $$Percussion cardiaque$$, $$[{"text":"La percussion du thorax permet d’évaluer la matité cardiaque.","isCorrect":true},{"text":"C’est un examen de grande précision pour la taille du cœur.","isCorrect":false,"justification":"Sa fiabilité est limitée, surtout chez les patients obèses."},{"text":"Elle permet de détecter un épanchement péricardique important.","isCorrect":true},{"text":"Elle doit toujours être réalisée avant la palpation.","isCorrect":false,"justification":"Elle vient après la palpation et avant l’auscultation."},{"text":"Elle est inutile en sémiologie moderne.","isCorrect":false,"justification":"Elle reste formatrice pour l’apprentissage clinique."}]$$::jsonb, $$La percussion, bien que moins utilisée aujourd’hui, garde une valeur d’enseignement pour la reconnaissance des anomalies précordiales.$$, 7, '2025-11-02T17:52:04.505Z');
INSERT INTO "Question" (id, "chapterId", "questionText", options, explanation, "orderIndex", "createdAt") VALUES ('cmhi0dd3v000kk498zusi3awu', 'cmhi0dd2x0002k498x0sde7j0', $$Auscultation cardiaque$$, $$[{"text":"Le premier bruit (B1) correspond à la fermeture des valves mitrale et tricuspide.","isCorrect":true},{"text":"Le deuxième bruit (B2) correspond à la fermeture des valves aortique et pulmonaire.","isCorrect":true},{"text":"Un souffle diastolique au foyer mitral évoque une insuffisance aortique.","isCorrect":false,"justification":"Il évoque plutôt un rétrécissement mitral."},{"text":"Un souffle holosystolique à l’apex évoque une insuffisance mitrale.","isCorrect":true},{"text":"L’auscultation doit se faire uniquement en position assise.","isCorrect":false,"justification":"Certaines anomalies ne s’entendent qu’en décubitus ou penché en avant."}]$$::jsonb, $$L’auscultation cardiaque reste un art clinique majeur permettant de distinguer les souffles valvulaires et leurs origines.$$, 8, '2025-11-02T17:52:04.507Z');
INSERT INTO "Question" (id, "chapterId", "questionText", options, explanation, "orderIndex", "createdAt") VALUES ('cmhi0dd3y000mk4988io36hxs', 'cmhi0dd2x0002k498x0sde7j0', $$Synthèse et raisonnement clinique$$, $$[{"text":"Le résumé syndromique permet de regrouper les signes pour formuler une hypothèse.","isCorrect":true},{"text":"Le clinicien ne doit évoquer qu’un seul diagnostic à la fois.","isCorrect":false,"justification":"Il doit formuler plusieurs hypothèses classées par probabilité."},{"text":"Les examens complémentaires servent à confirmer ou infirmer les hypothèses.","isCorrect":true},{"text":"L’électrocardiogramme (ECG) se fait toujours avant l’examen clinique.","isCorrect":false,"justification":"Il est réalisé après l’examen physique."},{"text":"Le traitement est défini avant d’établir le diagnostic.","isCorrect":false,"justification":"Il découle du diagnostic final confirmé par les examens."}]$$::jsonb, $$L’observation médicale est un processus raisonné qui relie l’interrogatoire, l’examen clinique et les explorations complémentaires pour aboutir à un diagnostic fiable.$$, 9, '2025-11-02T17:52:04.510Z');
INSERT INTO "Chapter" (id, "subjectId", title, description, "orderIndex", "pdfUrl", "createdAt") VALUES ('cmhi0dd41000ok498kl300tmu', 'cmhi0dd2g0000k498vt34o2z3', $$Chapitre 10 – Le Rétrécissement Aortique (RAo)$$, NULL, 2, NULL, '2025-11-02T17:52:04.514Z');
INSERT INTO "Question" (id, "chapterId", "questionText", options, explanation, "orderIndex", "createdAt") VALUES ('cmhi0dd4m0016k498irk5yomx', 'cmhi0dd41000ok498kl300tmu', $$Complications$$, $$[{"text":"L’insuffisance cardiaque gauche est une complication terminale.","isCorrect":true},{"text":"Les troubles du rythme ventriculaire sont fréquents.","isCorrect":true},{"text":"L’endocardite infectieuse est une complication possible.","isCorrect":true},{"text":"Les embolies systémiques sont très fréquentes.","isCorrect":false,"justification":"Elles sont rares sauf en cas de FA associée."},{"text":"L’angor est toujours lié à une sténose coronaire.","isCorrect":false,"justification":"Il peut survenir sans lésion coronaire par ischémie relative."}]$$::jsonb, $$Le RAo évolue vers la défaillance cardiaque, les troubles du rythme et parfois l’endocardite.$$, 8, '2025-11-02T17:52:04.534Z');
INSERT INTO "Question" (id, "chapterId", "questionText", options, explanation, "orderIndex", "createdAt") VALUES ('cmhi0dd44000qk498igd01l3l', 'cmhi0dd41000ok498kl300tmu', $$Définition et généralités$$, $$[{"text":"Le RAo est un obstacle à l’éjection du sang du ventricule gauche vers l’aorte.","isCorrect":true},{"text":"Il entraîne une hypertrophie excentrique du ventricule gauche.","isCorrect":false,"justification":"Elle est concentrique, car la surcharge est de pression."},{"text":"La surface normale de l’orifice aortique est d’environ 3 cm².","isCorrect":true},{"text":"Une surface < 1 cm² définit un RAo serré.","isCorrect":true},{"text":"Il provoque une surcharge de volume du ventricule gauche.","isCorrect":false,"justification":"La surcharge est de pression, pas de volume."}]$$::jsonb, $$Le RAo est une obstruction à l’éjection ventriculaire gauche, provoquant une hypertrophie concentrique et un débit limité.$$, 0, '2025-11-02T17:52:04.516Z');
INSERT INTO "Question" (id, "chapterId", "questionText", options, explanation, "orderIndex", "createdAt") VALUES ('cmhi0dd46000sk498b5v3cbyj', 'cmhi0dd41000ok498kl300tmu', $$Étiologies$$, $$[{"text":"Le RAo congénital bicuspide est fréquent chez le jeune adulte.","isCorrect":true},{"text":"Le RAo dégénératif touche surtout le sujet âgé.","isCorrect":true},{"text":"Le RAo rhumatismal est encore courant dans les pays en développement.","isCorrect":true},{"text":"Le prolapsus valvulaire mitral est une cause majeure de RAo.","isCorrect":false,"justification":"Il provoque une insuffisance mitrale, pas aortique."},{"text":"La maladie de Paget peut exceptionnellement donner un RAo.","isCorrect":true}]$$::jsonb, $$Le RAo a des causes variées : congénitales, rhumatismales, dégénératives ou métaboliques rares.$$, 1, '2025-11-02T17:52:04.519Z');
INSERT INTO "Question" (id, "chapterId", "questionText", options, explanation, "orderIndex", "createdAt") VALUES ('cmhi0dd48000uk49837mxmq36', 'cmhi0dd41000ok498kl300tmu', $$Physiopathologie$$, $$[{"text":"La postcharge du ventricule gauche est augmentée.","isCorrect":true},{"text":"L’hypertrophie concentrique compense initialement la surcharge.","isCorrect":true},{"text":"Le débit cardiaque augmente en cas de RAo serré.","isCorrect":false,"justification":"Il reste fixe malgré l’effort."},{"text":"La perfusion coronaire est compromise.","isCorrect":true},{"text":"Le RAo provoque une dilatation du ventricule gauche.","isCorrect":false,"justification":"Il reste non dilaté jusqu’à la décompensation."}]$$::jsonb, $$Le RAo impose un effort constant au ventricule gauche, menant à l’hypertrophie et à l’ischémie secondaire.$$, 2, '2025-11-02T17:52:04.521Z');
INSERT INTO "Question" (id, "chapterId", "questionText", options, explanation, "orderIndex", "createdAt") VALUES ('cmhi0dd4a000wk498yid4wnrl', 'cmhi0dd41000ok498kl300tmu', $$Circonstances de découverte$$, $$[{"text":"Le RAo peut être découvert à l’auscultation systématique.","isCorrect":true},{"text":"Les syncopes d’effort sont typiques.","isCorrect":true},{"text":"L’angor d’effort peut survenir sans coronaropathie.","isCorrect":true},{"text":"L’œdème pulmonaire aigu est un signe de décompensation tardif.","isCorrect":true},{"text":"Les palpitations sont le signe inaugural le plus fréquent.","isCorrect":false,"justification":"Elles sont rares et non spécifiques."}]$$::jsonb, $$Le RAo se révèle souvent par la triade classique : dyspnée d’effort, angor et syncope.$$, 3, '2025-11-02T17:52:04.523Z');
INSERT INTO "Question" (id, "chapterId", "questionText", options, explanation, "orderIndex", "createdAt") VALUES ('cmhi0dd4d000yk498vkm4ijif', 'cmhi0dd41000ok498kl300tmu', $$Examen clinique$$, $$[{"text":"Le choc de pointe est dur et localisé.","isCorrect":true},{"text":"Le souffle systolique est râpeux, éjectionnel, au foyer aortique.","isCorrect":true},{"text":"Il irradie vers les carotides.","isCorrect":true},{"text":"Le B2 est souvent diminué ou aboli.","isCorrect":true},{"text":"Le souffle diastolique aspiratif est typique du RAo.","isCorrect":false,"justification":"Il correspond à une insuffisance aortique."}]$$::jsonb, $$Le RAo présente un souffle systolique éjectionnel au foyer aortique, irradiant vers le cou, avec diminution du B2.$$, 4, '2025-11-02T17:52:04.525Z');
INSERT INTO "Question" (id, "chapterId", "questionText", options, explanation, "orderIndex", "createdAt") VALUES ('cmhi0dd4f0010k4985ysujrgq', 'cmhi0dd41000ok498kl300tmu', $$Signes périphériques$$, $$[{"text":"Le pouls carotidien est lent et faible (pulsus parvus et tardus).","isCorrect":true},{"text":"La pression différentielle est élargie.","isCorrect":false,"justification":"Elle est réduite dans le RAo serré."},{"text":"La pâleur du visage d’effort est classique.","isCorrect":true},{"text":"La cyanose est un signe précoce.","isCorrect":false,"justification":"Elle apparaît à un stade terminal."},{"text":"Les bruits de galop sont rares.","isCorrect":true}]$$::jsonb, $$Le RAo serré se manifeste par un pouls carotidien faible, une pression différentielle réduite et une pâleur d’effort.$$, 5, '2025-11-02T17:52:04.528Z');
INSERT INTO "Question" (id, "chapterId", "questionText", options, explanation, "orderIndex", "createdAt") VALUES ('cmhi0dd4i0012k498uyr4i91b', 'cmhi0dd41000ok498kl300tmu', $$Examens complémentaires$$, $$[{"text":"L’ECG montre une hypertrophie ventriculaire gauche.","isCorrect":true},{"text":"La radiographie du thorax est toujours normale.","isCorrect":false,"justification":"Elle peut montrer cardiomégalie ou calcification valvulaire."},{"text":"L’échocardiographie mesure la surface valvulaire et le gradient transvalvulaire.","isCorrect":true},{"text":"Le cathétérisme cardiaque est l’examen de première intention.","isCorrect":false,"justification":"Il est réservé aux bilans chirurgicaux."},{"text":"L’échographie Doppler permet d’évaluer la sévérité du RAo.","isCorrect":true}]$$::jsonb, $$L’échographie-Doppler est l’examen de référence pour le diagnostic, la sévérité et le suivi du RAo.$$, 6, '2025-11-02T17:52:04.530Z');
INSERT INTO "Question" (id, "chapterId", "questionText", options, explanation, "orderIndex", "createdAt") VALUES ('cmhi0dd4k0014k498lyzjtuy1', 'cmhi0dd41000ok498kl300tmu', $$Formes cliniques$$, $$[{"text":"Le RAo congénital bicuspide évolue lentement.","isCorrect":true},{"text":"Le RAo dégénératif est la forme la plus fréquente après 70 ans.","isCorrect":true},{"text":"Le RAo post-rhumatismal s’accompagne souvent d’une insuffisance aortique.","isCorrect":true},{"text":"Le RAo du jeune adulte est toujours symptomatique.","isCorrect":false,"justification":"Il peut rester asymptomatique longtemps."},{"text":"Le RAo calcifié s’associe souvent à une sténose mitrale.","isCorrect":false,"justification":"Cette association est rare."}]$$::jsonb, $$Le RAo peut être congénital, rhumatismal ou dégénératif, avec une évolution lente vers la décompensation.$$, 7, '2025-11-02T17:52:04.532Z');
INSERT INTO "Question" (id, "chapterId", "questionText", options, explanation, "orderIndex", "createdAt") VALUES ('cmhi0dd4o0018k498wyrzdb5s', 'cmhi0dd41000ok498kl300tmu', $$Traitement$$, $$[{"text":"Le traitement médical soulage les symptômes mais ne corrige pas la sténose.","isCorrect":true},{"text":"La chirurgie est indiquée dès l’apparition des symptômes.","isCorrect":true},{"text":"Le remplacement valvulaire est le traitement de référence.","isCorrect":true},{"text":"La dilatation percutanée est réservée aux sujets âgés inopérables.","isCorrect":true},{"text":"L’antibioprophylaxie est inutile.","isCorrect":false,"justification":"Elle est indiquée avant les gestes invasifs chez les patients à risque."}]$$::jsonb, $$Le traitement du RAo repose sur le remplacement valvulaire précoce dès les premiers signes de décompensation$$, 9, '2025-11-02T17:52:04.536Z');
INSERT INTO "Chapter" (id, "subjectId", title, description, "orderIndex", "pdfUrl", "createdAt") VALUES ('cmhi0dd4r001ak4981ifkgkrb', 'cmhi0dd2g0000k498vt34o2z3', $$Chapitre 11 – L’Insuffisance Coronaire$$, NULL, 3, NULL, '2025-11-02T17:52:04.539Z');
INSERT INTO "Question" (id, "chapterId", "questionText", options, explanation, "orderIndex", "createdAt") VALUES ('cmhi0dd4s001ck498bx0lxtez', 'cmhi0dd4r001ak4981ifkgkrb', $$Définition et généralités$$, $$[{"text":"L’insuffisance coronaire est une inadéquation entre besoins et apports en oxygène du myocarde.","isCorrect":true},{"text":"Elle résulte toujours d’une embolie coronarienne.","isCorrect":false,"justification":"La cause principale est l’athérosclérose."},{"text":"Elle se manifeste uniquement par l’infarctus.","isCorrect":false,"justification":"Elle comprend angor stable et syndromes coronariens aigus."},{"text":"Elle entraîne une ischémie myocardique.","isCorrect":true},{"text":"Elle peut être silencieuse.","isCorrect":true}]$$::jsonb, $$L’insuffisance coronaire regroupe toutes les situations d’ischémie myocardique, symptomatique ou non, le plus souvent d’origine athéroscléreuse.$$, 0, '2025-11-02T17:52:04.541Z');
INSERT INTO "Question" (id, "chapterId", "questionText", options, explanation, "orderIndex", "createdAt") VALUES ('cmhi0dd4v001ek498eheqriw8', 'cmhi0dd4r001ak4981ifkgkrb', $$Étiologies et facteurs de risque$$, $$[{"text":"L’athérosclérose est la cause majeure.","isCorrect":true},{"text":"Le tabagisme favorise la formation de plaques.","isCorrect":true},{"text":"Le diabète protège contre les maladies coronaires.","isCorrect":false,"justification":"Il multiplie le risque par 2 à 4."},{"text":"L’hypertension artérielle est un facteur aggravant.","isCorrect":true},{"text":"L’âge jeune élimine le risque coronaire.","isCorrect":false,"justification":"L’angor peut survenir avant 40 ans, surtout chez l’homme."}]$$::jsonb, $$Les principaux facteurs de risque sont l’athérosclérose, le tabac, le diabète, l’hypertension et l’âge.$$, 1, '2025-11-02T17:52:04.543Z');
INSERT INTO "Question" (id, "chapterId", "questionText", options, explanation, "orderIndex", "createdAt") VALUES ('cmhi0dd4x001gk498tvccr9c7', 'cmhi0dd4r001ak4981ifkgkrb', $$Angor d’effort$$, $$[{"text":"La douleur est constrictive et rétrosternale.","isCorrect":true},{"text":"Elle irradie vers le bras gauche ou la mâchoire.","isCorrect":true},{"text":"Elle est déclenchée par le stress ou l’effort.","isCorrect":true},{"text":"Elle cède au repos ou à la trinitrine.","isCorrect":true},{"text":"Elle dure plus de 30 minutes.","isCorrect":false,"justification":"Au-delà de 30 min, il faut évoquer un infarctus."}]$$::jsonb, $$L’angor d’effort est une ischémie transitoire réversible, calmée par le repos et la nitroglycérine.$$, 2, '2025-11-02T17:52:04.545Z');
INSERT INTO "Question" (id, "chapterId", "questionText", options, explanation, "orderIndex", "createdAt") VALUES ('cmhi0dd4z001ik498hb4swxop', 'cmhi0dd4r001ak4981ifkgkrb', $$Angor instable$$, $$[{"text":"Il correspond à une rupture de plaque sans nécrose myocardique.","isCorrect":true},{"text":"Il est stable dans le temps.","isCorrect":false,"justification":"Il est progressif, imprévisible."},{"text":"Il cède toujours à la trinitrine.","isCorrect":false,"justification":"Il peut résister au traitement."},{"text":"Il ne nécessite pas d’hospitalisation.","isCorrect":false,"justification":"Il s’agit d’une urgence coronarienne."},{"text":"Il ne précède jamais l’infarctus.","isCorrect":false,"justification":"Il peut le précéder ou le déclencher."}]$$::jsonb, $$L’angor instable traduit une instabilité de plaque athéromateuse, annonçant souvent un infarctus du myocarde.$$, 3, '2025-11-02T17:52:04.547Z');
INSERT INTO "Question" (id, "chapterId", "questionText", options, explanation, "orderIndex", "createdAt") VALUES ('cmhi0dd50001kk4984d28lg5k', 'cmhi0dd4r001ak4981ifkgkrb', $$Infarctus du myocarde$$, $$[{"text":"Il résulte d’une thrombose sur plaque athéromateuse rompue.","isCorrect":true},{"text":"Il entraîne une nécrose myocardique irréversible.","isCorrect":true},{"text":"Il s’accompagne de douleurs prolongées > 30 min.","isCorrect":true},{"text":"Il peut se compliquer de choc cardiogénique.","isCorrect":true},{"text":"Il provoque une élévation des troponines cardiaques.","isCorrect":true}]$$::jsonb, $$L’infarctus aigu du myocarde est une nécrose ischémique du muscle cardiaque secondaire à une occlusion artérielle prolongée.$$, 4, '2025-11-02T17:52:04.549Z');
INSERT INTO "Question" (id, "chapterId", "questionText", options, explanation, "orderIndex", "createdAt") VALUES ('cmhi0dd52001mk49848g2nmrz', 'cmhi0dd4r001ak4981ifkgkrb', $$Douleur angineuse typique$$, $$[{"text":"Elle est piquante et bien localisée.","isCorrect":false,"justification":"Elle est constrictive et diffuse."},{"text":"Elle augmente à la palpation du thorax.","isCorrect":false,"justification":"Cela évoque une douleur musculosquelettique."},{"text":"Elle s’aggrave à l’inspiration profonde.","isCorrect":false,"justification":"Cela oriente vers une pleurésie."},{"text":"Elle est calmée par le changement de position.","isCorrect":false,"justification":"Elle ne varie pas avec la posture."},{"text":"Elle dure quelques secondes.","isCorrect":false,"justification":"Elle dure plusieurs minutes en cas d’angor."}]$$::jsonb, $$La douleur angineuse est typiquement rétrosternale, constrictive, irradiée et non influencée par la position ni la respiration.$$, 5, '2025-11-02T17:52:04.550Z');
INSERT INTO "Question" (id, "chapterId", "questionText", options, explanation, "orderIndex", "createdAt") VALUES ('cmhi0dd54001ok4983jk1z7vz', 'cmhi0dd4r001ak4981ifkgkrb', $$Signes cliniques associés$$, $$[{"text":"La sueur froide accompagne souvent la crise d’angor.","isCorrect":true},{"text":"Les nausées sont possibles.","isCorrect":true},{"text":"L’angoisse de mort est fréquente.","isCorrect":true},{"text":"La toux est un signe spécifique.","isCorrect":false,"justification":"Elle n’a aucune spécificité coronarienne."},{"text":"La douleur est parfois absente chez le diabétique.","isCorrect":true}]$$::jsonb, $$La crise angineuse s’accompagne souvent de manifestations neurovégétatives et peut être indolore chez le diabétique.$$, 6, '2025-11-02T17:52:04.553Z');
INSERT INTO "Question" (id, "chapterId", "questionText", options, explanation, "orderIndex", "createdAt") VALUES ('cmhi0dd56001qk498n1xlk6ks', 'cmhi0dd4r001ak4981ifkgkrb', $$Examens complémentaires$$, $$[{"text":"L’ECG peut montrer un sus-décalage du ST dans l’infarctus STEMI.","isCorrect":true},{"text":"Les troponines sont les marqueurs les plus spécifiques.","isCorrect":true},{"text":"La radiographie thoracique suffit pour confirmer le diagnostic.","isCorrect":false,"justification":"Elle ne montre que les complications."},{"text":"La coronarographie identifie l’artère occluse.","isCorrect":true},{"text":"L’échocardiographie ne sert à rien en phase aiguë.","isCorrect":false,"justification":"Elle évalue la cinétique et la fonction ventriculaire."}]$$::jsonb, $$L’ECG, les troponines et la coronarographie sont les piliers du diagnostic de l’infarctus du myocarde.$$, 7, '2025-11-02T17:52:04.555Z');
INSERT INTO "Question" (id, "chapterId", "questionText", options, explanation, "orderIndex", "createdAt") VALUES ('cmhi0dd58001sk498lq8as8r8', 'cmhi0dd4r001ak4981ifkgkrb', $$Complications$$, $$[{"text":"Les troubles du rythme ventriculaire sont une cause majeure de mort subite.","isCorrect":true},{"text":"L’insuffisance cardiaque gauche est fréquente.","isCorrect":true},{"text":"Les ruptures cardiaques surviennent dans les formes transmural.","isCorrect":true},{"text":"L’embolie pulmonaire est typique du syndrome coronarien aigu.","isCorrect":false,"justification":"Elle est veineuse, non coronaire."},{"text":"L’anévrysme ventriculaire est une complication tardive.","isCorrect":true}]$$::jsonb, $$Les complications du syndrome coronarien sont rythmique, hémodynamique, mécanique et thrombo-embolique.$$, 8, '2025-11-02T17:52:04.557Z');
INSERT INTO "Question" (id, "chapterId", "questionText", options, explanation, "orderIndex", "createdAt") VALUES ('cmhi0dd5b001uk498bi5jo5rj', 'cmhi0dd4r001ak4981ifkgkrb', $$Traitement$$, $$[{"text":"L’aspirine doit être administrée dès la phase aiguë.","isCorrect":true},{"text":"La morphine est utilisée pour calmer la douleur.","isCorrect":true},{"text":"La thrombolyse ou l’angioplastie rétablissent le flux coronaire.","isCorrect":true},{"text":"Les bêta-bloquants sont contre-indiqués dans l’infarctus.","isCorrect":false,"justification":"Ils diminuent la mortalité s’il n’y a pas de choc."},{"text":"Le repos strict au lit n’est plus indiqué après reperfusion.","isCorrect":true}]$$::jsonb, $$Le traitement associe reperfusion rapide, antiagrégants, bêta-bloquants et prévention secondaire pour améliorer le pronostic vital.$$, 9, '2025-11-02T17:52:04.559Z');
INSERT INTO "Chapter" (id, "subjectId", title, description, "orderIndex", "pdfUrl", "createdAt") VALUES ('cmhi0dd5f001wk498iuhem3c8', 'cmhi0dd2g0000k498vt34o2z3', $$Chapitre 12 – Les Péricardites et la Tamponnade$$, NULL, 4, NULL, '2025-11-02T17:52:04.563Z');
INSERT INTO "Question" (id, "chapterId", "questionText", options, explanation, "orderIndex", "createdAt") VALUES ('cmhi0dd5h001yk498yd28zkht', 'cmhi0dd5f001wk498iuhem3c8', $$Définition et généralités$$, $$[{"text":"La péricardite est une inflammation des feuillets du péricarde.","isCorrect":true},{"text":"Elle est toujours d’origine bactérienne.","isCorrect":false,"justification":"Elle est le plus souvent virale ou idiopathique."},{"text":"Elle peut s’accompagner d’un épanchement péricardique.","isCorrect":true},{"text":"Elle touche exclusivement les valvules cardiaques.","isCorrect":false,"justification":"Le péricarde est l’enveloppe du cœur, non les valves."},{"text":"La tamponnade est une complication grave de péricardite.","isCorrect":true}]$$::jsonb, $$La péricardite est une inflammation du péricarde, parfois compliquée d’un épanchement compressif menaçant la vie du patient.$$, 0, '2025-11-02T17:52:04.565Z');
INSERT INTO "Question" (id, "chapterId", "questionText", options, explanation, "orderIndex", "createdAt") VALUES ('cmhi0dd5j0020k498x1oslo7p', 'cmhi0dd5f001wk498iuhem3c8', $$Étiologies$$, $$[{"text":"Les virus sont la cause la plus fréquente.","isCorrect":true},{"text":"Les péricardites bactériennes sont rares mais graves.","isCorrect":true},{"text":"Les causes néoplasiques doivent être recherchées chez les patients âgés.","isCorrect":true},{"text":"La tuberculose est une cause fréquente dans les pays en développement.","isCorrect":true},{"text":"La cause auto-immune est impossible.","isCorrect":false,"justification":"Les lupus et connectivites peuvent provoquer des péricardites."}]$$::jsonb, $$Les péricardites sont surtout virales ou idiopathiques, mais des causes bactériennes, tuberculeuses, tumorales ou auto-immunes existent.$$, 1, '2025-11-02T17:52:04.568Z');
INSERT INTO "Question" (id, "chapterId", "questionText", options, explanation, "orderIndex", "createdAt") VALUES ('cmhi0dd5m0022k498d061vqwk', 'cmhi0dd5f001wk498iuhem3c8', $$Douleur péricardique$$, $$[{"text":"Elle est rétrosternale, piquante et augmentée par l’inspiration.","isCorrect":true},{"text":"Elle s’aggrave en position assise.","isCorrect":false,"justification":"Elle diminue en position assise penchée en avant."},{"text":"Elle peut irradier vers le trapèze gauche.","isCorrect":true},{"text":"Elle est calmée par la trinitrine.","isCorrect":false,"justification":"Elle ne répond pas aux dérivés nitrés."},{"text":"Elle est indépendante de l’effort.","isCorrect":true}]$$::jsonb, $$La douleur péricardique est typiquement pleurale, accentuée à l’inspiration et soulagée en position penchée en avant.$$, 2, '2025-11-02T17:52:04.570Z');
INSERT INTO "Question" (id, "chapterId", "questionText", options, explanation, "orderIndex", "createdAt") VALUES ('cmhi0dd5o0024k498zfzacfib', 'cmhi0dd5f001wk498iuhem3c8', $$Signes cliniques de péricardite aiguë$$, $$[{"text":"Le frottement péricardique est pathognomonique.","isCorrect":true},{"text":"Il est systolique uniquement.","isCorrect":false,"justification":"Il est triple : systolique, diastolique et télédiastolique."},{"text":"La fièvre est possible.","isCorrect":true},{"text":"La turgescence jugulaire est un signe constant.","isCorrect":false,"justification":"Elle apparaît seulement en cas de tamponnade."},{"text":"La dyspnée est fréquente.","isCorrect":true}]$$::jsonb, $$Le frottement péricardique, la fièvre et la douleur typique définissent le tableau clinique de la péricardite aiguë.$$, 3, '2025-11-02T17:52:04.572Z');
INSERT INTO "Question" (id, "chapterId", "questionText", options, explanation, "orderIndex", "createdAt") VALUES ('cmhi0dd5p0026k4984gaq9dw3', 'cmhi0dd5f001wk498iuhem3c8', $$Électrocardiogramme$$, $$[{"text":"Il montre un sus-décalage diffus du segment ST.","isCorrect":true},{"text":"L’onde T est inversée précocement.","isCorrect":false,"justification":"Elle s’inverse tardivement au stade de récupération."},{"text":"Le ST est concave vers le haut.","isCorrect":true},{"text":"Il existe souvent une microvoltage diffus.","isCorrect":true},{"text":"L’ECG est toujours normal.","isCorrect":false,"justification":"Les anomalies électriques sont fréquentes et caractéristiques."}]$$::jsonb, $$L’ECG montre un sus-décalage ST concave diffus, une microvoltage et parfois une inversion secondaire de T.$$, 4, '2025-11-02T17:52:04.574Z');
INSERT INTO "Question" (id, "chapterId", "questionText", options, explanation, "orderIndex", "createdAt") VALUES ('cmhi0dd5s0028k498kyw7tajb', 'cmhi0dd5f001wk498iuhem3c8', $$Examens complémentaires$$, $$[{"text":"L’échocardiographie permet de détecter un épanchement péricardique.","isCorrect":true},{"text":"Le dosage de troponine est inutile.","isCorrect":false,"justification":"Il aide à distinguer une péricardite d’un infarctus (élévation modérée possible)."},{"text":"La radiographie thoracique peut montrer une cardiomégalie par épanchement.","isCorrect":true},{"text":"Le bilan inflammatoire est souvent élevé.","isCorrect":true},{"text":"Le scanner thoracique n’a aucune indication.","isCorrect":false,"justification":"Il peut être utile pour les formes chroniques ou néoplasiques."}]$$::jsonb, $$L’échographie confirme la présence d’un épanchement, tandis que la biologie et l’imagerie complètent l’évaluation étiologique.$$, 5, '2025-11-02T17:52:04.576Z');
INSERT INTO "Question" (id, "chapterId", "questionText", options, explanation, "orderIndex", "createdAt") VALUES ('cmhi0dd5v002ak498urzhobw6', 'cmhi0dd5f001wk498iuhem3c8', $$Tamponnade péricardique$$, $$[{"text":"Elle correspond à une compression du cœur par l’épanchement péricardique.","isCorrect":true},{"text":"Elle entraîne une baisse du remplissage ventriculaire.","isCorrect":true},{"text":"Elle provoque une chute du débit cardiaque.","isCorrect":true},{"text":"Elle se manifeste par hypotension, turgescence jugulaire et BDC assourdis.","isCorrect":true},{"text":"Elle constitue une urgence vitale.","isCorrect":true}]$$::jsonb, $$La tamponnade est une urgence absolue caractérisée par le tableau de Beck : hypotension, turgescence jugulaire, bruits assourdis.$$, 6, '2025-11-02T17:52:04.579Z');
INSERT INTO "Question" (id, "chapterId", "questionText", options, explanation, "orderIndex", "createdAt") VALUES ('cmhi0dd5x002ck498g52w9qac', 'cmhi0dd5f001wk498iuhem3c8', $$Éléments du diagnostic de tamponnade$$, $$[{"text":"Le pouls paradoxal correspond à une chute inspiratoire > 10 mmHg de la PA systolique.","isCorrect":true},{"text":"L’ECG montre un sus-décalage du ST diffus.","isCorrect":false,"justification":"C’est le signe d’une péricardite, pas d’une tamponnade."},{"text":"L’échographie montre une dilatation du VG.","isCorrect":false,"justification":"Elle montre une compression diastolique du VD."},{"text":"La tension artérielle est élevée.","isCorrect":false,"justification":"Elle est abaissée."},{"text":"Les bruits du cœur sont augmentés.","isCorrect":false,"justification":"Ils sont assourdis."}]$$::jsonb, $$Le diagnostic de tamponnade repose sur les signes cliniques de choc et la confirmation échographique.$$, 7, '2025-11-02T17:52:04.582Z');
INSERT INTO "Question" (id, "chapterId", "questionText", options, explanation, "orderIndex", "createdAt") VALUES ('cmhi0dd60002ek4985qf23voj', 'cmhi0dd5f001wk498iuhem3c8', $$Complications et évolutions$$, $$[{"text":"La péricardite peut évoluer vers une péricardite chronique constrictive.","isCorrect":true},{"text":"L’épanchement peut se surinfecter.","isCorrect":true},{"text":"Une récidive est possible.","isCorrect":true},{"text":"La calcification péricardique est toujours bénigne.","isCorrect":false,"justification":"Elle peut entraîner une constriction invalidante."},{"text":"Une endocardite survient fréquemment.","isCorrect":false,"justification":"Ce sont deux atteintes distinctes."}]$$::jsonb, $$Les péricardites peuvent se compliquer de récidive, de constriction ou d’infection secondaire.$$, 8, '2025-11-02T17:52:04.584Z');
INSERT INTO "Question" (id, "chapterId", "questionText", options, explanation, "orderIndex", "createdAt") VALUES ('cmhi0dd62002gk498wxp8hd3w', 'cmhi0dd5f001wk498iuhem3c8', $$Traitement$$, $$[{"text":"Les anti-inflammatoires non stéroïdiens sont le traitement de première intention.","isCorrect":true},{"text":"La colchicine réduit le risque de récidive.","isCorrect":true},{"text":"Les corticoïdes sont indiqués d’emblée dans toutes les formes.","isCorrect":false,"justification":"Ils sont réservés aux causes auto-immunes."},{"text":"La ponction péricardique est indiquée en cas de tamponnade.","isCorrect":true},{"text":"Le repos est inutile dans la phase aiguë.","isCorrect":false,"justification":"Il est indispensable pour limiter la récidive."}]$$::jsonb, $$Le traitement de la péricardite repose sur les AINS, la colchicine et le repos ; la tamponnade impose une ponction urgente.$$, 9, '2025-11-02T17:52:04.586Z');
INSERT INTO "Chapter" (id, "subjectId", title, description, "orderIndex", "pdfUrl", "createdAt") VALUES ('cmhi0dd65002ik498gwaobhft', 'cmhi0dd2g0000k498vt34o2z3', $$Chapitre 2 : Examen cardiovasculaire$$, NULL, 5, NULL, '2025-11-02T17:52:04.589Z');
INSERT INTO "Question" (id, "chapterId", "questionText", options, explanation, "orderIndex", "createdAt") VALUES ('cmhi0dd67002kk498jvv9ge6x', 'cmhi0dd65002ik498gwaobhft', $$Conditions générales de l’examen cardiovasculaire$$, $$[{"text":"L’examen cardiaque doit toujours se faire dans une pièce calme et chaude.","isCorrect":true},{"text":"Le patient doit être torse nu et examiné en plusieurs positions.","isCorrect":true},{"text":"Le stéthoscope à simple pavillon suffit pour tous les bruits cardiaques.","isCorrect":false,"justification":"Il faut un double pavillon : membrane (sons aigus) et cloche (sons graves)."},{"text":"L’auscultation se fait uniquement en décubitus dorsal.","isCorrect":false,"justification":"Elle se réalise aussi assise, penchée en avant, ou en décubitus latéral gauche."},{"text":"L’examen ne nécessite pas la prise du pouls simultanément.","isCorrect":false,"justification":"La synchronisation avec le pouls radial est indispensable pour repérer les souffles systoliques."}]$$::jsonb, $$L’examen cardiovasculaire demande calme, rigueur et bonne technique d’auscultation pour détecter les anomalies fines.$$, 0, '2025-11-02T17:52:04.591Z');
INSERT INTO "Question" (id, "chapterId", "questionText", options, explanation, "orderIndex", "createdAt") VALUES ('cmhi0dd69002mk4980jdyd9bc', 'cmhi0dd65002ik498gwaobhft', $$Inspection précordiale et cervicale$$, $$[{"text":"Un soulèvement localisé au niveau de l’apex correspond au choc de pointe.","isCorrect":true},{"text":"La turgescence jugulaire traduit une augmentation de la pression veineuse centrale.","isCorrect":true},{"text":"Le reflux hépato-jugulaire est normal chez le sujet sain.","isCorrect":false,"justification":"Il indique une insuffisance cardiaque droite."},{"text":"L’asymétrie thoracique est un signe spécifique de cardiomégalie.","isCorrect":false,"justification":"Elle est souvent d’origine osseuse ou respiratoire."},{"text":"Le thorax en tonneau est un signe classique d’insuffisance ventriculaire gauche.","isCorrect":false,"justification":"Il correspond à un emphysème pulmonaire, non cardiaque."}]$$::jsonb, $$L’inspection thoracique et cervicale révèle souvent les signes visibles d’insuffisance cardiaque ou d’anomalie du volume cardiaque.$$, 1, '2025-11-02T17:52:04.593Z');
INSERT INTO "Question" (id, "chapterId", "questionText", options, explanation, "orderIndex", "createdAt") VALUES ('cmhi0dd6c002ok498ju1o5r3h', 'cmhi0dd65002ik498gwaobhft', $$Palpation précordiale$$, $$[{"text":"Le choc de pointe normal est localisé au 5e espace intercostal gauche sur la ligne médio-claviculaire.","isCorrect":true},{"text":"Un choc de pointe diffus et étalé évoque une hypertrophie ventriculaire gauche.","isCorrect":true},{"text":"Un frémissement systolique au foyer aortique indique une sténose aortique.","isCorrect":true},{"text":"Le signe de Harzer correspond à la perception du choc du ventricule droit dans l’épigastre.","isCorrect":true},{"text":"La palpation du choc de pointe n’a aucun intérêt diagnostique.","isCorrect":false,"justification":"Elle permet d’évaluer la position, la force et l’ampleur de la contraction cardiaque."}]$$::jsonb, $$La palpation oriente sur la dilatation ou l’hypertrophie d’une cavité cardiaque et détecte les frémissements pathologiques.$$, 2, '2025-11-02T17:52:04.596Z');
INSERT INTO "Question" (id, "chapterId", "questionText", options, explanation, "orderIndex", "createdAt") VALUES ('cmhi0dd6e002qk4989a1rn04z', 'cmhi0dd65002ik498gwaobhft', $$Percussion précordiale$$, $$[{"text":"La percussion permet d’évaluer la matité cardiaque.","isCorrect":true},{"text":"Elle distingue la cardiomégalie du simple emphysème thoracique.","isCorrect":true},{"text":"Elle est toujours plus fiable que l’échocardiographie.","isCorrect":false,"justification":"L’échographie est beaucoup plus précise pour mesurer les volumes cardiaques."},{"text":"Elle se pratique avant la palpation.","isCorrect":false,"justification":"L’ordre correct est inspection → palpation → percussion → auscultation."},{"text":"Elle reste utile pour localiser le bord droit du cœur.","isCorrect":true}]$$::jsonb, $$Bien que délaissée, la percussion reste utile pour une évaluation clinique initiale du volume cardiaque.$$, 3, '2025-11-02T17:52:04.598Z');
INSERT INTO "Question" (id, "chapterId", "questionText", options, explanation, "orderIndex", "createdAt") VALUES ('cmhi0dd6g002sk4981z8a78ll', 'cmhi0dd65002ik498gwaobhft', $$Auscultation : principes généraux$$, $$[{"text":"Le premier bruit (B1) correspond à la fermeture des valves auriculo-ventriculaires.","isCorrect":true},{"text":"Le deuxième bruit (B2) correspond à la fermeture des valves sigmoïdes.","isCorrect":true},{"text":"La cloche du stéthoscope sert à écouter les sons graves (B3, B4, roulements).","isCorrect":true},{"text":"Les foyers d’auscultation cardiaque sont au nombre de quatre principaux.","isCorrect":true},{"text":"Le souffle systolique est toujours pathologique.","isCorrect":false,"justification":"Il existe des souffles fonctionnels ou bénins, surtout chez l’enfant ou l’adulte jeune."}]$$::jsonb, $$L’auscultation cardiaque, bien conduite, permet de localiser les anomalies valvulaires et d’en apprécier le caractère.$$, 4, '2025-11-02T17:52:04.600Z');
INSERT INTO "Question" (id, "chapterId", "questionText", options, explanation, "orderIndex", "createdAt") VALUES ('cmhi0dd6i002uk498eyrsmhq0', 'cmhi0dd65002ik498gwaobhft', $$Foyers d’auscultation$$, $$[{"text":"Le foyer mitral se situe au 5e espace intercostal gauche, ligne médio-claviculaire.","isCorrect":true},{"text":"Le foyer aortique est au 2e espace intercostal droit, près du sternum.","isCorrect":true},{"text":"Le foyer pulmonaire est au 2e espace intercostal gauche.","isCorrect":true},{"text":"Le foyer tricuspide est au niveau de l’appendice xiphoïde.","isCorrect":true},{"text":"Les foyers accessoires n’ont aucune utilité.","isCorrect":false,"justification":"Ils permettent de mieux identifier les irradiations des souffles (ex. axillaire pour IM, base du cou pour IAo)."}]$$::jsonb, $$Les foyers d’auscultation orientent la localisation de la valvulopathie et sa propagation sonore.$$, 5, '2025-11-02T17:52:04.602Z');
INSERT INTO "Question" (id, "chapterId", "questionText", options, explanation, "orderIndex", "createdAt") VALUES ('cmhi0dd6l002wk498uecrrwz9', 'cmhi0dd65002ik498gwaobhft', $$Les bruits cardiaques normaux et accessoires$$, $$[{"text":"Le B3 est toujours pathologique.","isCorrect":false,"justification":"Il peut être physiologique chez l’enfant et l’adulte jeune."},{"text":"Le B4 est un bruit de remplissage ventriculaire rapide.","isCorrect":false,"justification":"C’est un bruit de contraction auriculaire pathologique."},{"text":"L’intensité du B1 est diminuée dans l’insuffisance mitrale.","isCorrect":true},{"text":"Le dédoublement physiologique de B2 s’entend mieux à l’inspiration.","isCorrect":true},{"text":"Le B1 correspond à la fermeture des valves sigmoïdes.","isCorrect":false,"justification":"Il correspond à la fermeture des valves mitrale et tricuspide."}]$$::jsonb, $$L’écoute attentive des bruits normaux et accessoires est essentielle pour différencier les valvulopathies et troubles de remplissage.$$, 6, '2025-11-02T17:52:04.605Z');
INSERT INTO "Question" (id, "chapterId", "questionText", options, explanation, "orderIndex", "createdAt") VALUES ('cmhi0dd6n002yk498zrbrvk7p', 'cmhi0dd65002ik498gwaobhft', $$Les souffles cardiaques$$, $$[{"text":"Un souffle holosystolique à l’apex évoque une insuffisance mitrale.","isCorrect":true},{"text":"Un souffle diastolique au foyer aortique évoque une insuffisance aortique.","isCorrect":true},{"text":"Un souffle systolique éjectionnel au foyer aortique correspond à un rétrécissement aortique.","isCorrect":true},{"text":"Un souffle diastolique au foyer mitral correspond à une sténose mitrale.","isCorrect":true},{"text":"Tous les souffles diastoliques sont bénins.","isCorrect":false,"justification":"Ils sont toujours pathologiques et nécessitent une exploration."}]$$::jsonb, $$L’analyse du temps, du siège et du timbre du souffle permet de reconnaître la valvulopathie en cause.$$, 7, '2025-11-02T17:52:04.607Z');
INSERT INTO "Question" (id, "chapterId", "questionText", options, explanation, "orderIndex", "createdAt") VALUES ('cmhi0dd6p0030k498wq20wqw6', 'cmhi0dd65002ik498gwaobhft', $$Examen artériel et veineux$$, $$[{"text":"Le pouls radial se palpe avec l’index et le majeur sur la face antéro-externe du poignet.","isCorrect":true},{"text":"La mesure de la pression artérielle doit se faire aux deux bras lors de la première consultation.","isCorrect":true},{"text":"Le pouls pédieux se palpe à la face plantaire du pied.","isCorrect":false,"justification":"Il se palpe sur la face dorsale du pied au 2e espace inter-métatarsien."},{"text":"Le pouls carotidien se prend sous l’angle de la mandibule.","isCorrect":true},{"text":"Un pouls asymétrique est toujours sans importance.","isCorrect":false,"justification":"Il peut révéler une dissection aortique ou une artériopathie."}]$$::jsonb, $$L’examen artériel et veineux évalue la perfusion périphérique et complète l’étude du système cardiovasculaire.$$, 8, '2025-11-02T17:52:04.609Z');
INSERT INTO "Question" (id, "chapterId", "questionText", options, explanation, "orderIndex", "createdAt") VALUES ('cmhi0dd6r0032k498h9g8j9zi', 'cmhi0dd65002ik498gwaobhft', $$Examens complémentaires de base$$, $$[{"text":"L’électrocardiogramme (ECG) fait partie de tout bilan cardiovasculaire.","isCorrect":true},{"text":"La radiographie thoracique permet d’évaluer la silhouette cardiaque.","isCorrect":true},{"text":"L’échocardiographie évalue la fonction et la morphologie cardiaque.","isCorrect":true},{"text":"Les enzymes cardiaques ne sont utiles qu’en cas d’infarctus suspecté.","isCorrect":true},{"text":"Le bilan biologique n’apporte aucune aide en cardiologie.","isCorrect":false,"justification":"Il détecte diabète, dyslipidémie, troubles ioniques etc."}]$$::jsonb, $$Les examens complémentaires confirment et complètent les données cliniques, orientant vers la cause et la sévérité de la pathologie.$$, 9, '2025-11-02T17:52:04.612Z');
INSERT INTO "Chapter" (id, "subjectId", title, description, "orderIndex", "pdfUrl", "createdAt") VALUES ('cmhi0dd6u0034k498qlt0eb1j', 'cmhi0dd2g0000k498vt34o2z3', $$Chapitre 3 – Les symptômes cardiovasculaires$$, NULL, 6, NULL, '2025-11-02T17:52:04.614Z');
INSERT INTO "Question" (id, "chapterId", "questionText", options, explanation, "orderIndex", "createdAt") VALUES ('cmhi0dd6v0036k498kd4iykrk', 'cmhi0dd6u0034k498qlt0eb1j', $$Dyspnée d’effort$$, $$[{"text":"La dyspnée d’effort est un signe d’insuffisance cardiaque gauche.","isCorrect":true},{"text":"Elle est toujours liée à une atteinte pulmonaire.","isCorrect":false,"justification":"Elle peut aussi provenir d’un défaut du débit cardiaque."},{"text":"Elle augmente à l’effort et s’améliore au repos.","isCorrect":true},{"text":"Elle traduit une hyperactivité du centre respiratoire.","isCorrect":false,"justification":"La cause est hémodynamique, non centrale."},{"text":"Elle s’aggrave souvent en position allongée (orthopnée).","isCorrect":true}]$$::jsonb, $$La dyspnée d’effort traduit une élévation de la pression veineuse pulmonaire par dysfonction ventriculaire gauche.$$, 0, '2025-11-02T17:52:04.616Z');
INSERT INTO "Question" (id, "chapterId", "questionText", options, explanation, "orderIndex", "createdAt") VALUES ('cmhi0dd6x0038k498cefo6hau', 'cmhi0dd6u0034k498qlt0eb1j', $$Dyspnée paroxystique nocturne$$, $$[{"text":"Elle réveille le patient la nuit avec une sensation d’étouffement.","isCorrect":true},{"text":"Elle disparaît après quelques minutes en position assise.","isCorrect":true},{"text":"Elle est typique d’une atteinte du ventricule droit.","isCorrect":false,"justification":"Elle signe une insuffisance du ventricule gauche."},{"text":"Elle s’accompagne souvent de toux nocturne.","isCorrect":true},{"text":"Elle est soulagée par le décubitus dorsal.","isCorrect":false,"justification":"Elle est aggravée en décubitus à cause du retour veineux."}]$$::jsonb, $$La dyspnée nocturne est un signe d’insuffisance cardiaque gauche décompensée, fréquemment associée à une congestion pulmonaire.$$, 1, '2025-11-02T17:52:04.617Z');
INSERT INTO "Question" (id, "chapterId", "questionText", options, explanation, "orderIndex", "createdAt") VALUES ('cmhi0dd6y003ak498k8pi1eyy', 'cmhi0dd6u0034k498qlt0eb1j', $$Dyspnée d’origine cardiaque vs respiratoire$$, $$[{"text":"La dyspnée cardiaque est souvent rapide, superficielle et régulière.","isCorrect":true},{"text":"La dyspnée pulmonaire est lente et irrégulière.","isCorrect":true},{"text":"Une cyanose centrale élimine une cause cardiaque.","isCorrect":false,"justification":"Elle peut se voir dans les cardiopathies cyanogènes."},{"text":"Les râles crépitants bilatéraux orientent vers une cause cardiaque.","isCorrect":true},{"text":"L’orthopnée est typiquement respiratoire.","isCorrect":false,"justification":"Elle est cardiaque, liée au retour veineux accru."}]$$::jsonb, $$La distinction cardio-pulmonaire repose sur le rythme, la position et les bruits auscultatoires.$$, 2, '2025-11-02T17:52:04.619Z');
INSERT INTO "Question" (id, "chapterId", "questionText", options, explanation, "orderIndex", "createdAt") VALUES ('cmhi0dd70003ck498u1rt35q2', 'cmhi0dd6u0034k498qlt0eb1j', $$Œdème aigu du poumon (OAP)$$, $$[{"text":"Il s’installe brutalement, souvent la nuit.","isCorrect":true},{"text":"Il est accompagné d’une toux avec expectoration rosée.","isCorrect":true},{"text":"Il correspond à une embolie pulmonaire massive.","isCorrect":false,"justification":"L’OAP est dû à une défaillance ventriculaire gauche aiguë, pas à une embolie."},{"text":"Il impose une position allongée stricte.","isCorrect":false,"justification":"Il faut au contraire asseoir le patient pour réduire le retour veineux."},{"text":"Il peut s’accompagner d’une angoisse majeure.","isCorrect":true}]$$::jsonb, $$L’OAP est une urgence vitale d’origine cardiaque, se manifestant par une détresse respiratoire aiguë nocturne.$$, 3, '2025-11-02T17:52:04.620Z');
INSERT INTO "Question" (id, "chapterId", "questionText", options, explanation, "orderIndex", "createdAt") VALUES ('cmhi0dd71003ek49838kf753n', 'cmhi0dd6u0034k498qlt0eb1j', $$Douleur angineuse (angor d’effort)$$, $$[{"text":"Elle est constrictive, rétrosternale et irradie vers le bras gauche.","isCorrect":true},{"text":"Elle est reproduite par la palpation du thorax.","isCorrect":false,"justification":"Cela oriente vers une cause pariétale ou musculaire."},{"text":"Elle disparaît à l’arrêt de l’effort ou après trinitrine.","isCorrect":true},{"text":"Elle dure généralement plus de 30 minutes.","isCorrect":false,"justification":"Une durée > 30 min évoque un infarctus, pas un angor stable."},{"text":"Elle s’aggrave avec le froid ou le stress.","isCorrect":true}]$$::jsonb, $$L’angor d’effort est le symptôme typique de l’ischémie myocardique transitoire réversible à l’effort.$$, 4, '2025-11-02T17:52:04.622Z');
INSERT INTO "Question" (id, "chapterId", "questionText", options, explanation, "orderIndex", "createdAt") VALUES ('cmhi0dd73003gk4981sji9slp', 'cmhi0dd6u0034k498qlt0eb1j', $$Douleurs thoraciques non cardiaques (0 juste)$$, $$[{"text":"La douleur d’origine digestive est toujours associée à un souffle cardiaque.","isCorrect":false,"justification":"Les douleurs digestives ne produisent aucun souffle."},{"text":"Les douleurs pariétales s’aggravent à la marche rapide.","isCorrect":false,"justification":"Elles augmentent à la palpation, non à l’effort."},{"text":"Le syndrome de Tietze donne une douleur constrictive rétrosternale.","isCorrect":false,"justification":"C’est une douleur chondro-costale localisée."},{"text":"Les douleurs pleurales diminuent en inspiration profonde.","isCorrect":false,"justification":"Elles s’intensifient à l’inspiration."},{"text":"L’hépatalgie d’effort traduit une sténose coronarienne.","isCorrect":false,"justification":"Elle est liée à l’insuffisance cardiaque droite."}]$$::jsonb, $$De nombreuses douleurs thoraciques non cardiaques imitent l’angor mais leur nature pariétale, digestive ou pleurale permet de les distinguer.$$, 5, '2025-11-02T17:52:04.623Z');
INSERT INTO "Question" (id, "chapterId", "questionText", options, explanation, "orderIndex", "createdAt") VALUES ('cmhi0dd74003ik498ibosp4jc', 'cmhi0dd6u0034k498qlt0eb1j', $$Palpitations (5 justes)$$, $$[{"text":"Les palpitations correspondent à la perception anormale des battements du cœur.","isCorrect":true},{"text":"Elles peuvent être dues à une extrasystole isolée.","isCorrect":true},{"text":"Elles surviennent parfois sans lésion cardiaque.","isCorrect":true},{"text":"L’anxiété ou la caféine peuvent les déclencher.","isCorrect":true},{"text":"Elles peuvent révéler une fibrillation auriculaire.","isCorrect":true}]$$::jsonb, $$Les palpitations sont un symptôme fréquent, pouvant être bénin ou révélateur d’un trouble du rythme majeur.$$, 6, '2025-11-02T17:52:04.625Z');
INSERT INTO "Question" (id, "chapterId", "questionText", options, explanation, "orderIndex", "createdAt") VALUES ('cmhi0dd76003kk498r99pxdpn', 'cmhi0dd6u0034k498qlt0eb1j', $$Syncope et lipothymie$$, $$[{"text":"La syncope est une perte de connaissance brève avec chute du tonus.","isCorrect":true},{"text":"Elle résulte d’une baisse transitoire de perfusion cérébrale.","isCorrect":true},{"text":"La lipothymie est une syncope complète.","isCorrect":false,"justification":"C’est une perte partielle de conscience."},{"text":"Les syncopes cardiaques surviennent souvent sans prodrome.","isCorrect":true},{"text":"Les syncopes d’origine vagale ne concernent jamais les jeunes.","isCorrect":false,"justification":"Elles sont fréquentes chez l’adolescent et le jeune adulte."}]$$::jsonb, $$La syncope est un signe d’alerte pouvant traduire une cause bénigne ou une bradyarythmie sévère.$$, 7, '2025-11-02T17:52:04.627Z');
INSERT INTO "Question" (id, "chapterId", "questionText", options, explanation, "orderIndex", "createdAt") VALUES ('cmhi0dd78003mk498nvmor8zt', 'cmhi0dd6u0034k498qlt0eb1j', $$Hémoptysie et toux cardiaque$$, $$[{"text":"L’hémoptysie franche est typique du rétrécissement mitral.","isCorrect":true},{"text":"La toux cardiaque est sèche, nocturne et irritative.","isCorrect":true},{"text":"L’hémoptysie abondante signe toujours un cancer bronchique.","isCorrect":false,"justification":"Elle peut aussi provenir d’un OAP ou d’une péricardite hémorragique."},{"text":"La toux de l’insuffisance cardiaque gauche s’accompagne de râles humides.","isCorrect":true},{"text":"Une toux matinale isolée évoque une angine de poitrine.","isCorrect":false,"justification":"Elle évoque une cause respiratoire."}]$$::jsonb, $$L’hémoptysie et la toux doivent être interprétées selon le contexte ; en cardiologie, elles traduisent souvent la congestion pulmonaire.$$, 8, '2025-11-02T17:52:04.629Z');
INSERT INTO "Question" (id, "chapterId", "questionText", options, explanation, "orderIndex", "createdAt") VALUES ('cmhi0dd7a003ok498lkofecq4', 'cmhi0dd6u0034k498qlt0eb1j', $$Œdèmes des membres inférieurs$$, $$[{"text":"Les œdèmes cardiaques débutent souvent au niveau des chevilles.","isCorrect":true},{"text":"Ils sont plus marqués le matin au réveil.","isCorrect":false,"justification":"Ils augmentent le soir, par stase veineuse prolongée."},{"text":"Ils sont symétriques et prennent le godet.","isCorrect":true},{"text":"Ils peuvent être unilatéraux dans l’insuffisance cardiaque droite.","isCorrect":false,"justification":"Unilatéral → suspecter une thrombose veineuse."},{"text":"Ils s’associent souvent à une prise de poids.","isCorrect":true}]$$::jsonb, $$Les œdèmes bilatéraux et prenant le godet sont typiques de l’insuffisance cardiaque droite et doivent faire rechercher une stase veineuse systémique.$$, 9, '2025-11-02T17:52:04.630Z');
INSERT INTO "Chapter" (id, "subjectId", title, description, "orderIndex", "pdfUrl", "createdAt") VALUES ('cmhi0dd7c003qk498woxtjy9p', 'cmhi0dd2g0000k498vt34o2z3', $$Chapitre 4 – Sémiologie vasculaire$$, NULL, 7, NULL, '2025-11-02T17:52:04.633Z');
INSERT INTO "Question" (id, "chapterId", "questionText", options, explanation, "orderIndex", "createdAt") VALUES ('cmhi0dd7e003sk4986o82cf1a', 'cmhi0dd7c003qk498woxtjy9p', $$Examen artériel : principes généraux$$, $$[{"text":"L’examen artériel se fait toujours en position debout.","isCorrect":false,"justification":"Il se fait en décubitus ou assis pour bien palper les artères périphériques."},{"text":"Le pouls radial doit être palpé bilatéralement et comparé.","isCorrect":true},{"text":"La régularité du pouls renseigne sur le rythme cardiaque.","isCorrect":true},{"text":"Le temps de recoloration cutanée normal est supérieur à 10 secondes.","isCorrect":false,"justification":"Il est inférieur à 6 secondes."},{"text":"Un pouls asymétrique doit toujours faire suspecter une atteinte artérielle.","isCorrect":true}]$$::jsonb, $$L’examen artériel est bilatéral et comparatif, essentiel pour détecter les troubles de perfusion et les asymétries pathologiques.$$, 0, '2025-11-02T17:52:04.634Z');
INSERT INTO "Question" (id, "chapterId", "questionText", options, explanation, "orderIndex", "createdAt") VALUES ('cmhi0dd7f003uk498fb5hpltf', 'cmhi0dd7c003qk498woxtjy9p', $$Artériopathie oblitérante des membres inférieurs$$, $$[{"text":"La claudication intermittente est un signe précoce d’artériopathie.","isCorrect":true},{"text":"Le refroidissement des extrémités est fréquent.","isCorrect":true},{"text":"L’index de pression systolique (IPS) est supérieur à 1,3 dans les formes sévères.","isCorrect":false,"justification":"Il est inférieur à 0,9, parfois < 0,5 dans les formes graves."},{"text":"Les douleurs de décubitus sont caractéristiques des stades avancés.","isCorrect":true},{"text":"Les pouls périphériques sont amplifiés.","isCorrect":false,"justification":"Ils sont diminués ou abolis."}]$$::jsonb, $$L’artériopathie oblitérante se traduit par une ischémie chronique, avec claudication, pouls diminués et IPS bas.$$, 1, '2025-11-02T17:52:04.636Z');
INSERT INTO "Question" (id, "chapterId", "questionText", options, explanation, "orderIndex", "createdAt") VALUES ('cmhi0dd7i003wk4980rs7v5e4', 'cmhi0dd7c003qk498woxtjy9p', $$Ulcères artériels et veineux$$, $$[{"text":"Les ulcères veineux sont toujours situés aux orteils.","isCorrect":false,"justification":"Ils sont préférentiellement malléolaires internes."},{"text":"Les ulcères artériels sont indolores.","isCorrect":false,"justification":"Ils sont très douloureux, surtout la nuit."},{"text":"Les ulcères veineux ont des bords nets et creusants.","isCorrect":false,"justification":"Ils ont des bords irréguliers et peu profonds."},{"text":"Les ulcères artériels sont accompagnés d’un œdème important.","isCorrect":false,"justification":"L’œdème est minime, car la perfusion est réduite."},{"text":"Les ulcères veineux cicatrisent rapidement sans traitement.","isCorrect":false,"justification":"Ils évoluent lentement et nécessitent compression et soins locaux."}]$$::jsonb, $$Les ulcères veineux et artériels se différencient par leur siège, douleur et bordure ; leur distinction oriente la prise en charge.$$, 2, '2025-11-02T17:52:04.638Z');
INSERT INTO "Question" (id, "chapterId", "questionText", options, explanation, "orderIndex", "createdAt") VALUES ('cmhi0dd7j003yk498xcn7tg7r', 'cmhi0dd7c003qk498woxtjy9p', $$Thrombose veineuse profonde (TVP)$$, $$[{"text":"La douleur unilatérale du mollet est un signe évocateur.","isCorrect":true},{"text":"Le signe de Homans correspond à une douleur du mollet à la dorsiflexion du pied.","isCorrect":true},{"text":"L’œdème est souvent bilatéral.","isCorrect":false,"justification":"Il est unilatéral, du côté atteint."},{"text":"La fièvre est constante.","isCorrect":false,"justification":"Elle est inconstante, présente dans les formes inflammatoires."},{"text":"Une chirurgie récente est un facteur de risque majeur.","isCorrect":true}]$$::jsonb, $$La TVP est une urgence diagnostique, marquée par douleur, œdème unilatéral et contexte thrombo-embolique.$$, 3, '2025-11-02T17:52:04.640Z');
INSERT INTO "Question" (id, "chapterId", "questionText", options, explanation, "orderIndex", "createdAt") VALUES ('cmhi0dd7l0040k498u5oxs2gm', 'cmhi0dd7c003qk498woxtjy9p', $$Insuffisance veineuse chronique$$, $$[{"text":"Elle se manifeste par une sensation de lourdeur des jambes.","isCorrect":true},{"text":"Les varices sont souvent visibles à l’examen.","isCorrect":true},{"text":"Les douleurs sont majorées par la position debout prolongée.","isCorrect":true},{"text":"Le port de bas de contention aggrave la stase veineuse.","isCorrect":false,"justification":"Il améliore le retour veineux et soulage les symptômes."},{"text":"La marche quotidienne est contre-indiquée.","isCorrect":false,"justification":"Elle est fortement recommandée pour activer la pompe musculaire."}]$$::jsonb, $$L’insuffisance veineuse chronique résulte d’une stase prolongée et bénéficie d’une compression adaptée et d’une activité physique régulière.$$, 4, '2025-11-02T17:52:04.642Z');
INSERT INTO "Question" (id, "chapterId", "questionText", options, explanation, "orderIndex", "createdAt") VALUES ('cmhi0dd7n0042k49832fvvbf4', 'cmhi0dd7c003qk498woxtjy9p', $$Anévrysme de l’aorte abdominale$$, $$[{"text":"Il s’agit d’une dilatation localisée et permanente de l’aorte abdominale.","isCorrect":true},{"text":"Il touche surtout les sujets jeunes.","isCorrect":false,"justification":"Il concerne les hommes âgés (> 60 ans)."},{"text":"Il peut être asymptomatique.","isCorrect":true},{"text":"Le principal risque est la thrombose distale.","isCorrect":false,"justification":"Le risque majeur est la rupture, souvent fatale."},{"text":"Le dépistage se fait par échographie abdominale.","isCorrect":true}]$$::jsonb, $$L’anévrysme de l’aorte abdominale est une découverte fréquente chez l’homme âgé et nécessite un suivi échographique régulier.$$, 5, '2025-11-02T17:52:04.644Z');
INSERT INTO "Question" (id, "chapterId", "questionText", options, explanation, "orderIndex", "createdAt") VALUES ('cmhi0dd7p0044k498eyzrvpn6', 'cmhi0dd7c003qk498woxtjy9p', $$Phénomène de Raynaud$$, $$[{"text":"Il s’agit d’un trouble paroxystique de la circulation digitale.","isCorrect":true},{"text":"Il est déclenché par le froid ou le stress.","isCorrect":true},{"text":"Il évolue en trois phases : blanche, bleue, rouge.","isCorrect":true},{"text":"Il ne survient jamais chez la femme.","isCorrect":false,"justification":"Il est plus fréquent chez la femme jeune."},{"text":"Il est toujours secondaire à une maladie auto-immune.","isCorrect":false,"justification":"Il peut être primaire (idiopathique) ou secondaire."}]$$::jsonb, $$Le phénomène de Raynaud est un trouble vasospastique fréquent, souvent bénin, mais pouvant révéler une maladie systémique.$$, 6, '2025-11-02T17:52:04.645Z');
INSERT INTO "Question" (id, "chapterId", "questionText", options, explanation, "orderIndex", "createdAt") VALUES ('cmhi0dd7r0046k498mrmfj4ts', 'cmhi0dd7c003qk498woxtjy9p', $$Ischémie aiguë de membre$$, $$[{"text":"Elle est toujours bilatérale.","isCorrect":false,"justification":"Elle est le plus souvent unilatérale, liée à une embolie ou thrombose."},{"text":"Elle associe douleur, froideur et pâleur du membre.","isCorrect":true},{"text":"Les pouls sont renforcés.","isCorrect":false,"justification":"Ils sont absents."},{"text":"L’installation est lente et progressive.","isCorrect":false,"justification":"Elle est brutale."},{"text":"Le pronostic vital n’est jamais engagé.","isCorrect":false,"justification":"Le risque est l’amputation ou la nécrose."}]$$::jsonb, $$L’ischémie aiguë du membre est une urgence vasculaire absolue nécessitant un diagnostic et une revascularisation immédiate.$$, 7, '2025-11-02T17:52:04.647Z');
INSERT INTO "Question" (id, "chapterId", "questionText", options, explanation, "orderIndex", "createdAt") VALUES ('cmhi0dd7s0048k498o0st3fdy', 'cmhi0dd7c003qk498woxtjy9p', $$Thrombophlébite superficielle$$, $$[{"text":"Elle se manifeste par une douleur sur un trajet veineux superficiel.","isCorrect":true},{"text":"On observe un cordon induré, rouge et sensible.","isCorrect":true},{"text":"Elle expose à un risque élevé d’embolie pulmonaire.","isCorrect":false,"justification":"Ce risque est faible, contrairement à la TVP."},{"text":"Le traitement repose sur les anti-inflammatoires et la marche.","isCorrect":true},{"text":"Elle est souvent favorisée par une varice.","isCorrect":true}]$$::jsonb, $$La thrombophlébite superficielle est bénigne, mais peut s’étendre vers le réseau profond, justifiant une surveillance clinique.$$, 8, '2025-11-02T17:52:04.649Z');
INSERT INTO "Question" (id, "chapterId", "questionText", options, explanation, "orderIndex", "createdAt") VALUES ('cmhi0dd7u004ak4984evfbjok', 'cmhi0dd7c003qk498woxtjy9p', $$Examen veineux des membres$$, $$[{"text":"Il doit être bilatéral et comparatif.","isCorrect":true},{"text":"L’inspection recherche des varices apparentes.","isCorrect":true},{"text":"La position debout permet d’évaluer le remplissage veineux.","isCorrect":true},{"text":"La palpation du mollet est contre-indiquée.","isCorrect":false,"justification":"Elle peut être faite doucement sauf suspicion de TVP aiguë."},{"text":"Le reflux veineux normal est supérieur à 3 secondes.","isCorrect":false,"justification":"Un reflux > 0,5 s est déjà pathologique."}]$$::jsonb, $$L’examen veineux repose sur l’observation, la palpation et la recherche de reflux ; il permet de dépister varices et insuffisance veineuse.$$, 9, '2025-11-02T17:52:04.650Z');
INSERT INTO "Chapter" (id, "subjectId", title, description, "orderIndex", "pdfUrl", "createdAt") VALUES ('cmhi0dd7w004ck4983jf4tdiv', 'cmhi0dd2g0000k498vt34o2z3', $$Chapitre 5 – Endocardites infectieuses (E.I.)$$, NULL, 8, NULL, '2025-11-02T17:52:04.653Z');
INSERT INTO "Question" (id, "chapterId", "questionText", options, explanation, "orderIndex", "createdAt") VALUES ('cmhi0dd7y004ek4985702pnqi', 'cmhi0dd7w004ck4983jf4tdiv', $$Définition et nature de la maladie$$, $$[{"text":"L’endocardite infectieuse est une inflammation aseptique du myocarde.","isCorrect":false,"justification":"Elle est infectieuse, non aseptique, et touche l’endocarde."},{"text":"C’est une infection de l’endocarde valvulaire ou pariétal.","isCorrect":true},{"text":"Elle se complique rarement d’embolie.","isCorrect":false,"justification":"Les emboles septiques sont fréquents (cerveau, reins, rate)."},{"text":"Elle est due à la greffe d’un micro-organisme sur une valve cardiaque.","isCorrect":true},{"text":"C’est une affection bénigne à évolution rapide.","isCorrect":false,"justification":"Elle est grave, souvent mortelle sans traitement rapide."}]$$::jsonb, $$L’E.I. est une infection grave du revêtement endocardique, souvent valvulaire, associée à une septicémie et un risque embolique.$$, 0, '2025-11-02T17:52:04.654Z');
INSERT INTO "Question" (id, "chapterId", "questionText", options, explanation, "orderIndex", "createdAt") VALUES ('cmhi0dd80004gk49831pyeplv', 'cmhi0dd7w004ck4983jf4tdiv', $$Germes responsables$$, $$[{"text":"Les streptocoques sont une cause fréquente d’endocardite.","isCorrect":true},{"text":"Les staphylocoques sont souvent responsables des formes aiguës.","isCorrect":true},{"text":"Les bacilles Gram négatifs peuvent exceptionnellement être en cause.","isCorrect":true},{"text":"Les levures sont impossibles à impliquer.","isCorrect":false,"justification":"Les Candida et Aspergillus peuvent infecter les valves prothétiques."},{"text":"Les hémocultures négatives excluent le diagnostic d’endocardite.","isCorrect":false,"justification":"On parle alors d’E.I. à hémocultures négatives (souvent Coxiella, Bartonella)."}]$$::jsonb, $$Les streptocoques et staphylocoques dominent, mais il faut rechercher des germes rares dans les formes atypiques ou sur prothèse.$$, 1, '2025-11-02T17:52:04.656Z');
INSERT INTO "Question" (id, "chapterId", "questionText", options, explanation, "orderIndex", "createdAt") VALUES ('cmhi0dd82004ik498xnxx5ml2', 'cmhi0dd7w004ck4983jf4tdiv', $$Facteurs de risque$$, $$[{"text":"Les valvulopathies rhumatismales sont des terrains à risque.","isCorrect":true},{"text":"La présence d’un cathéter urinaire n’a aucun rapport.","isCorrect":false,"justification":"C’est une porte d’entrée fréquente pour les bactéries."},{"text":"Les prothèses valvulaires sont protectrices.","isCorrect":false,"justification":"Elles augmentent considérablement le risque d’infection."},{"text":"L’usage intraveineux de drogues n’a aucun lien.","isCorrect":false,"justification":"Il favorise les endocardites du cœur droit."},{"text":"Les cardiopathies congénitales corrigées ne nécessitent pas de surveillance.","isCorrect":false,"justification":"Elles restent à haut risque infectieux."}]$$::jsonb, $$Les valvulopathies, les prothèses et les gestes invasifs sont les principaux terrains favorisants l’endocardite.$$, 2, '2025-11-02T17:52:04.658Z');
INSERT INTO "Question" (id, "chapterId", "questionText", options, explanation, "orderIndex", "createdAt") VALUES ('cmhi0dd83004kk4980q2t5noe', 'cmhi0dd7w004ck4983jf4tdiv', $$Portes d’entrée infectieuses$$, $$[{"text":"Les foyers dentaires sont une cause classique d’endocardite.","isCorrect":true},{"text":"Les infections ORL peuvent servir de point de départ.","isCorrect":true},{"text":"Les infections urinaires peuvent en être responsables.","isCorrect":true},{"text":"Les plaies cutanées ou les cathéters peuvent être des portes d’entrée.","isCorrect":true},{"text":"Les gestes gynécologiques peuvent aussi provoquer une bactériémie.","isCorrect":true}]$$::jsonb, $$Toute brèche infectieuse, notamment bucco-dentaire, cutanée ou urinaire, peut être à l’origine d’une endocardite infectieuse.$$, 3, '2025-11-02T17:52:04.660Z');
INSERT INTO "Question" (id, "chapterId", "questionText", options, explanation, "orderIndex", "createdAt") VALUES ('cmhi0dd85004mk498uuik21sw', 'cmhi0dd7w004ck4983jf4tdiv', $$Signes cardiaques$$, $$[{"text":"Le souffle cardiaque est présent dans la majorité des cas.","isCorrect":true},{"text":"L’apparition d’un nouveau souffle est sans importance.","isCorrect":false,"justification":"Elle est hautement évocatrice d’une E.I. active."},{"text":"Le souffle d’insuffisance aortique est fréquent.","isCorrect":true},{"text":"L’auscultation cardiaque est inutile pour le diagnostic.","isCorrect":false,"justification":"Elle reste indispensable."},{"text":"L’auscultation pulmonaire suffit pour éliminer le diagnostic.","isCorrect":false,"justification":"Les signes cardiaques sont centraux dans l’E.I."}]$$::jsonb, $$La modification ou l’apparition d’un souffle cardiaque est un signe d’alerte majeur dans le diagnostic d’endocardite.$$, 4, '2025-11-02T17:52:04.662Z');
INSERT INTO "Question" (id, "chapterId", "questionText", options, explanation, "orderIndex", "createdAt") VALUES ('cmhi0dd87004ok498sp94fyuk', 'cmhi0dd7w004ck4983jf4tdiv', $$Signes périphériques$$, $$[{"text":"Les pétéchies cutanées et conjonctivales sont fréquentes.","isCorrect":true},{"text":"Les tâches de Janeway sont douloureuses et surélevées.","isCorrect":false,"justification":"Elles sont indolores et planes, d’origine embolique."},{"text":"Les nodosités d’Osler sont douloureuses.","isCorrect":true},{"text":"La splénomégalie est rare dans l’endocardite.","isCorrect":false,"justification":"Elle est fréquente (30–40 %)."},{"text":"L’hippocratisme digital peut se voir dans les formes chroniques.","isCorrect":true}]$$::jsonb, $$Les signes périphériques reflètent la dissémination septique et la vascularite : pétéchies, nodosités, splénomégalie.$$, 5, '2025-11-02T17:52:04.664Z');
INSERT INTO "Question" (id, "chapterId", "questionText", options, explanation, "orderIndex", "createdAt") VALUES ('cmhi0dd89004qk49861hl4syb', 'cmhi0dd7w004ck4983jf4tdiv', $$Examens complémentaires$$, $$[{"text":"L’hémoculture est inutile si la fièvre est intermittente.","isCorrect":false,"justification":"Elle doit être réalisée pendant les pics fébriles."},{"text":"L’échocardiographie Doppler est fondamentale pour confirmer le diagnostic.","isCorrect":true},{"text":"L’échographie ne permet jamais de visualiser les végétations.","isCorrect":false,"justification":"Elle les détecte directement, surtout en mode transœsophagien."},{"text":"L’électrocardiogramme suffit pour poser le diagnostic.","isCorrect":false,"justification":"Il n’est que complémentaire."},{"text":"La radiographie thoracique est toujours normale.","isCorrect":false,"justification":"Elle peut montrer cardiomégalie ou œdème pulmonaire."}]$$::jsonb, $$L’échocardiographie et les hémocultures sont les piliers diagnostiques de l’endocardite infectieuse.$$, 6, '2025-11-02T17:52:04.665Z');
INSERT INTO "Question" (id, "chapterId", "questionText", options, explanation, "orderIndex", "createdAt") VALUES ('cmhi0dd8b004sk4982n6dylux', 'cmhi0dd7w004ck4983jf4tdiv', $$Diagnostic positif$$, $$[{"text":"La fièvre est absente dans la majorité des cas.","isCorrect":false,"justification":"Elle est quasi constante dans les E.I. actives."},{"text":"Le diagnostic repose uniquement sur la clinique.","isCorrect":false,"justification":"Il repose sur les critères de Duke : clinique + hémocultures + imagerie."},{"text":"L’endocardite peut être confirmée sans hémoculture ni échographie.","isCorrect":false,"justification":"Ces examens sont indispensables."},{"text":"La présence d’un souffle ancien suffit au diagnostic.","isCorrect":false,"justification":"Il faut prouver une infection active."},{"text":"La sérologie est inutile dans les formes à hémocultures négatives.","isCorrect":false,"justification":"Elle permet d’identifier Coxiella ou Bartonella."}]$$::jsonb, $$Le diagnostic d’endocardite est toujours microbiologique et échographique, jamais purement clinique.$$, 7, '2025-11-02T17:52:04.667Z');
INSERT INTO "Question" (id, "chapterId", "questionText", options, explanation, "orderIndex", "createdAt") VALUES ('cmhi0dd8c004uk4981c274bsi', 'cmhi0dd7w004ck4983jf4tdiv', $$Complications$$, $$[{"text":"Les embolies systémiques sont une complication fréquente.","isCorrect":true},{"text":"Les abcès myocardiques sont rares mais graves.","isCorrect":true},{"text":"L’insuffisance cardiaque est une complication tardive.","isCorrect":true},{"text":"L’anévrysme mycotique est une dilatation artérielle infectée.","isCorrect":true},{"text":"Les troubles du rythme sont exclus dans l’E.I.","isCorrect":false,"justification":"Les bloc auriculo-ventriculaires peuvent survenir dans les formes septales."}]$$::jsonb, $$L’E.I. entraîne des complications infectieuses, emboliques et cardiaques graves, justifiant une prise en charge urgente.$$, 8, '2025-11-02T17:52:04.669Z');
INSERT INTO "Question" (id, "chapterId", "questionText", options, explanation, "orderIndex", "createdAt") VALUES ('cmhi0dd8e004wk498drjaho4z', 'cmhi0dd7w004ck4983jf4tdiv', $$Traitement et prévention$$, $$[{"text":"Le traitement antibiotique doit être précoce et prolongé.","isCorrect":true},{"text":"Il repose sur des associations bactéricides selon l’antibiogramme.","isCorrect":true},{"text":"Les formes graves nécessitent une chirurgie valvulaire.","isCorrect":true},{"text":"La prévention bucco-dentaire est essentielle chez les patients à risque.","isCorrect":true},{"text":"L’antibioprophylaxie est indiquée avant certains gestes invasifs chez les porteurs de prothèses valvulaires.","isCorrect":true}]$$::jsonb, $$Le traitement de l’endocardite est long, combiné (médical et chirurgical) et la prévention bucco-dentaire reste la meilleure arme contre la récidive.$$, 9, '2025-11-02T17:52:04.671Z');
INSERT INTO "Chapter" (id, "subjectId", title, description, "orderIndex", "pdfUrl", "createdAt") VALUES ('cmhi0dd8h004yk49858j34ark', 'cmhi0dd2g0000k498vt34o2z3', $$Chapitre 6 – L’Électrocardiogramme (ECG)$$, NULL, 9, NULL, '2025-11-02T17:52:04.673Z');
INSERT INTO "Question" (id, "chapterId", "questionText", options, explanation, "orderIndex", "createdAt") VALUES ('cmhi0dd8i0050k498qc0ph1t6', 'cmhi0dd8h004yk49858j34ark', $$Définition et principes$$, $$[{"text":"L’ECG enregistre l’activité électrique du cœur à la surface du corps.","isCorrect":true},{"text":"Il ne renseigne pas sur la conduction intracardiaque.","isCorrect":false,"justification":"Il permet au contraire d’évaluer la conduction auriculo-ventriculaire et intraventriculaire."},{"text":"Il est réalisé uniquement en position debout.","isCorrect":false,"justification":"L’enregistrement standard se fait en décubitus dorsal."},{"text":"Il détecte les troubles du rythme, les ischémies et hypertrophies.","isCorrect":true},{"text":"Il ne nécessite pas de calibration spécifique.","isCorrect":false,"justification":"Il faut étalonner : 1 mV = 10 mm."}]$$::jsonb, $$L’ECG est un examen non invasif essentiel pour l’analyse de la conduction, du rythme et de la repolarisation cardiaque.$$, 0, '2025-11-02T17:52:04.675Z');
INSERT INTO "Question" (id, "chapterId", "questionText", options, explanation, "orderIndex", "createdAt") VALUES ('cmhi0dd8k0052k4982cftqo0h', 'cmhi0dd8h004yk49858j34ark', $$Critères de validité$$, $$[{"text":"L’identité du patient doit figurer sur le tracé.","isCorrect":true},{"text":"La vitesse du papier est fixée à 25 mm/s.","isCorrect":true},{"text":"Une vitesse différente fausse l’interprétation.","isCorrect":true},{"text":"La calibration est inutile sur les appareils modernes.","isCorrect":false,"justification":"Elle demeure obligatoire pour vérifier les amplitudes."},{"text":"Le tracé doit comporter 6 dérivations standards uniquement.","isCorrect":false,"justification":"L’ECG standard comporte 12 dérivations."}]$$::jsonb, $$Un ECG valide doit être correctement identifié, calibré et enregistré selon le standard de 12 dérivations.$$, 1, '2025-11-02T17:52:04.677Z');
INSERT INTO "Question" (id, "chapterId", "questionText", options, explanation, "orderIndex", "createdAt") VALUES ('cmhi0dd8m0054k498fvdzjjiu', 'cmhi0dd8h004yk49858j34ark', $$Dérivations$$, $$[{"text":"Les dérivations standards des membres sont D1, D2 et D3.","isCorrect":true},{"text":"Les dérivations unipolaires sont aVR, aVL et aVF.","isCorrect":true},{"text":"Les dérivations précordiales vont de V1 à V6.","isCorrect":true},{"text":"Les dérivations V7, V8 et V9 explorent la face postérieure du cœur.","isCorrect":true},{"text":"Les dérivations droites (V3R, V4R) sont inutiles.","isCorrect":false,"justification":"Elles sont indispensables pour explorer le ventricule droit."}]$$::jsonb, $$Les 12 dérivations standard explorent toutes les faces du cœur, et des dérivations supplémentaires affinent le diagnostic topographique.$$, 2, '2025-11-02T17:52:04.679Z');
INSERT INTO "Question" (id, "chapterId", "questionText", options, explanation, "orderIndex", "createdAt") VALUES ('cmhi0dd8o0056k4988y0s5r62', 'cmhi0dd8h004yk49858j34ark', $$Onde P$$, $$[{"text":"Elle correspond à la dépolarisation auriculaire.","isCorrect":true},{"text":"Elle est toujours négative en D2.","isCorrect":false,"justification":"Elle est positive en D2, D3 et aVF."},{"text":"Sa durée normale est inférieure à 0,12 s.","isCorrect":true},{"text":"Une onde P bifide traduit une hypertrophie auriculaire gauche.","isCorrect":true},{"text":"L’absence d’onde P évoque une tachycardie sinusale.","isCorrect":false,"justification":"Elle évoque plutôt une fibrillation auriculaire."}]$$::jsonb, $$L’onde P renseigne sur l’activité auriculaire ; son absence ou sa déformation permet d’identifier des troubles de conduction ou d’hypertrophie.$$, 3, '2025-11-02T17:52:04.680Z');
INSERT INTO "Question" (id, "chapterId", "questionText", options, explanation, "orderIndex", "createdAt") VALUES ('cmhi0dd8p0058k4983v6qico8', 'cmhi0dd8h004yk49858j34ark', $$Intervalle PR$$, $$[{"text":"Il s’étend du début de P au début de QRS.","isCorrect":true},{"text":"Sa valeur normale est comprise entre 0,12 et 0,20 s.","isCorrect":true},{"text":"Un allongement traduit un bloc auriculo-ventriculaire du 1er degré.","isCorrect":true},{"text":"Un PR court (< 0,12 s) évoque un syndrome de pré-excitation.","isCorrect":true},{"text":"Le PR n’a aucune valeur clinique.","isCorrect":false,"justification":"Il est fondamental pour évaluer la conduction A-V."}]$$::jsonb, $$L’intervalle PR reflète la conduction entre oreillettes et ventricules, permettant d’identifier les blocs ou les voies accessoires.$$, 4, '2025-11-02T17:52:04.682Z');
INSERT INTO "Question" (id, "chapterId", "questionText", options, explanation, "orderIndex", "createdAt") VALUES ('cmhi0dd8r005ak498idyfpe5f', 'cmhi0dd8h004yk49858j34ark', $$Complexe QRS$$, $$[{"text":"Il correspond à la dépolarisation ventriculaire.","isCorrect":true},{"text":"Sa durée normale est ≤ 0,12 s.","isCorrect":true},{"text":"Un QRS large évoque un trouble de conduction intraventriculaire.","isCorrect":true},{"text":"Sa morphologie permet de calculer l’axe électrique du cœur.","isCorrect":true},{"text":"L’amplitude du QRS est identique chez tous les patients.","isCorrect":false,"justification":"Elle varie selon la morphologie, la corpulence et l’hypertrophie."}]$$::jsonb, $$Le QRS analyse la dépolarisation ventriculaire ; sa largeur et son orientation guident le diagnostic des blocs et hypertrophies.$$, 5, '2025-11-02T17:52:04.683Z');
INSERT INTO "Question" (id, "chapterId", "questionText", options, explanation, "orderIndex", "createdAt") VALUES ('cmhi0dd8t005ck4982jcgen10', 'cmhi0dd8h004yk49858j34ark', $$Segment ST$$, $$[{"text":"Il s’étend de la fin du QRS au début de T.","isCorrect":true},{"text":"Il est normalement isoélectrique.","isCorrect":true},{"text":"Un sus-décalage traduit une ischémie sous-endocardique.","isCorrect":false,"justification":"Il indique une lésion sous-épicardique (ST+)."},{"text":"Un sous-décalage traduit une ischémie sous-endocardique.","isCorrect":true},{"text":"Le ST n’a pas d’intérêt en cardiologie d’urgence.","isCorrect":false,"justification":"Son analyse est capitale pour le diagnostic d’infarctus aigu."}]$$::jsonb, $$Les variations du segment ST sont au cœur du diagnostic des syndromes coronariens aigus.$$, 6, '2025-11-02T17:52:04.685Z');
INSERT INTO "Question" (id, "chapterId", "questionText", options, explanation, "orderIndex", "createdAt") VALUES ('cmhi0dd8u005ek498werejy9m', 'cmhi0dd8h004yk49858j34ark', $$Onde T$$, $$[{"text":"Elle représente la repolarisation ventriculaire.","isCorrect":true},{"text":"Elle est toujours négative en dérivation D2.","isCorrect":false,"justification":"Elle est positive en D2, D3, aVF, V4–V6."},{"text":"Une onde T inversée peut traduire une ischémie.","isCorrect":true},{"text":"Une onde T ample et pointue évoque une hyperkaliémie.","isCorrect":true},{"text":"L’onde T est ininterprétable chez l’adulte.","isCorrect":false,"justification":"Elle est très utile pour détecter les anomalies de repolarisation."}]$$::jsonb, $$L’onde T est un indicateur sensible des troubles métaboliques, ischémiques ou ioniques.$$, 7, '2025-11-02T17:52:04.687Z');
INSERT INTO "Question" (id, "chapterId", "questionText", options, explanation, "orderIndex", "createdAt") VALUES ('cmhi0dd8w005gk498edyfv2sx', 'cmhi0dd8h004yk49858j34ark', $$Intervalle QT$$, $$[{"text":"Il correspond à la systole électrique (dépolarisation + repolarisation).","isCorrect":true},{"text":"Il est indépendant de la fréquence cardiaque.","isCorrect":false,"justification":"Il varie avec la fréquence, d’où le QT corrigé (QTc)."},{"text":"Le QTc normal est compris entre 350 et 440 ms.","isCorrect":true},{"text":"Un QT allongé prédispose aux torsades de pointes.","isCorrect":true},{"text":"Un QT court n’a aucune conséquence.","isCorrect":false,"justification":"Il peut provoquer des arythmies malignes."}]$$::jsonb, $$Le QT corrigé est un paramètre pronostique majeur ; son allongement expose aux tachyarythmies ventriculaires.$$, 8, '2025-11-02T17:52:04.688Z');
INSERT INTO "Question" (id, "chapterId", "questionText", options, explanation, "orderIndex", "createdAt") VALUES ('cmhi0dd8y005ik4983tnkerlv', 'cmhi0dd8h004yk49858j34ark', $$Hypertrophie auriculaire et ventriculaire$$, $$[{"text":"Une onde P pointue et haute traduit une hypertrophie auriculaire droite.","isCorrect":true},{"text":"Une onde P bifide évoque une hypertrophie auriculaire gauche.","isCorrect":true},{"text":"Le critère de Sokolov-Lyon sert au diagnostic d’hypertrophie ventriculaire gauche.","isCorrect":true},{"text":"Une onde R > 35 mm en V5-V6 confirme une HVG.","isCorrect":true},{"text":"L’axe dévié à gauche est sans rapport avec une HVG.","isCorrect":false,"justification":"Il en est un signe indirect fréquent."}]$$::jsonb, $$Les hypertrophies modifient l’amplitude et l’axe des QRS, constituant des signes indirects de surcharge cavitaire.$$, 9, '2025-11-02T17:52:04.690Z');
INSERT INTO "Question" (id, "chapterId", "questionText", options, explanation, "orderIndex", "createdAt") VALUES ('cmhi0dd8z005kk498c5wgvlbu', 'cmhi0dd8h004yk49858j34ark', $$Ischémie, lésion et nécrose myocardique$$, $$[{"text":"L’ischémie se manifeste par des anomalies de l’onde T.","isCorrect":true},{"text":"La lésion par un décalage du ST.","isCorrect":true},{"text":"La nécrose par l’apparition d’une onde Q pathologique.","isCorrect":true},{"text":"Le ST- sous-décalé traduit une ischémie sous-épicardique.","isCorrect":false,"justification":"C’est une ischémie sous-endocardique."},{"text":"Une onde Q de nécrose disparaît toujours après guérison.","isCorrect":false,"justification":"Elle peut persister à vie."}]$$::jsonb, $$L’évolution ECG d’un infarctus passe par trois stades : ischémie (T), lésion (ST) et nécrose (Q).$$, 10, '2025-11-02T17:52:04.691Z');
INSERT INTO "Question" (id, "chapterId", "questionText", options, explanation, "orderIndex", "createdAt") VALUES ('cmhi0dd91005mk49814ur1d8k', 'cmhi0dd8h004yk49858j34ark', $$Troubles de conduction intraventriculaire$$, $$[{"text":"Un QRS > 0,12 s évoque un bloc de branche.","isCorrect":true},{"text":"Le bloc de branche gauche montre un QRS en M en V1-V2.","isCorrect":false,"justification":"C’est le bloc droit qui donne cet aspect."},{"text":"Le bloc gauche donne un QRS élargi avec R ample en V5-V6.","isCorrect":true},{"text":"Le bloc droit montre une onde S large en DI et V6.","isCorrect":true},{"text":"Le bloc gauche est toujours bénin.","isCorrect":false,"justification":"Il peut masquer un infarctus aigu."}]$$::jsonb, $$Les blocs de branche modifient la morphologie des QRS et orientent sur le siège de l’anomalie de conduction.$$, 11, '2025-11-02T17:52:04.693Z');
INSERT INTO "Question" (id, "chapterId", "questionText", options, explanation, "orderIndex", "createdAt") VALUES ('cmhi0dd93005ok498zsiy7o1g', 'cmhi0dd8h004yk49858j34ark', $$Troubles de conduction auriculo-ventriculaire$$, $$[{"text":"Le bloc du 1er degré correspond à un PR allongé.","isCorrect":true},{"text":"Le bloc du 2e degré type I montre un allongement progressif du PR.","isCorrect":true},{"text":"Le bloc du 2e degré type II se traduit par un blocage soudain de P.","isCorrect":true},{"text":"Le bloc complet présente une dissociation entre P et QRS.","isCorrect":true},{"text":"Les blocs A-V n’ont jamais de retentissement clinique.","isCorrect":false,"justification":"Les formes avancées peuvent provoquer des syncopes."}]$$::jsonb, $$Les blocs A-V témoignent d’un ralentissement de la conduction ; leur gravité dépend du degré et du retentissement hémodynamique.$$, 12, '2025-11-02T17:52:04.695Z');
INSERT INTO "Question" (id, "chapterId", "questionText", options, explanation, "orderIndex", "createdAt") VALUES ('cmhi0dd94005qk498ofghvmx0', 'cmhi0dd8h004yk49858j34ark', $$Troubles du rythme$$, $$[{"text":"La tachycardie sinusale se définit par une FC > 100 bpm.","isCorrect":true},{"text":"La bradycardie sinusale < 60 bpm est toujours pathologique.","isCorrect":false,"justification":"Elle est physiologique chez le sportif."},{"text":"Le flutter auriculaire montre des ondes F en dents de scie.","isCorrect":true},{"text":"La fibrillation auriculaire donne un tracé totalement irrégulier.","isCorrect":true},{"text":"La fibrillation ventriculaire conserve une efficacité circulatoire.","isCorrect":false,"justification":"Elle provoque un arrêt cardiaque immédiat."}]$$::jsonb, $$Les arythmies doivent être rapidement identifiées à l’ECG ; certaines sont bénignes, d’autres immédiatement vitales.$$, 13, '2025-11-02T17:52:04.697Z');
INSERT INTO "Question" (id, "chapterId", "questionText", options, explanation, "orderIndex", "createdAt") VALUES ('cmhi0dd96005sk498vbgh4w7q', 'cmhi0dd8h004yk49858j34ark', $$Intérêt clinique de l’ECG$$, $$[{"text":"L’ECG est l’examen de base en cardiologie.","isCorrect":true},{"text":"Il permet le suivi des traitements anti-arythmiques.","isCorrect":true},{"text":"Il est inutile en médecine d’urgence.","isCorrect":false,"justification":"Il est indispensable pour diagnostiquer un infarctus ou une arythmie."},{"text":"Il oriente le diagnostic de péricardite aiguë.","isCorrect":true},{"text":"Il ne détecte jamais les troubles métaboliques.","isCorrect":false,"justification":"Il révèle hyperkaliémie, hypokaliémie, hypocalcémie."}]$$::jsonb, $$L’ECG reste un outil incontournable : diagnostic, pronostic et suivi thérapeutique en cardiologie clinique.$$, 14, '2025-11-02T17:52:04.698Z');
INSERT INTO "Chapter" (id, "subjectId", title, description, "orderIndex", "pdfUrl", "createdAt") VALUES ('cmhi0dd98005uk49879jso6f6', 'cmhi0dd2g0000k498vt34o2z3', $$Chapitre 7 – Le Rétrécissement Mitral (RM)$$, NULL, 10, NULL, '2025-11-02T17:52:04.701Z');
INSERT INTO "Question" (id, "chapterId", "questionText", options, explanation, "orderIndex", "createdAt") VALUES ('cmhi0dd9a005wk498zd7g7fmu', 'cmhi0dd98005uk49879jso6f6', $$Définition et généralités$$, $$[{"text":"Le RM correspond à un obstacle diastolique au remplissage ventriculaire gauche.","isCorrect":true},{"text":"Il est plus fréquent chez la femme.","isCorrect":true},{"text":"Il résulte le plus souvent d’une cause rhumatismale.","isCorrect":true},{"text":"Il s’agit d’un rétrécissement de l’orifice aortique.","isCorrect":false,"justification":"L’obstacle siège au niveau de la valve mitrale."},{"text":"La surface mitrale normale est de 4 à 6 cm².","isCorrect":true}]$$::jsonb, $$Le RM est une valvulopathie post-rhumatismale entraînant une gêne au remplissage du ventricule gauche.$$, 0, '2025-11-02T17:52:04.702Z');
INSERT INTO "Question" (id, "chapterId", "questionText", options, explanation, "orderIndex", "createdAt") VALUES ('cmhi0dd9b005yk498ot8ajn34', 'cmhi0dd98005uk49879jso6f6', $$Étiologies$$, $$[{"text":"Le rhumatisme articulaire aigu est la cause la plus fréquente.","isCorrect":true},{"text":"La calcification dégénérative du sujet âgé peut être responsable.","isCorrect":true},{"text":"Le RM congénital est la forme la plus commune.","isCorrect":false,"justification":"Il est exceptionnel."},{"text":"Le prolapsus mitral provoque habituellement un RM.","isCorrect":false,"justification":"Il entraîne plutôt une insuffisance mitrale."},{"text":"Une endocardite infectieuse peut compliquer un RM préexistant.","isCorrect":true}]$$::jsonb, $$Le RM est majoritairement rhumatismal, mais d’autres causes dégénératives ou infectieuses sont possibles.$$, 1, '2025-11-02T17:52:04.704Z');
INSERT INTO "Question" (id, "chapterId", "questionText", options, explanation, "orderIndex", "createdAt") VALUES ('cmhi0dd9d0060k498dgo9uhz9', 'cmhi0dd98005uk49879jso6f6', $$Circonstances de découverte$$, $$[{"text":"Il peut être découvert à l’occasion d’un souffle à l’auscultation.","isCorrect":true},{"text":"Il est parfois révélé par un épisode de dyspnée ou d’œdème aigu du poumon.","isCorrect":true},{"text":"La grossesse peut révéler un RM latent.","isCorrect":true},{"text":"Il n’est jamais découvert de façon fortuite.","isCorrect":false,"justification":"Le diagnostic peut être accidentel à l’examen systématique."},{"text":"Il n’est jamais associé à une fibrillation auriculaire.","isCorrect":false,"justification":"Elle est fréquente, surtout dans les formes évoluées."}]$$::jsonb, $$Le RM se révèle souvent par la dyspnée d’effort, un souffle caractéristique ou la survenue d’une arythmie auriculaire.$$, 2, '2025-11-02T17:52:04.705Z');
INSERT INTO "Question" (id, "chapterId", "questionText", options, explanation, "orderIndex", "createdAt") VALUES ('cmhi0dd9f0062k498ocz5hcl8', 'cmhi0dd98005uk49879jso6f6', $$Signes fonctionnels$$, $$[{"text":"La dyspnée d’effort est le principal symptôme.","isCorrect":true},{"text":"Les palpitations peuvent traduire une fibrillation auriculaire.","isCorrect":true},{"text":"L’hémoptysie d’effort est possible.","isCorrect":true},{"text":"Les douleurs thoraciques sont constantes.","isCorrect":false,"justification":"Elles sont rares et non spécifiques."},{"text":"Les syncopes sont fréquentes au début.","isCorrect":false,"justification":"Elles surviennent tardivement ou exceptionnellement."}]$$::jsonb, $$Le RM se manifeste par une gêne respiratoire d’effort, une orthopnée et des palpitations liées à la surcharge auriculaire.$$, 3, '2025-11-02T17:52:04.707Z');
INSERT INTO "Question" (id, "chapterId", "questionText", options, explanation, "orderIndex", "createdAt") VALUES ('cmhi0dd9g0064k498c6ovftfq', 'cmhi0dd98005uk49879jso6f6', $$Examen clinique : inspection et palpation$$, $$[{"text":"Le choc de pointe est souvent abaissé et dévié à gauche.","isCorrect":true},{"text":"Un frémissement diastolique apexien peut être perçu.","isCorrect":true},{"text":"L’éclat de B1 au foyer mitral est typique.","isCorrect":true},{"text":"Le signe de Harzer est constant.","isCorrect":false,"justification":"Il traduit une dilatation du ventricule droit, non spécifique du RM."},{"text":"Un frémissement systolique au foyer aortique est caractéristique du RM.","isCorrect":false,"justification":"Il correspond plutôt à une sténose aortique."}]$$::jsonb, $$Le RM produit des signes palpatoires spécifiques à l’apex : frémissement cataire et éclat de B1.$$, 4, '2025-11-02T17:52:04.708Z');
INSERT INTO "Question" (id, "chapterId", "questionText", options, explanation, "orderIndex", "createdAt") VALUES ('cmhi0dd9i0066k498t04t126v', 'cmhi0dd98005uk49879jso6f6', $$Auscultation cardiaque$$, $$[{"text":"Le souffle diastolique du RM débute après un claquement d’ouverture mitrale.","isCorrect":true},{"text":"Il est holosystolique.","isCorrect":false,"justification":"Il est diastolique et roulant."},{"text":"Il est entendu à la pointe, en décubitus latéral gauche.","isCorrect":true},{"text":"Il irradie vers l’aisselle.","isCorrect":true},{"text":"Le renforcement présystolique est absent en rythme sinusal.","isCorrect":false,"justification":"Il est présent si le rythme est sinusal et disparaît en FA."}]$$::jsonb, $$Le souffle diastolique du RM, précédé d’un claquement d’ouverture, constitue un signe auscultatoire pathognomonique.$$, 5, '2025-11-02T17:52:04.711Z');
INSERT INTO "Question" (id, "chapterId", "questionText", options, explanation, "orderIndex", "createdAt") VALUES ('cmhi0dd9k0068k4980ekxae2w', 'cmhi0dd98005uk49879jso6f6', $$Examens complémentaires$$, $$[{"text":"L’échocardiographie permet de mesurer la surface valvulaire.","isCorrect":true},{"text":"Elle visualise l’épaississement et la calcification des valves.","isCorrect":true},{"text":"Le Doppler évalue le gradient de pression OG–VG.","isCorrect":true},{"text":"L’ECG montre souvent une hypertrophie ventriculaire gauche.","isCorrect":false,"justification":"On observe surtout une dilatation auriculaire gauche."},{"text":"La radiographie peut montrer une silhouette mitrale typique.","isCorrect":true}]$$::jsonb, $$L’échocardiographie est l’examen clé du diagnostic et du suivi du RM, complété par ECG et radiographie thoracique.$$, 6, '2025-11-02T17:52:04.712Z');
INSERT INTO "Question" (id, "chapterId", "questionText", options, explanation, "orderIndex", "createdAt") VALUES ('cmhi0dd9l006ak498rkoryzuo', 'cmhi0dd98005uk49879jso6f6', $$Complications$$, $$[{"text":"La fibrillation auriculaire est la complication la plus fréquente.","isCorrect":true},{"text":"L’œdème pulmonaire est rare dans le RM.","isCorrect":false,"justification":"Il est fréquent lors de décompensation."},{"text":"Les embolies systémiques peuvent compliquer une FA.","isCorrect":true},{"text":"L’endocardite infectieuse ne complique jamais le RM.","isCorrect":false,"justification":"Elle est possible sur valve remaniée."},{"text":"L’hypertension artérielle pulmonaire est une évolution tardive.","isCorrect":true}]$$::jsonb, $$Le RM peut évoluer vers une FA, une HTAP et une embolie artérielle systémique.$$, 7, '2025-11-02T17:52:04.714Z');
INSERT INTO "Question" (id, "chapterId", "questionText", options, explanation, "orderIndex", "createdAt") VALUES ('cmhi0dd9n006ck498te2lsg39', 'cmhi0dd98005uk49879jso6f6', $$Diagnostic différentiel$$, $$[{"text":"L’insuffisance mitrale donne un souffle diastolique semblable.","isCorrect":false,"justification":"Son souffle est systolique, non diastolique."},{"text":"Le rétrécissement tricuspide peut simuler un RM.","isCorrect":true},{"text":"L’insuffisance aortique peut donner un souffle diastolique apical.","isCorrect":true},{"text":"Le souffle de Graham-Steell accompagne l’HTAP du RM.","isCorrect":true},{"text":"La péricardite constrictive reproduit parfois un pseudo-claquement d’ouverture.","isCorrect":true}]$$::jsonb, $$Le diagnostic différentiel du RM repose sur l’analyse du foyer, du rythme et de la chronologie des souffles.$$, 8, '2025-11-02T17:52:04.715Z');
INSERT INTO "Question" (id, "chapterId", "questionText", options, explanation, "orderIndex", "createdAt") VALUES ('cmhi0dd9p006ek498oxn5kp85', 'cmhi0dd98005uk49879jso6f6', $$Traitement$$, $$[{"text":"Le traitement diurétique soulage les symptômes congestifs.","isCorrect":true},{"text":"L’anticoagulation est indiquée en cas de fibrillation auriculaire.","isCorrect":true},{"text":"La dilatation percutanée par ballon est une option thérapeutique.","isCorrect":true},{"text":"La chirurgie valvulaire n’a aucun intérêt.","isCorrect":false,"justification":"Elle est indiquée dans les formes sévères ou calcifiées."},{"text":"Le traitement prophylactique du RAA n’a pas d’importance.","isCorrect":false,"justification":"Il est essentiel pour prévenir les récidives rhumatismales."}]$$::jsonb, $$Le traitement du RM combine mesures médicales, prévention rhumatismale et, selon les cas, commissurotomie ou chirurgie valvulaire.$$, 9, '2025-11-02T17:52:04.717Z');
INSERT INTO "Chapter" (id, "subjectId", title, description, "orderIndex", "pdfUrl", "createdAt") VALUES ('cmhi0dd9r006gk4983acf51u5', 'cmhi0dd2g0000k498vt34o2z3', $$Chapitre 8 – L’Insuffisance Mitrale (IM)$$, NULL, 11, NULL, '2025-11-02T17:52:04.719Z');
INSERT INTO "Question" (id, "chapterId", "questionText", options, explanation, "orderIndex", "createdAt") VALUES ('cmhi0dd9s006ik498uwxa1e6m', 'cmhi0dd9r006gk4983acf51u5', $$Définition et généralités$$, $$[{"text":"L’IM correspond à une fuite systolique du ventricule gauche vers l’oreillette gauche.","isCorrect":true},{"text":"Elle est due à une perte d’étanchéité de la valve mitrale.","isCorrect":true},{"text":"Elle provoque une surcharge volumique du ventricule gauche.","isCorrect":true},{"text":"Elle survient uniquement dans les cardiopathies congénitales.","isCorrect":false,"justification":"Elle est souvent acquise (rhumatisme, endocardite, dégénérescence)."},{"text":"Elle touche uniquement les hommes jeunes.","isCorrect":false,"justification":"Elle peut survenir à tout âge et chez les deux sexes."}]$$::jsonb, $$L’IM est une valvulopathie de fuite entraînant une surcharge de volume et une dilatation progressive du ventricule gauche.$$, 0, '2025-11-02T17:52:04.721Z');
INSERT INTO "Question" (id, "chapterId", "questionText", options, explanation, "orderIndex", "createdAt") VALUES ('cmhi0dd9u006kk498eszlu08e', 'cmhi0dd9r006gk4983acf51u5', $$Étiologies$$, $$[{"text":"Le rhumatisme articulaire aigu reste la principale cause dans les pays en développement.","isCorrect":true},{"text":"L’endocardite infectieuse peut entraîner une IM aiguë.","isCorrect":true},{"text":"Le prolapsus de la valve mitrale est une cause fréquente dans les pays occidentaux.","isCorrect":true},{"text":"Les causes traumatiques sont impossibles.","isCorrect":false,"justification":"Elles peuvent survenir après rupture de cordage ou traumatisme thoracique."},{"text":"La cardiomyopathie dilatée peut provoquer une IM fonctionnelle.","isCorrect":true}]$$::jsonb, $$L’IM peut être organique (valve altérée) ou fonctionnelle (dilatation annulaire), selon la cause sous-jacente.$$, 1, '2025-11-02T17:52:04.722Z');
INSERT INTO "Question" (id, "chapterId", "questionText", options, explanation, "orderIndex", "createdAt") VALUES ('cmhi0dd9w006mk4988ibasgl1', 'cmhi0dd9r006gk4983acf51u5', $$Mécanisme physiopathologique$$, $$[{"text":"La fuite mitrale provoque une régurgitation systolique vers l’oreillette gauche.","isCorrect":true},{"text":"Elle augmente la pression dans l’oreillette gauche.","isCorrect":true},{"text":"Elle diminue le volume d’éjection efficace.","isCorrect":true},{"text":"Elle provoque une hypertension pulmonaire secondaire.","isCorrect":true},{"text":"Elle réduit la postcharge du ventricule gauche.","isCorrect":true}]$$::jsonb, $$L’IM chronique induit une surcharge volumique, une dilatation du VG et une hyperpression auriculaire gauche avec HTAP progressive.$$, 2, '2025-11-02T17:52:04.724Z');
INSERT INTO "Question" (id, "chapterId", "questionText", options, explanation, "orderIndex", "createdAt") VALUES ('cmhi0dd9x006ok498709qz88y', 'cmhi0dd9r006gk4983acf51u5', $$Circonstances de découverte$$, $$[{"text":"Elle est parfois découverte fortuitement par un souffle systolique.","isCorrect":true},{"text":"Elle peut se manifester par une dyspnée d’effort.","isCorrect":true},{"text":"Les palpitations sont fréquentes, souvent liées à la fibrillation auriculaire.","isCorrect":true},{"text":"L’œdème aigu du poumon peut révéler une IM aiguë.","isCorrect":true},{"text":"Elle s’accompagne toujours de syncope brutale.","isCorrect":false,"justification":"Les syncopes sont rares dans l’IM."}]$$::jsonb, $$L’IM peut être silencieuse longtemps avant de se révéler par un souffle, une dyspnée ou un épisode de décompensation aiguë.$$, 3, '2025-11-02T17:52:04.726Z');
INSERT INTO "Question" (id, "chapterId", "questionText", options, explanation, "orderIndex", "createdAt") VALUES ('cmhi0dda0006qk498x2gx8815', 'cmhi0dd9r006gk4983acf51u5', $$Examen clinique$$, $$[{"text":"Le choc de pointe est souvent dévié vers le bas et la gauche.","isCorrect":true},{"text":"Un frémissement systolique peut être perçu à la pointe.","isCorrect":true},{"text":"Le souffle systolique est holosystolique et en jet de vapeur.","isCorrect":true},{"text":"Il est maximal au foyer mitral et irradie vers l’aisselle.","isCorrect":true},{"text":"Il disparaît toujours en décubitus latéral gauche.","isCorrect":false,"justification":"Il est mieux entendu dans cette position."}]$$::jsonb, $$Le souffle systolique apical irradiant vers l’aisselle est le signe auscultatoire fondamental de l’IM.$$, 4, '2025-11-02T17:52:04.728Z');
INSERT INTO "Question" (id, "chapterId", "questionText", options, explanation, "orderIndex", "createdAt") VALUES ('cmhi0dda1006sk498zk1rpmv6', 'cmhi0dd9r006gk4983acf51u5', $$Examens complémentaires$$, $$[{"text":"L’ECG montre une hypertrophie auriculaire gauche.","isCorrect":true},{"text":"L’échocardiographie confirme le diagnostic et quantifie la fuite.","isCorrect":true},{"text":"Le Doppler mesure le jet régurgitant.","isCorrect":true},{"text":"La radiographie du thorax montre souvent une cardiomégalie.","isCorrect":true},{"text":"L’IRM cardiaque est inutile dans le suivi.","isCorrect":false,"justification":"Elle est utile pour évaluer la fonction et le volume ventriculaire gauche."}]$$::jsonb, $$L’échographie-Doppler est l’examen de référence, complétée par ECG et imagerie morphologique.$$, 5, '2025-11-02T17:52:04.730Z');
INSERT INTO "Question" (id, "chapterId", "questionText", options, explanation, "orderIndex", "createdAt") VALUES ('cmhi0dda3006uk498m2ckvcwt', 'cmhi0dd9r006gk4983acf51u5', $$Complications$$, $$[{"text":"La fibrillation auriculaire est une complication fréquente.","isCorrect":true},{"text":"L’insuffisance cardiaque gauche est une évolution possible.","isCorrect":true},{"text":"L’endocardite infectieuse est rare mais possible.","isCorrect":true},{"text":"Les embolies systémiques sont impossibles.","isCorrect":false,"justification":"Elles peuvent survenir en cas de FA associée."},{"text":"La rupture de cordage peut aggraver brutalement la fuite.","isCorrect":true}]$$::jsonb, $$Les principales complications sont la FA, l’insuffisance cardiaque et l’aggravation aiguë de la régurgitation.$$, 6, '2025-11-02T17:52:04.732Z');
INSERT INTO "Question" (id, "chapterId", "questionText", options, explanation, "orderIndex", "createdAt") VALUES ('cmhi0dda5006wk498i9lnbrz4', 'cmhi0dd9r006gk4983acf51u5', $$Diagnostic différentiel$$, $$[{"text":"L’insuffisance tricuspide donne un souffle systolique apical identique.","isCorrect":false,"justification":"Son souffle est xiphoïdien et augmente à l’inspiration."},{"text":"La sténose aortique provoque un souffle d’éjection au foyer aortique.","isCorrect":true},{"text":"L’IM fonctionnelle se distingue par l’absence de lésion valvulaire.","isCorrect":true},{"text":"Le souffle de l’IM irradie vers la base du cou.","isCorrect":false,"justification":"Il irradie vers l’aisselle gauche."},{"text":"Le prolapsus mitral peut produire un clic systolique et un souffle tardif.","isCorrect":true}]$$::jsonb, $$Le diagnostic différentiel de l’IM repose sur la topographie du souffle et l’analyse échographique.$$, 7, '2025-11-02T17:52:04.733Z');
INSERT INTO "Question" (id, "chapterId", "questionText", options, explanation, "orderIndex", "createdAt") VALUES ('cmhi0dda7006yk4985abcpswk', 'cmhi0dd9r006gk4983acf51u5', $$Évolution naturelle$$, $$[{"text":"L’IM aiguë entraîne rapidement un œdème pulmonaire.","isCorrect":true},{"text":"L’IM chronique bien tolérée ne nécessite pas de suivi.","isCorrect":false,"justification":"Elle impose un suivi échographique régulier."},{"text":"Elle peut rester longtemps asymptomatique.","isCorrect":true},{"text":"Elle évolue vers une dilatation ventriculaire gauche.","isCorrect":true},{"text":"Elle guérit spontanément avec le temps.","isCorrect":false,"justification":"Elle s’aggrave progressivement sans correction."}]$$::jsonb, $$L’IM chronique évolue lentement vers la dilatation et la défaillance du ventricule gauche, d’où l’importance du suivi.$$, 8, '2025-11-02T17:52:04.735Z');
INSERT INTO "Question" (id, "chapterId", "questionText", options, explanation, "orderIndex", "createdAt") VALUES ('cmhi0dda90070k498nqii1e1b', 'cmhi0dd9r006gk4983acf51u5', $$Traitement$$, $$[{"text":"Le traitement médical vise à contrôler la congestion et la FA.","isCorrect":true},{"text":"Les diurétiques soulagent la dyspnée.","isCorrect":true},{"text":"Les vasodilatateurs réduisent la régurgitation.","isCorrect":true},{"text":"La plastie mitrale est préférée au remplacement valvulaire quand c’est possible.","isCorrect":true},{"text":"Le traitement chirurgical n’a aucun effet sur le pronostic.","isCorrect":false,"justification":"Il améliore la survie et la fonction ventriculaire."}]$$::jsonb, $$Le traitement associe prise en charge médicale et correction chirurgicale précoce avant l’altération irréversible du ventricule gauche.$$, 9, '2025-11-02T17:52:04.737Z');
INSERT INTO "Chapter" (id, "subjectId", title, description, "orderIndex", "pdfUrl", "createdAt") VALUES ('cmhi0ddab0072k498l8ev0q0v', 'cmhi0dd2g0000k498vt34o2z3', $$Chapitre 9 – L’Insuffisance Aortique (IAo)$$, NULL, 12, NULL, '2025-11-02T17:52:04.739Z');
INSERT INTO "Question" (id, "chapterId", "questionText", options, explanation, "orderIndex", "createdAt") VALUES ('cmhi0ddad0074k498gm080okp', 'cmhi0ddab0072k498l8ev0q0v', $$Définition et généralités$$, $$[{"text":"L’IAo est une fuite diastolique de l’aorte vers le ventricule gauche.","isCorrect":true},{"text":"Elle est due à la non-étanchéité des valves sigmoïdes aortiques.","isCorrect":true},{"text":"Elle entraîne une surcharge volumique du ventricule gauche.","isCorrect":true},{"text":"Elle survient toujours brutalement.","isCorrect":false,"justification":"Elle peut être chronique ou aiguë selon la cause."},{"text":"Elle provoque une diminution de la pression différentielle.","isCorrect":false,"justification":"Elle l’augmente (systolique haute, diastolique basse)."}]$$::jsonb, $$L’IAo est une valvulopathie de régurgitation responsable d’une surcharge diastolique du ventricule gauche.$$, 0, '2025-11-02T17:52:04.741Z');
INSERT INTO "Question" (id, "chapterId", "questionText", options, explanation, "orderIndex", "createdAt") VALUES ('cmhi0ddaf0076k498k154d8oo', 'cmhi0ddab0072k498l8ev0q0v', $$Étiologies$$, $$[{"text":"Le rhumatisme articulaire aigu est une cause classique.","isCorrect":true},{"text":"L’endocardite infectieuse peut entraîner une IAo aiguë.","isCorrect":true},{"text":"La dissection aortique est une cause d’IAo brutale.","isCorrect":true},{"text":"La spondylarthrite ankylosante peut provoquer une atteinte valvulaire.","isCorrect":true},{"text":"La bicuspidie aortique congénitale ne peut jamais donner d’IAo.","isCorrect":false,"justification":"Elle peut entraîner sténose ou insuffisance aortique selon l’évolution."}]$$::jsonb, $$Les causes d’IAo incluent les atteintes rhumatismales, dégénératives, infectieuses et les maladies du tissu conjonctif.$$, 1, '2025-11-02T17:52:04.743Z');
INSERT INTO "Question" (id, "chapterId", "questionText", options, explanation, "orderIndex", "createdAt") VALUES ('cmhi0ddah0078k4980i6oqp8z', 'cmhi0ddab0072k498l8ev0q0v', $$Mécanisme physiopathologique$$, $$[{"text":"Le reflux aortique augmente le volume diastolique du ventricule gauche.","isCorrect":true},{"text":"La postcharge est réduite dans l’IAo.","isCorrect":false,"justification":"Elle est augmentée par la régurgitation continue."},{"text":"La dilatation ventriculaire gauche permet une compensation initiale.","isCorrect":true},{"text":"La surcharge de pression entraîne une hypertrophie concentrique.","isCorrect":true},{"text":"La baisse du débit diastolique aortique réduit la perfusion coronaire.","isCorrect":true}]$$::jsonb, $$L’IAo combine surcharge volumique et pressionnelle, conduisant à une dilatation compensatrice puis à une insuffisance ventriculaire.$$, 2, '2025-11-02T17:52:04.745Z');
INSERT INTO "Question" (id, "chapterId", "questionText", options, explanation, "orderIndex", "createdAt") VALUES ('cmhi0ddai007ak498uheddhaw', 'cmhi0ddab0072k498l8ev0q0v', $$Circonstances de découverte$$, $$[{"text":"Elle peut être asymptomatique pendant des années.","isCorrect":true},{"text":"Elle se manifeste par une dyspnée d’effort.","isCorrect":true},{"text":"Les palpitations sont fréquentes.","isCorrect":true},{"text":"L’angor d’effort ou nocturne peut survenir sans coronaropathie.","isCorrect":true},{"text":"Les syncopes d’effort sont très évocatrices.","isCorrect":false,"justification":"Elles évoquent plutôt un rétrécissement aortique."}]$$::jsonb, $$L’IAo peut être silencieuse longtemps, puis se révéler par une dyspnée, une palpitation ou une angine fonctionnelle.$$, 3, '2025-11-02T17:52:04.747Z');
INSERT INTO "Question" (id, "chapterId", "questionText", options, explanation, "orderIndex", "createdAt") VALUES ('cmhi0ddak007ck498qki6sx3e', 'cmhi0ddab0072k498l8ev0q0v', $$Examen clinique$$, $$[{"text":"Le choc de pointe est abaissé et en dôme.","isCorrect":true},{"text":"Le souffle diastolique aspiratif est typique.","isCorrect":true},{"text":"Il est entendu au 2ᵉ espace intercostal droit.","isCorrect":true},{"text":"Il irradie vers la pointe du cœur et le bord gauche du sternum.","isCorrect":true},{"text":"Le souffle systolique d’accompagnement est toujours un signe de gravité.","isCorrect":false,"justification":"Il peut être fonctionnel par hyperdébit."}]$$::jsonb, $$Le souffle diastolique doux et aspiratif au foyer aortique est le signe auscultatoire essentiel de l’IAo.$$, 4, '2025-11-02T17:52:04.748Z');
INSERT INTO "Question" (id, "chapterId", "questionText", options, explanation, "orderIndex", "createdAt") VALUES ('cmhi0ddal007ek498x5j4oc8b', 'cmhi0ddab0072k498l8ev0q0v', $$Signes périphériques caractéristiques$$, $$[{"text":"Le pouls de Corrigan est ample et bondissant.","isCorrect":true},{"text":"Le signe de Musset correspond au battement de la tête synchronisé au pouls.","isCorrect":true},{"text":"Le double souffle de Durozier s’entend sur les fémorales.","isCorrect":true},{"text":"L’hyperpulsatilité capillaire est typique.","isCorrect":true},{"text":"La pression artérielle différentielle est diminuée.","isCorrect":false,"justification":"Elle est élargie (ex. 160/50 mmHg)."}]$$::jsonb, $$Les signes périphériques de l’IAo sont liés à la grande amplitude du volume d’éjection et à la chute diastolique de la PA.$$, 5, '2025-11-02T17:52:04.750Z');
INSERT INTO "Question" (id, "chapterId", "questionText", options, explanation, "orderIndex", "createdAt") VALUES ('cmhi0ddan007gk498irw9tm44', 'cmhi0ddab0072k498l8ev0q0v', $$Examens complémentaires$$, $$[{"text":"L’ECG montre une hypertrophie ventriculaire gauche.","isCorrect":true},{"text":"La radiographie thoracique peut montrer une cardiomégalie.","isCorrect":true},{"text":"L’échocardiographie-Doppler confirme la régurgitation et sa sévérité.","isCorrect":true},{"text":"L’IRM cardiaque n’a aucun intérêt.","isCorrect":false,"justification":"Elle permet une quantification précise du reflux."},{"text":"Le cathétérisme cardiaque est réservé aux cas chirurgicaux.","isCorrect":true}]$$::jsonb, $$L’échocardiographie reste l’examen clé pour le diagnostic et la surveillance de l’IAo, l’IRM étant utile pour l’évaluation volumétrique.$$, 6, '2025-11-02T17:52:04.751Z');
INSERT INTO "Question" (id, "chapterId", "questionText", options, explanation, "orderIndex", "createdAt") VALUES ('cmhi0ddap007ik498gfbfw7uk', 'cmhi0ddab0072k498l8ev0q0v', $$Formes cliniques$$, $$[{"text":"L’IAo aiguë entraîne une décompensation cardiaque brutale.","isCorrect":true},{"text":"Elle est souvent secondaire à une endocardite ou une dissection.","isCorrect":true},{"text":"Le ventricule gauche n’est pas dilaté dans la forme aiguë.","isCorrect":true},{"text":"L’IAo chronique est mieux tolérée au début.","isCorrect":true},{"text":"La forme aiguë se manifeste par une pression différentielle élargie.","isCorrect":false,"justification":"Elle est réduite, car la diastolique chute très vite."}]$$::jsonb, $$L’IAo aiguë est une urgence hémodynamique, tandis que la forme chronique évolue lentement vers l’insuffisance cardiaque.$$, 7, '2025-11-02T17:52:04.753Z');
INSERT INTO "Question" (id, "chapterId", "questionText", options, explanation, "orderIndex", "createdAt") VALUES ('cmhi0ddaq007kk498o7s7ji65', 'cmhi0ddab0072k498l8ev0q0v', $$Évolution et complications$$, $$[{"text":"L’hypertrophie ventriculaire gauche permet une compensation transitoire.","isCorrect":true},{"text":"L’insuffisance cardiaque gauche est une complication terminale.","isCorrect":true},{"text":"L’endocardite infectieuse peut compliquer une IAo ancienne.","isCorrect":true},{"text":"L’embolie systémique est fréquente.","isCorrect":false,"justification":"Elle est rare en l’absence de FA associée."},{"text":"La dissection aortique est une complication tardive typique.","isCorrect":true}]$$::jsonb, $$L’IAo chronique évolue vers l’insuffisance cardiaque et peut se compliquer d’endocardite ou de dissection.$$, 8, '2025-11-02T17:52:04.755Z');
INSERT INTO "Question" (id, "chapterId", "questionText", options, explanation, "orderIndex", "createdAt") VALUES ('cmhi0ddas007mk498cpigvveu', 'cmhi0ddab0072k498l8ev0q0v', $$Traitement$$, $$[{"text":"Le traitement médical repose sur les vasodilatateurs et les diurétiques.","isCorrect":true},{"text":"Le remplacement valvulaire est indiqué en cas de forme sévère symptomatique.","isCorrect":true},{"text":"La chirurgie doit être envisagée avant l’altération du ventricule gauche.","isCorrect":true},{"text":"L’antibioprophylaxie est inutile pour les gestes dentaires.","isCorrect":false,"justification":"Elle est recommandée chez les patients à risque."},{"text":"L’activité physique intense est encouragée.","isCorrect":false,"justification":"Elle doit être limitée dans les formes modérées à sévères."}]$$::jsonb, $$Le traitement de l’IAo associe prise en charge médicale et remplacement valvulaire précoce pour préserver la fonction ventriculaire gauche.$$, 9, '2025-11-02T17:52:04.757Z');
INSERT INTO "Subject" (id, title, description, semester, tags, "totalQCM", "createdAt", views) VALUES ('cmhi0ddb0007nk498bc877ogt', $$Sémiologie Digestive$$, $$Cours de Sémiologie Digestive$$, 'DCEM1', ARRAY[$$DCEM1$$, $$Sémiologie$$, $$Sémiologie Digestive$$]::text[], 75, '2025-11-02T17:52:04.764Z', 0);
INSERT INTO "Chapter" (id, "subjectId", title, description, "orderIndex", "pdfUrl", "createdAt") VALUES ('cmhi0ddb4007pk498qv3s4o9x', 'cmhi0ddb0007nk498bc877ogt', $$Chapitre 1 – Examen clinique en hépato-gastro-entérologie$$, NULL, 1, NULL, '2025-11-02T17:52:04.769Z');
INSERT INTO "Question" (id, "chapterId", "questionText", options, explanation, "orderIndex", "createdAt") VALUES ('cmhi0ddbi0085k498gap222rf', 'cmhi0ddb4007pk498qv3s4o9x', $$Rectorragie$$, $$[{"text":"C’est une émission de sang rouge par l’anus.","isCorrect":true},{"text":"Elle indique toujours une hémorragie haute.","isCorrect":false,"justification":"Elle est basse, colique ou rectale."},{"text":"Elle peut accompagner les hémorroïdes.","isCorrect":true},{"text":"Elle justifie toujours une coloscopie.","isCorrect":true},{"text":"Elle s’accompagne d’un méléna.","isCorrect":false,"justification":"Ce sont deux entités distinctes."}]$$::jsonb, $$La rectorragie est un signe d’hémorragie basse nécessitant une exploration endoscopique complète.$$, 7, '2025-11-02T17:52:04.782Z');
INSERT INTO "Question" (id, "chapterId", "questionText", options, explanation, "orderIndex", "createdAt") VALUES ('cmhi0ddb6007rk4981fdqxrhk', 'cmhi0ddb4007pk498qv3s4o9x', $$Objectif de l’interrogatoire digestif$$, $$[{"text":"Identifier le siège et la nature des troubles digestifs.","isCorrect":true},{"text":"Rechercher les antécédents hépatiques, biliaires et digestifs.","isCorrect":true},{"text":"L’interrogatoire est inutile si le patient présente une douleur abdominale.","isCorrect":false,"justification":"C’est l’étape fondamentale du diagnostic digestif."},{"text":"L’interrogatoire permet d’évaluer les habitudes alimentaires.","isCorrect":true},{"text":"Le but est seulement d’obtenir un diagnostic définitif.","isCorrect":false,"justification":"Il sert à orienter le diagnostic, non à le conclure."}]$$::jsonb, $$L’interrogatoire digestif est une étape clé pour préciser la chronologie, les facteurs déclenchants et les antécédents.$$, 0, '2025-11-02T17:52:04.770Z');
INSERT INTO "Question" (id, "chapterId", "questionText", options, explanation, "orderIndex", "createdAt") VALUES ('cmhi0ddb8007tk498kng5vh5c', 'cmhi0ddb4007pk498qv3s4o9x', $$Antécédents à rechercher$$, $$[{"text":"Antécédents médicaux digestifs (ulcère, hépatite, lithiase).","isCorrect":true},{"text":"Antécédents chirurgicaux (appendicectomie, cholécystectomie).","isCorrect":true},{"text":"Antécédents hématologiques sont sans intérêt digestif.","isCorrect":false,"justification":"Une coagulopathie influence les hémorragies digestives."},{"text":"Prise médicamenteuse prolongée (AINS, corticoïdes).","isCorrect":true},{"text":"Antécédents familiaux de cancer colorectal.","isCorrect":true}]$$::jsonb, $$Les antécédents personnels et familiaux orientent vers les causes hépatiques, biliaires, ulcéreuses ou tumorales.$$, 1, '2025-11-02T17:52:04.772Z');
INSERT INTO "Question" (id, "chapterId", "questionText", options, explanation, "orderIndex", "createdAt") VALUES ('cmhi0ddb9007vk498ezcozlg1', 'cmhi0ddb4007pk498qv3s4o9x', $$Signes généraux digestifs$$, $$[{"text":"Amaigrissement, fièvre et asthénie sont des signes généraux.","isCorrect":true},{"text":"Leur association signe toujours une tumeur digestive.","isCorrect":false,"justification":"Elle peut aussi refléter infection, inflammation ou malabsorption."},{"text":"L’anorexie peut accompagner une affection hépatique.","isCorrect":true},{"text":"L’amaigrissement peut être observé dans la malabsorption intestinale.","isCorrect":true},{"text":"L’asthénie est sans intérêt clinique.","isCorrect":false,"justification":"C’est un symptôme fréquent et révélateur."}]$$::jsonb, $$Les signes généraux orientent vers une affection chronique, tumorale ou infectieuse du tube digestif.$$, 2, '2025-11-02T17:52:04.773Z');
INSERT INTO "Question" (id, "chapterId", "questionText", options, explanation, "orderIndex", "createdAt") VALUES ('cmhi0ddbb007xk498bhtki0e6', 'cmhi0ddb4007pk498qv3s4o9x', $$Dysphagie et odynophagie$$, $$[{"text":"La dysphagie est une douleur à la déglutition.","isCorrect":false,"justification":"C’est une gêne au passage des aliments."},{"text":"L’odynophagie est une douleur provoquée par la déglutition.","isCorrect":true},{"text":"La dysphagie mécanique s’aggrave d’abord pour les solides.","isCorrect":true},{"text":"La dysphagie motrice concerne uniquement les liquides.","isCorrect":false,"justification":"Elle touche solides et liquides simultanément."},{"text":"L’achalasie est une cause de dysphagie motrice.","isCorrect":true}]$$::jsonb, $$La distinction entre dysphagie mécanique et motrice est essentielle pour localiser la lésion.$$, 3, '2025-11-02T17:52:04.775Z');
INSERT INTO "Question" (id, "chapterId", "questionText", options, explanation, "orderIndex", "createdAt") VALUES ('cmhi0ddbd007zk498dnb8mtuo', 'cmhi0ddb4007pk498qv3s4o9x', $$Pyrosis et régurgitations$$, $$[{"text":"Le pyrosis est une brûlure rétro-sternale ascendante.","isCorrect":true},{"text":"Il traduit souvent un reflux gastro-œsophagien.","isCorrect":true},{"text":"Les régurgitations sont des vomissements précédés de nausées.","isCorrect":false,"justification":"Ce sont des remontées sans effort."},{"text":"Le pyrosis est calmé par les repas.","isCorrect":true},{"text":"Il est toujours d’origine cardiaque.","isCorrect":false,"justification":"Il est digestif, lié à l’acide gastrique."}]$$::jsonb, $$Pyrosis et régurgitations sont les symptômes typiques du reflux gastro-œsophagien.$$, 4, '2025-11-02T17:52:04.778Z');
INSERT INTO "Question" (id, "chapterId", "questionText", options, explanation, "orderIndex", "createdAt") VALUES ('cmhi0ddbf0081k498owiz4tn6', 'cmhi0ddb4007pk498qv3s4o9x', $$Vomissements$$, $$[{"text":"Le vomissement est un rejet actif du contenu gastrique.","isCorrect":true},{"text":"Il est toujours précédé de nausées.","isCorrect":false,"justification":"Il peut être brutal sans nausée, comme dans l’hypertension intracrânienne."},{"text":"Le vomissement bilieux traduit une obstruction intestinale haute.","isCorrect":true},{"text":"Le vomissement en jet est typique d’une cause centrale.","isCorrect":true},{"text":"Le vomissement alimentaire tardif évoque un ulcère pylorique.","isCorrect":true}]$$::jsonb, $$L’analyse du vomissement (aspect, timing, contenu) oriente vers la cause : gastrique, duodénale ou neurologique.$$, 5, '2025-11-02T17:52:04.779Z');
INSERT INTO "Question" (id, "chapterId", "questionText", options, explanation, "orderIndex", "createdAt") VALUES ('cmhi0ddbh0083k498uyae0yj8', 'cmhi0ddb4007pk498qv3s4o9x', $$Hématémèse et méléna$$, $$[{"text":"L’hématémèse est un vomissement de sang rouge ou noir.","isCorrect":true},{"text":"Le méléna correspond à des selles noires goudronneuses.","isCorrect":true},{"text":"Ces signes témoignent d’une hémorragie digestive basse.","isCorrect":false,"justification":"Ils indiquent une hémorragie digestive haute."},{"text":"Le méléna peut persister plusieurs jours après le saignement.","isCorrect":true},{"text":"L’hématémèse traduit toujours une rupture variqueuse.","isCorrect":false,"justification":"Elle peut provenir d’un ulcère ou d’une gastrite."}]$$::jsonb, $$Hématémèse et méléna orientent vers une hémorragie digestive haute, souvent ulcéreuse ou variqueuse.$$, 6, '2025-11-02T17:52:04.781Z');
INSERT INTO "Question" (id, "chapterId", "questionText", options, explanation, "orderIndex", "createdAt") VALUES ('cmhi0ddbk0087k498d7g45erw', 'cmhi0ddb4007pk498qv3s4o9x', $$Diarrhée$$, $$[{"text":"Elle correspond à une émission de selles liquides fréquentes.","isCorrect":true},{"text":"On parle de diarrhée au-delà de 3 selles par jour.","isCorrect":true},{"text":"Elle peut être aiguë ou chronique.","isCorrect":true},{"text":"La diarrhée infectieuse dure toujours plus d’un mois.","isCorrect":false,"justification":"Elle dure moins de 2 semaines."},{"text":"La diarrhée graisseuse évoque une malabsorption.","isCorrect":true}]$$::jsonb, $$L’analyse de la durée et de l’aspect des selles permet de distinguer les causes infectieuses, fonctionnelles ou de malabsorption.$$, 8, '2025-11-02T17:52:04.784Z');
INSERT INTO "Question" (id, "chapterId", "questionText", options, explanation, "orderIndex", "createdAt") VALUES ('cmhi0ddbl0089k49896hpubdw', 'cmhi0ddb4007pk498qv3s4o9x', $$Constipation$$, $$[{"text":"Elle correspond à une fréquence de selles < 3 par semaine.","isCorrect":true},{"text":"Elle peut être fonctionnelle ou organique.","isCorrect":true},{"text":"Les médicaments (opiacés, fer) peuvent l’aggraver.","isCorrect":true},{"text":"L’hypothyroïdie peut la provoquer.","isCorrect":true},{"text":"Elle est toujours bénigne.","isCorrect":false,"justification":"Elle peut révéler un cancer colique."}]$$::jsonb, $$La constipation est fréquente mais peut être le premier signe d’une obstruction organique colique.$$, 9, '2025-11-02T17:52:04.786Z');
INSERT INTO "Question" (id, "chapterId", "questionText", options, explanation, "orderIndex", "createdAt") VALUES ('cmhi0ddbn008bk498dhqlrach', 'cmhi0ddb4007pk498qv3s4o9x', $$Douleurs abdominales$$, $$[{"text":"Les douleurs viscérales sont diffuses et mal localisées.","isCorrect":true},{"text":"Les douleurs pariétales sont nettes et bien localisées.","isCorrect":true},{"text":"La douleur colique est calmée par l’émission de gaz ou de selles.","isCorrect":true},{"text":"Une douleur épigastrique évoque une origine pancréatique.","isCorrect":true},{"text":"Une douleur FID évoque toujours une lithiase biliaire.","isCorrect":false,"justification":"Elle suggère plutôt une appendicite."}]$$::jsonb, $$La topographie et le mode de survenue de la douleur orientent la recherche étiologique.$$, 10, '2025-11-02T17:52:04.787Z');
INSERT INTO "Question" (id, "chapterId", "questionText", options, explanation, "orderIndex", "createdAt") VALUES ('cmhi0ddbp008dk498o3hntncg', 'cmhi0ddb4007pk498qv3s4o9x', $$Examen de l’abdomen : inspection$$, $$[{"text":"L’inspection se fait patient en décubitus, abdomen découvert.","isCorrect":true},{"text":"On recherche une distension, une cicatrice, une circulation collatérale.","isCorrect":true},{"text":"L’asymétrie abdominale oriente vers une tumeur ou un épanchement.","isCorrect":true},{"text":"La respiration abdominale est absente en cas de péritonite.","isCorrect":true},{"text":"La palpation précède toujours l’inspection.","isCorrect":false,"justification":"L’inspection précède toute manipulation."}]$$::jsonb, $$L’inspection abdominale permet d’identifier les signes visibles d’épanchement, de masse ou de cicatrice chirurgicale.$$, 11, '2025-11-02T17:52:04.789Z');
INSERT INTO "Question" (id, "chapterId", "questionText", options, explanation, "orderIndex", "createdAt") VALUES ('cmhi0ddbq008fk498gypjucfh', 'cmhi0ddb4007pk498qv3s4o9x', $$Palpation abdominale$$, $$[{"text":"Elle recherche les zones de défense ou de contracture.","isCorrect":true},{"text":"Elle permet d’apprécier la taille du foie et de la rate.","isCorrect":true},{"text":"La palpation profonde explore les masses profondes.","isCorrect":true},{"text":"Une douleur provoquée au point de McBurney évoque une appendicite.","isCorrect":true},{"text":"Elle doit précéder l’auscultation.","isCorrect":false,"justification":"Elle suit inspection et auscultation."}]$$::jsonb, $$La palpation localise la douleur, explore le foie et la rate et détecte une défense abdominale.$$, 12, '2025-11-02T17:52:04.791Z');
INSERT INTO "Question" (id, "chapterId", "questionText", options, explanation, "orderIndex", "createdAt") VALUES ('cmhi0ddbs008hk4987shel7cw', 'cmhi0ddb4007pk498qv3s4o9x', $$Percussion et auscultation$$, $$[{"text":"La percussion aide à reconnaître une ascite.","isCorrect":true},{"text":"Une matité déclive évoque un épanchement liquidien.","isCorrect":true},{"text":"Les bruits hydroaériques sont absents dans l’occlusion.","isCorrect":true},{"text":"Le silence abdominal traduit une urgence chirurgicale.","isCorrect":true},{"text":"L’auscultation est inutile avant la palpation.","isCorrect":false,"justification":"Elle se fait avant pour ne pas modifier l’activité intestinale."}]$$::jsonb, $$La percussion et l’auscultation sont essentielles pour détecter ascite, occlusion ou hyperpéristaltisme.$$, 13, '2025-11-02T17:52:04.792Z');
INSERT INTO "Question" (id, "chapterId", "questionText", options, explanation, "orderIndex", "createdAt") VALUES ('cmhi0ddbv008jk498wgvtdifp', 'cmhi0ddb4007pk498qv3s4o9x', $$Examen général$$, $$[{"text":"L’ictère oriente vers une atteinte hépatobiliaire.","isCorrect":true},{"text":"La fièvre évoque une infection digestive.","isCorrect":true},{"text":"L’altération de l’état général accompagne les cancers digestifs.","isCorrect":true},{"text":"La déshydratation est rare en diarrhée aiguë.","isCorrect":false,"justification":"Elle est fréquente, surtout chez l’enfant et le vieillard."},{"text":"Les adénopathies sont sans rapport avec les affections digestives.","isCorrect":false,"justification":"Elles peuvent révéler une métastase ou une infection."}]$$::jsonb, $$L’examen général complète l’étude abdominale et révèle les signes systémiques associés à la pathologie digestive.$$, 14, '2025-11-02T17:52:04.795Z');
INSERT INTO "Chapter" (id, "subjectId", title, description, "orderIndex", "pdfUrl", "createdAt") VALUES ('cmhi0ddby008lk498q2kqibdc', 'cmhi0ddb0007nk498bc877ogt', $$Chapitre 2 – Sémiologie hépato-bilio-pancréatique$$, NULL, 2, NULL, '2025-11-02T17:52:04.798Z');
INSERT INTO "Question" (id, "chapterId", "questionText", options, explanation, "orderIndex", "createdAt") VALUES ('cmhi0ddc0008nk498ntjqgmg5', 'cmhi0ddby008lk498q2kqibdc', $$Ictère (jaunisse)$$, $$[{"text":"L’ictère correspond à une coloration jaune des téguments et conjonctives.","isCorrect":true},{"text":"Il traduit une hyperbilirubinémie.","isCorrect":true},{"text":"Il peut être d’origine hémolytique, hépatocellulaire ou cholestatique.","isCorrect":true},{"text":"Il s’accompagne toujours de prurit.","isCorrect":false,"justification":"Le prurit n’existe que dans les ictères cholestatiques."},{"text":"La bilirubine libre est augmentée dans la cholestase.","isCorrect":false,"justification":"C’est la conjuguée qui augmente."}]$$::jsonb, $$L’ictère est un signe d’hyperbilirubinémie dont la nature (libre ou conjuguée) oriente le diagnostic étiologique.$$, 0, '2025-11-02T17:52:04.800Z');
INSERT INTO "Question" (id, "chapterId", "questionText", options, explanation, "orderIndex", "createdAt") VALUES ('cmhi0ddc2008pk49830jplnxf', 'cmhi0ddby008lk498q2kqibdc', $$Hépatomégalie$$, $$[{"text":"Elle se définit par un foie palpable sous le rebord costal.","isCorrect":true},{"text":"Elle est toujours pathologique.","isCorrect":false,"justification":"Elle peut être normale chez les sujets minces ou en inspiration profonde."},{"text":"La consistance du foie oriente le diagnostic.","isCorrect":true},{"text":"Un foie dur, irrégulier, nodulaire évoque une cirrhose.","isCorrect":true},{"text":"Un foie souple et douloureux oriente vers une tumeur.","isCorrect":false,"justification":"Il évoque plutôt une congestion aiguë ou une hépatite."}]$$::jsonb, $$L’étude de la taille, de la consistance et de la sensibilité hépatique guide le diagnostic entre causes congestives, infectieuses ou tumorales.$$, 1, '2025-11-02T17:52:04.803Z');
INSERT INTO "Question" (id, "chapterId", "questionText", options, explanation, "orderIndex", "createdAt") VALUES ('cmhi0ddc4008rk4985eto9brc', 'cmhi0ddby008lk498q2kqibdc', $$Douleurs de l’hypochondre droit$$, $$[{"text":"Elles évoquent souvent une pathologie hépatique ou biliaire.","isCorrect":true},{"text":"Elles sont calmées par les repas.","isCorrect":false,"justification":"Elles ne sont pas alimentaires, contrairement à l’ulcère."},{"text":"Elles peuvent s’accompagner d’ictère.","isCorrect":true},{"text":"Une irradiation scapulaire droite évoque une cause biliaire.","isCorrect":true},{"text":"Elles s’accompagnent toujours de fièvre.","isCorrect":false,"justification":"La fièvre n’apparaît que dans les formes infectieuses."}]$$::jsonb, $$La douleur de l’hypochondre droit, surtout irradiée vers l’épaule, oriente vers une lithiase biliaire ou une atteinte hépatique.$$, 2, '2025-11-02T17:52:04.805Z');
INSERT INTO "Question" (id, "chapterId", "questionText", options, explanation, "orderIndex", "createdAt") VALUES ('cmhi0ddc6008tk498i51tjaed', 'cmhi0ddby008lk498q2kqibdc', $$Cirrhose hépatique$$, $$[{"text":"Elle correspond à une nécrose aiguë du foie.","isCorrect":false,"justification":"C’est une maladie chronique de fibrose et de nodules."},{"text":"Elle se traduit par une inversion du rapport albumine/globuline.","isCorrect":true},{"text":"Elle s’accompagne toujours d’un ictère aigu.","isCorrect":false,"justification":"L’ictère peut manquer dans la cirrhose compensée."},{"text":"Elle est irréversible.","isCorrect":false,"justification":"Certaines formes précoces peuvent se stabiliser."},{"text":"Elle ne s’accompagne jamais d’hypertension portale.","isCorrect":false,"justification":"C’est une complication majeure."}]$$::jsonb, $$La cirrhose est une fibrose hépatique diffuse entraînant des troubles métaboliques et une hypertension portale.$$, 3, '2025-11-02T17:52:04.807Z');
INSERT INTO "Question" (id, "chapterId", "questionText", options, explanation, "orderIndex", "createdAt") VALUES ('cmhi0ddc9008vk498catjodn1', 'cmhi0ddby008lk498q2kqibdc', $$Signes physiques de la cirrhose$$, $$[{"text":"L’angiome stellaire est fréquent sur la face et le thorax.","isCorrect":true},{"text":"L’érythème palmaire est un signe caractéristique.","isCorrect":true},{"text":"La gynécomastie traduit une hyperœstrogénie.","isCorrect":true},{"text":"La rate est souvent augmentée de volume.","isCorrect":true},{"text":"L’ascite est rare dans la cirrhose décompensée.","isCorrect":false,"justification":"Elle est au contraire fréquente."}]$$::jsonb, $$Les signes cutanés, hormonaux et spléniques traduisent la décompensation d’une cirrhose chronique.$$, 4, '2025-11-02T17:52:04.809Z');
INSERT INTO "Question" (id, "chapterId", "questionText", options, explanation, "orderIndex", "createdAt") VALUES ('cmhi0ddcb008xk498re4ltcsl', 'cmhi0ddby008lk498q2kqibdc', $$Ascite$$, $$[{"text":"Elle traduit un épanchement liquidien intra-abdominal.","isCorrect":true},{"text":"Elle est toujours d’origine cardiaque.","isCorrect":false,"justification":"La cause principale est la cirrhose hépatique."},{"text":"Elle peut être riche ou pauvre en protéines.","isCorrect":true},{"text":"Le signe du flot liquidien est pathognomonique.","isCorrect":true},{"text":"La ponction d’ascite est contre-indiquée.","isCorrect":false,"justification":"Elle est diagnostique et thérapeutique."}]$$::jsonb, $$L’ascite est un signe fréquent de cirrhose décompensée ; sa ponction permet d’en déterminer la cause.$$, 5, '2025-11-02T17:52:04.811Z');
INSERT INTO "Question" (id, "chapterId", "questionText", options, explanation, "orderIndex", "createdAt") VALUES ('cmhi0ddcd008zk498t7l18f3w', 'cmhi0ddby008lk498q2kqibdc', $$Encéphalopathie hépatique$$, $$[{"text":"Elle est due à une hypoglycémie cérébrale.","isCorrect":false,"justification":"Elle est causée par l’accumulation d’ammoniaque."},{"text":"Elle survient uniquement dans l’hépatite aiguë.","isCorrect":false,"justification":"Elle se voit aussi dans la cirrhose terminale."},{"text":"Elle se manifeste par agitation et mydriase fixe.","isCorrect":false,"justification":"Elle débute par troubles du comportement et astérixis."},{"text":"Le traitement repose uniquement sur les corticoïdes.","isCorrect":false,"justification":"Il repose sur le lactulose et les antibiotiques."},{"text":"Elle est toujours irréversible.","isCorrect":false,"justification":"Elle peut régresser avec traitement et régime."}]$$::jsonb, $$L’encéphalopathie hépatique est une complication réversible liée à l’accumulation de toxines ammoniacales.$$, 6, '2025-11-02T17:52:04.813Z');
INSERT INTO "Question" (id, "chapterId", "questionText", options, explanation, "orderIndex", "createdAt") VALUES ('cmhi0ddcf0091k498rxrtpr04', 'cmhi0ddby008lk498q2kqibdc', $$Colique hépatique$$, $$[{"text":"Elle est due à une obstruction du canal cystique.","isCorrect":true},{"text":"La douleur siège à l’épigastre et à l’hypochondre droit.","isCorrect":true},{"text":"Elle irradie souvent vers l’épaule droite.","isCorrect":true},{"text":"Elle s’accompagne toujours d’ictère.","isCorrect":false,"justification":"L’ictère n’apparaît que si le cholédoque est obstrué."},{"text":"Elle dure quelques secondes.","isCorrect":false,"justification":"Elle dure plusieurs heures, souvent après un repas gras."}]$$::jsonb, $$La colique hépatique est une douleur intense, prolongée, sans fièvre ni ictère, traduisant une lithiase vésiculaire.$$, 7, '2025-11-02T17:52:04.816Z');
INSERT INTO "Question" (id, "chapterId", "questionText", options, explanation, "orderIndex", "createdAt") VALUES ('cmhi0ddch0093k498zkc45zdw', 'cmhi0ddby008lk498q2kqibdc', $$Cholangite$$, $$[{"text":"Elle associe fièvre, douleur et ictère (triade de Charcot).","isCorrect":true},{"text":"Elle est secondaire à une obstruction biliaire infectée.","isCorrect":true},{"text":"Elle peut évoluer vers un choc septique.","isCorrect":true},{"text":"Elle nécessite un drainage biliaire urgent.","isCorrect":true},{"text":"Elle met en jeu le pronostic vital.","isCorrect":true}]$$::jsonb, $$La cholangite est une infection grave des voies biliaires nécessitant une antibiothérapie et un drainage rapide.$$, 8, '2025-11-02T17:52:04.818Z');
INSERT INTO "Question" (id, "chapterId", "questionText", options, explanation, "orderIndex", "createdAt") VALUES ('cmhi0ddck0095k498s8m3anqm', 'cmhi0ddby008lk498q2kqibdc', $$Pancréatite aiguë$$, $$[{"text":"Elle est souvent liée à l’alcool ou à la lithiase biliaire.","isCorrect":true},{"text":"Elle provoque une douleur épigastrique transfixiante.","isCorrect":true},{"text":"La lipase sanguine est normale.","isCorrect":false,"justification":"Elle est très augmentée."},{"text":"Elle s’accompagne fréquemment de vomissements.","isCorrect":true},{"text":"L’échographie est inutile.","isCorrect":false,"justification":"Elle recherche une lithiase biliaire."}]$$::jsonb, $$La pancréatite aiguë est une urgence digestive caractérisée par une douleur transfixiante et une hyperlipasémie majeure.$$, 9, '2025-11-02T17:52:04.820Z');
INSERT INTO "Question" (id, "chapterId", "questionText", options, explanation, "orderIndex", "createdAt") VALUES ('cmhi0ddcm0097k498dvuwfquq', 'cmhi0ddby008lk498q2kqibdc', $$Pancréatite chronique$$, $$[{"text":"Elle se traduit par des douleurs récidivantes post-prandiales.","isCorrect":true},{"text":"Elle est due à une infection virale.","isCorrect":false,"justification":"Elle est surtout alcoolique ou idiopathique."},{"text":"Elle se complique rarement d’insuffisance exocrine.","isCorrect":false,"justification":"Elle provoque une stéatorrhée et diabète secondaire."},{"text":"Elle est toujours réversible.","isCorrect":false,"justification":"C’est une lésion irréversible."},{"text":"Elle touche exclusivement le pancréas gauche.","isCorrect":false,"justification":"Elle concerne tout le pancréas."}]$$::jsonb, $$La pancréatite chronique est une inflammation prolongée responsable d’une insuffisance exocrine et endocrine.$$, 10, '2025-11-02T17:52:04.822Z');
INSERT INTO "Question" (id, "chapterId", "questionText", options, explanation, "orderIndex", "createdAt") VALUES ('cmhi0ddcq0099k498yrlt9p8b', 'cmhi0ddby008lk498q2kqibdc', $$Cancer du pancréas$$, $$[{"text":"Il se manifeste souvent par un ictère cholestatique indolore.","isCorrect":true},{"text":"Il touche préférentiellement le corps du pancréas.","isCorrect":false,"justification":"Le siège le plus fréquent est la tête."},{"text":"Il peut entraîner un amaigrissement rapide.","isCorrect":true},{"text":"Il survient exclusivement avant 40 ans.","isCorrect":false,"justification":"Il est rare avant 50 ans."},{"text":"Il est toujours curable par chirurgie.","isCorrect":false,"justification":"Le pronostic est souvent sombre."}]$$::jsonb, $$Le cancer pancréatique, souvent découvert tard, se manifeste par un ictère indolore et un amaigrissement progressif.$$, 11, '2025-11-02T17:52:04.827Z');
INSERT INTO "Question" (id, "chapterId", "questionText", options, explanation, "orderIndex", "createdAt") VALUES ('cmhi0ddct009bk498tweh1wma', 'cmhi0ddby008lk498q2kqibdc', $$Lithiase vésiculaire$$, $$[{"text":"Elle est plus fréquente chez l’homme.","isCorrect":false,"justification":"Elle touche davantage les femmes."},{"text":"Elle n’entraîne jamais de symptômes.","isCorrect":false,"justification":"Elle peut provoquer coliques ou cholécystites."},{"text":"Elle survient surtout chez le jeune.","isCorrect":false,"justification":"Elle est plus fréquente après 40 ans."},{"text":"L’obésité et les grossesses répétées sont protectrices.","isCorrect":false,"justification":"Ce sont des facteurs favorisants."},{"text":"La lithiase pigmentaire est due à un excès de cholestérol.","isCorrect":false,"justification":"Elle provient de la bilirubine calcique."}]$$::jsonb, $$La lithiase biliaire est fréquente, surtout chez la femme mûre et obèse, pouvant rester silencieuse ou compliquée.$$, 12, '2025-11-02T17:52:04.829Z');
INSERT INTO "Question" (id, "chapterId", "questionText", options, explanation, "orderIndex", "createdAt") VALUES ('cmhi0ddcv009dk498shfvo59d', 'cmhi0ddby008lk498q2kqibdc', $$Angiocholite aiguë$$, $$[{"text":"Elle est secondaire à une obstruction biliaire infectée.","isCorrect":true},{"text":"Elle se manifeste par fièvre, douleur et ictère.","isCorrect":true},{"text":"Elle guérit spontanément.","isCorrect":false,"justification":"Elle nécessite drainage et antibiotiques."},{"text":"Elle est bénigne si la fièvre est modérée.","isCorrect":false,"justification":"Elle peut évoluer vers le choc septique."},{"text":"Elle ne concerne jamais les patients lithiasiques.","isCorrect":false,"justification":"C’est leur complication principale."}]$$::jsonb, $$L’angiocholite est une urgence biliaire infectieuse nécessitant traitement et drainage rapide.$$, 13, '2025-11-02T17:52:04.831Z');
INSERT INTO "Question" (id, "chapterId", "questionText", options, explanation, "orderIndex", "createdAt") VALUES ('cmhi0ddcx009fk498a7p8xcky', 'cmhi0ddby008lk498q2kqibdc', $$Explorations hépato-biliaires$$, $$[{"text":"L’échographie est l’examen de première intention.","isCorrect":true},{"text":"Le scanner évalue la morphologie du foie et du pancréas.","isCorrect":true},{"text":"L’IRM biliaire (cholangio-IRM) visualise les voies biliaires.","isCorrect":true},{"text":"La biopsie hépatique est sans risque.","isCorrect":false,"justification":"Elle comporte un risque hémorragique."},{"text":"La scintigraphie hépatique est l’examen principal de dépistage.","isCorrect":false,"justification":"Elle est peu utilisée aujourd’hui."}]$$::jsonb, $$L’échographie et le scanner constituent la base du diagnostic morphologique hépato-biliaire, complétés selon les besoins par la cholangio-IRM.$$, 14, '2025-11-02T17:52:04.833Z');
INSERT INTO "Chapter" (id, "subjectId", title, description, "orderIndex", "pdfUrl", "createdAt") VALUES ('cmhi0ddd1009hk498wripsvh0', 'cmhi0ddb0007nk498bc877ogt', $$Chapitre 3 – Hémorragies digestives$$, NULL, 3, NULL, '2025-11-02T17:52:04.837Z');
INSERT INTO "Question" (id, "chapterId", "questionText", options, explanation, "orderIndex", "createdAt") VALUES ('cmhi0dddl009xk49819xmt78k', 'cmhi0ddd1009hk498wripsvh0', $$Facteurs favorisants$$, $$[{"text":"Prise d’AINS ou d’aspirine.","isCorrect":true},{"text":"Anticoagulants oraux.","isCorrect":true},{"text":"Stress chirurgical ou septique.","isCorrect":true},{"text":"Infection par Helicobacter pylori.","isCorrect":true},{"text":"Consommation d’eau froide.","isCorrect":false,"justification":"Aucun lien physiopathologique."}]$$::jsonb, $$Médicaments, infections et pathologies ulcéreuses sont des facteurs déclenchants fréquents d’hémorragie digestive.$$, 7, '2025-11-02T17:52:04.858Z');
INSERT INTO "Question" (id, "chapterId", "questionText", options, explanation, "orderIndex", "createdAt") VALUES ('cmhi0dddh009tk498la4ia536', 'cmhi0ddd1009hk498wripsvh0', $$Principales causes d’hémorragie digestive haute$$, $$[{"text":"Ulcère gastroduodénal.","isCorrect":true},{"text":"Rupture de varices œsophagiennes.","isCorrect":true},{"text":"Gastrite érosive.","isCorrect":true},{"text":"Syndrome de Mallory-Weiss.","isCorrect":true},{"text":"Cancer colorectal.","isCorrect":false,"justification":"Il provoque une hémorragie basse."}]$$::jsonb, $$Les causes principales d’hémorragie haute sont ulcéreuses, variqueuses ou iatrogènes.$$, 5, '2025-11-02T17:52:04.853Z');
INSERT INTO "Question" (id, "chapterId", "questionText", options, explanation, "orderIndex", "createdAt") VALUES ('cmhi0dddj009vk4985ftdkyih', 'cmhi0ddd1009hk498wripsvh0', $$Causes d’hémorragie digestive basse$$, $$[{"text":"Cancer colique.","isCorrect":true},{"text":"Diverticulose colique.","isCorrect":true},{"text":"Maladie hémorroïdaire.","isCorrect":true},{"text":"Maladie de Crohn.","isCorrect":true},{"text":"Ulcère duodénal.","isCorrect":false,"justification":"C’est une cause d’hémorragie haute."}]$$::jsonb, $$Les hémorragies basses sont dominées par les lésions coliques (tumeurs, diverticules, inflammations, hémorroïdes).$$, 6, '2025-11-02T17:52:04.856Z');
INSERT INTO "Question" (id, "chapterId", "questionText", options, explanation, "orderIndex", "createdAt") VALUES ('cmhi0ddd3009jk498hsq1ud2j', 'cmhi0ddd1009hk498wripsvh0', $$Définition$$, $$[{"text":"L’hémorragie digestive est une perte de sang dans la lumière du tube digestif.","isCorrect":true},{"text":"Elle peut être haute ou basse selon le siège.","isCorrect":true},{"text":"Elle n’a aucune répercussion sur l’état général.","isCorrect":false,"justification":"Elle peut entraîner un choc hypovolémique."},{"text":"Elle passe toujours inaperçue.","isCorrect":false,"justification":"Elle peut être visible ou occulte."},{"text":"Elle correspond uniquement à l’hématémèse.","isCorrect":false,"justification":"L’hématémèse est un mode de révélation, non la définition."}]$$::jsonb, $$L’hémorragie digestive désigne toute perte de sang dans le tube digestif, quelle qu’en soit la cause ou la présentation.$$, 0, '2025-11-02T17:52:04.839Z');
INSERT INTO "Question" (id, "chapterId", "questionText", options, explanation, "orderIndex", "createdAt") VALUES ('cmhi0ddd5009lk498swb6gx7d', 'cmhi0ddd1009hk498wripsvh0', $$Classification$$, $$[{"text":"Une hémorragie haute siège en amont de l’angle de Treitz.","isCorrect":true},{"text":"Une hémorragie basse concerne le côlon ou le rectum.","isCorrect":true},{"text":"Les hémorragies hautes sont les plus fréquentes.","isCorrect":true},{"text":"Les hémorragies occultes sont toujours bénignes.","isCorrect":false,"justification":"Elles peuvent révéler un cancer digestif."},{"text":"Le méléna traduit toujours une hémorragie basse.","isCorrect":false,"justification":"Il traduit une hémorragie haute."}]$$::jsonb, $$La distinction entre hémorragie haute et basse repose sur le siège anatomique et l’aspect du sang émis.$$, 1, '2025-11-02T17:52:04.841Z');
INSERT INTO "Question" (id, "chapterId", "questionText", options, explanation, "orderIndex", "createdAt") VALUES ('cmhi0ddda009nk4980nyedn63', 'cmhi0ddd1009hk498wripsvh0', $$Hématémèse$$, $$[{"text":"C’est un vomissement de sang rouge ou noirâtre.","isCorrect":true},{"text":"Elle témoigne d’une hémorragie digestive haute.","isCorrect":true},{"text":"Elle peut provenir d’un ulcère gastrique.","isCorrect":true},{"text":"Elle s’accompagne parfois de vertiges ou de syncope.","isCorrect":true},{"text":"Elle peut mettre en jeu le pronostic vital.","isCorrect":true}]$$::jsonb, $$L’hématémèse est un signe d’hémorragie haute grave nécessitant une évaluation et une stabilisation rapides.$$, 2, '2025-11-02T17:52:04.846Z');
INSERT INTO "Question" (id, "chapterId", "questionText", options, explanation, "orderIndex", "createdAt") VALUES ('cmhi0dddc009pk4986g9042cx', 'cmhi0ddd1009hk498wripsvh0', $$Méléna$$, $$[{"text":"Les selles sont noires, brillantes et goudronneuses.","isCorrect":true},{"text":"Il témoigne d’une hémorragie haute digérée.","isCorrect":true},{"text":"Il est souvent associé à une hématémèse.","isCorrect":true},{"text":"Il disparaît immédiatement après l’arrêt du saignement.","isCorrect":false,"justification":"Il persiste plusieurs jours."},{"text":"Il peut survenir sans anémie.","isCorrect":false,"justification":"Il s’accompagne souvent d’une anémie ferriprive."}]$$::jsonb, $$Le méléna traduit un saignement digestif ancien ou lent, souvent d’origine gastrique ou duodénale.$$, 3, '2025-11-02T17:52:04.849Z');
INSERT INTO "Question" (id, "chapterId", "questionText", options, explanation, "orderIndex", "createdAt") VALUES ('cmhi0dddf009rk4982z35pugb', 'cmhi0ddd1009hk498wripsvh0', $$Rectorragie$$, $$[{"text":"Elle correspond à une émission de sang noir digéré.","isCorrect":false,"justification":"C’est du sang rouge non digéré."},{"text":"Elle témoigne d’une hémorragie haute.","isCorrect":false,"justification":"Elle indique une hémorragie basse."},{"text":"Elle provient souvent du rectum ou du côlon.","isCorrect":true},{"text":"Elle s’accompagne d’hématémèse.","isCorrect":false,"justification":"Ces deux signes ne coexistent pas."},{"text":"Elle n’a aucun intérêt diagnostique.","isCorrect":false,"justification":"Elle oriente le siège du saignement."}]$$::jsonb, $$La rectorragie est un signe d’hémorragie basse, typiquement colique ou rectale, parfois associée à un trouble de la coagulation.$$, 4, '2025-11-02T17:52:04.851Z');
INSERT INTO "Question" (id, "chapterId", "questionText", options, explanation, "orderIndex", "createdAt") VALUES ('cmhi0dddo009zk4985x6ajx8q', 'cmhi0ddd1009hk498wripsvh0', $$Signes de gravité$$, $$[{"text":"Hypotension artérielle.","isCorrect":true},{"text":"Pouls lent et régulier.","isCorrect":false,"justification":"Le pouls est rapide en cas de choc."},{"text":"Pâleur, sueurs, extrémités froides.","isCorrect":true},{"text":"Méléna isolé.","isCorrect":false,"justification":"Il n’est pas un signe de gravité à lui seul."},{"text":"Hématémèse unique.","isCorrect":false,"justification":"Le risque dépend de la quantité perdue."}]$$::jsonb, $$Les signes de gravité sont dominés par les manifestations de choc hémorragique : hypotension et tachycardie.$$, 8, '2025-11-02T17:52:04.860Z');
INSERT INTO "Question" (id, "chapterId", "questionText", options, explanation, "orderIndex", "createdAt") VALUES ('cmhi0dddq00a1k4981n4utm0d', 'cmhi0ddd1009hk498wripsvh0', $$Évaluation clinique initiale$$, $$[{"text":"Recherche de signes de choc.","isCorrect":true},{"text":"Mesure de la tension et du pouls.","isCorrect":true},{"text":"Palpation abdominale à la recherche d’une défense.","isCorrect":true},{"text":"Interrogatoire pour médicaments et antécédents.","isCorrect":true},{"text":"Coloscopie immédiate sans stabilisation.","isCorrect":false,"justification":"Elle n’est faite qu’après stabilisation."}]$$::jsonb, $$L’évaluation initiale vise à stabiliser le patient avant toute exploration endoscopique.$$, 9, '2025-11-02T17:52:04.862Z');
INSERT INTO "Question" (id, "chapterId", "questionText", options, explanation, "orderIndex", "createdAt") VALUES ('cmhi0dddt00a3k498hyhye53n', 'cmhi0ddd1009hk498wripsvh0', $$Examens biologiques$$, $$[{"text":"NFS pour évaluer l’anémie.","isCorrect":true},{"text":"Bilan de coagulation indispensable.","isCorrect":true},{"text":"Dosage des enzymes hépatiques.","isCorrect":true},{"text":"Ionogramme sanguin inutile.","isCorrect":false,"justification":"Il évalue la gravité et les pertes."},{"text":"Groupe sanguin et RAI en urgence.","isCorrect":true}]$$::jsonb, $$Le bilan biologique vise à quantifier l’anémie, détecter un trouble de la coagulation et préparer la transfusion.$$, 10, '2025-11-02T17:52:04.865Z');
INSERT INTO "Question" (id, "chapterId", "questionText", options, explanation, "orderIndex", "createdAt") VALUES ('cmhi0dddv00a5k498cxtnjfz3', 'cmhi0ddd1009hk498wripsvh0', $$Endoscopie digestive haute$$, $$[{"text":"C’est l’examen de choix pour localiser une hémorragie haute.","isCorrect":true},{"text":"Elle peut être à visée diagnostique et thérapeutique.","isCorrect":true},{"text":"Elle doit être faite avant toute stabilisation hémodynamique.","isCorrect":false,"justification":"Elle nécessite une stabilisation préalable."},{"text":"Elle permet la ligature de varices œsophagiennes.","isCorrect":true},{"text":"Elle est inutile si le méléna est présent.","isCorrect":false,"justification":"Elle est indiquée dans tout méléna."}]$$::jsonb, $$L’endoscopie digestive est l’examen clé permettant diagnostic et hémostase dans les hémorragies hautes.$$, 11, '2025-11-02T17:52:04.867Z');
INSERT INTO "Question" (id, "chapterId", "questionText", options, explanation, "orderIndex", "createdAt") VALUES ('cmhi0dddx00a7k498lwgoci2u', 'cmhi0ddd1009hk498wripsvh0', $$Endoscopie basse$$, $$[{"text":"Elle est indiquée pour les rectorragies.","isCorrect":true},{"text":"Elle localise les lésions coliques ou rectales.","isCorrect":true},{"text":"Elle peut être réalisée en urgence après lavage colique rapide.","isCorrect":true},{"text":"Elle n’a aucun intérêt thérapeutique.","isCorrect":false,"justification":"Elle permet hémostase et biopsie."},{"text":"Elle est systématique dans l’hématémèse.","isCorrect":false,"justification":"Elle ne concerne que les hémorragies basses."}]$$::jsonb, $$La coloscopie est l’examen de référence pour explorer et traiter les hémorragies digestives basses.$$, 12, '2025-11-02T17:52:04.869Z');
INSERT INTO "Question" (id, "chapterId", "questionText", options, explanation, "orderIndex", "createdAt") VALUES ('cmhi0dddz00a9k498p37mxdne', 'cmhi0ddd1009hk498wripsvh0', $$Imagerie complémentaire$$, $$[{"text":"Le scanner abdomino-pelvien est utile si l’endoscopie est négative.","isCorrect":true},{"text":"L’angio-scanner peut localiser un saignement actif.","isCorrect":true},{"text":"L’IRM abdominale est l’examen de première intention.","isCorrect":false,"justification":"Elle n’est pas adaptée à l’urgence."},{"text":"La scintigraphie au globule marqué détecte les saignements lents.","isCorrect":true},{"text":"L’échographie abdominale suffit pour diagnostiquer un ulcère.","isCorrect":false,"justification":"L’endoscopie est le seul examen direct."}]$$::jsonb, $$Le scanner et la scintigraphie complètent l’endoscopie pour les hémorragies d’origine indéterminée.$$, 13, '2025-11-02T17:52:04.871Z');
INSERT INTO "Question" (id, "chapterId", "questionText", options, explanation, "orderIndex", "createdAt") VALUES ('cmhi0dde100abk498a333pndd', 'cmhi0ddd1009hk498wripsvh0', $$Hémorragie ulcéreuse$$, $$[{"text":"Elle est due à la rupture d’un vaisseau au fond de l’ulcère.","isCorrect":true},{"text":"Elle survient souvent après la prise d’AINS.","isCorrect":true},{"text":"Elle se manifeste par une hématémèse ou un méléna.","isCorrect":true},{"text":"Elle ne récidive jamais.","isCorrect":false,"justification":"Le risque de récidive est élevé sans traitement."},{"text":"Le traitement associe IPP et endoscopie.","isCorrect":true}]$$::jsonb, $$L’hémorragie ulcéreuse est la cause la plus fréquente et nécessite un traitement endoscopique et médical combiné.$$, 14, '2025-11-02T17:52:04.873Z');
INSERT INTO "Question" (id, "chapterId", "questionText", options, explanation, "orderIndex", "createdAt") VALUES ('cmhi0dde300adk4987vlhv59n', 'cmhi0ddd1009hk498wripsvh0', $$Rupture de varices œsophagiennes$$, $$[{"text":"Elle survient sur hypertension portale.","isCorrect":true},{"text":"Elle provoque une hématémèse massive.","isCorrect":true},{"text":"Elle est fréquente chez le cirrhotique.","isCorrect":true},{"text":"La mortalité est faible.","isCorrect":false,"justification":"Elle est élevée sans traitement rapide."},{"text":"Le traitement associe ligature et vasoconstricteurs.","isCorrect":true}]$$::jsonb, $$L’hémorragie variqueuse est une urgence vitale du cirrhotique nécessitant une prise en charge combinée et intensive.$$, 15, '2025-11-02T17:52:04.876Z');
INSERT INTO "Question" (id, "chapterId", "questionText", options, explanation, "orderIndex", "createdAt") VALUES ('cmhi0dde600afk4985pwe0fl4', 'cmhi0ddd1009hk498wripsvh0', $$Ulcère de stress$$, $$[{"text":"Il survient chez le sujet sain.","isCorrect":false,"justification":"Il touche les patients hospitalisés ou graves."},{"text":"Il apparaît après un repas copieux.","isCorrect":false,"justification":"Il est lié au stress physiologique intense."},{"text":"Il ne saigne jamais.","isCorrect":false,"justification":"Il peut provoquer une hémorragie sévère."},{"text":"Il est prévenu par des AINS.","isCorrect":false,"justification":"Les AINS le favorisent."},{"text":"Il ne concerne jamais les soins intensifs.","isCorrect":false,"justification":"Il est typique des réanimations."}]$$::jsonb, $$L’ulcère de stress est une complication des maladies graves ou des soins intensifs, pouvant entraîner une hémorragie aiguë.$$, 16, '2025-11-02T17:52:04.879Z');
INSERT INTO "Question" (id, "chapterId", "questionText", options, explanation, "orderIndex", "createdAt") VALUES ('cmhi0dde900ahk4988qxxshl2', 'cmhi0ddd1009hk498wripsvh0', $$Hémorragies iatrogènes$$, $$[{"text":"Elles peuvent survenir après endoscopie.","isCorrect":true},{"text":"Elles sont favorisées par les anticoagulants.","isCorrect":true},{"text":"Elles ne concernent jamais les biopsies.","isCorrect":false,"justification":"Les biopsies digestives peuvent saigner."},{"text":"Le risque est nul après polypectomie.","isCorrect":false,"justification":"Il existe un risque hémorragique post-polypectomie."},{"text":"Elles sont bénignes par définition.","isCorrect":false,"justification":"Certaines peuvent être graves."}]$$::jsonb, $$Les hémorragies iatrogènes nécessitent prévention, correction des coagulopathies et surveillance post-endoscopie.$$, 17, '2025-11-02T17:52:04.882Z');
INSERT INTO "Question" (id, "chapterId", "questionText", options, explanation, "orderIndex", "createdAt") VALUES ('cmhi0ddeb00ajk4987obu03pq', 'cmhi0ddd1009hk498wripsvh0', $$Prise en charge d’urgence$$, $$[{"text":"Pose d’une voie veineuse et remplissage rapide.","isCorrect":true},{"text":"Oxygénothérapie et surveillance cardiorespiratoire.","isCorrect":true},{"text":"Administration d’IPP en IV.","isCorrect":true},{"text":"Endoscopie immédiate avant réanimation.","isCorrect":false,"justification":"Elle vient après stabilisation."},{"text":"Recherche de la cause seulement après traitement.","isCorrect":false,"justification":"Le diagnostic étiologique est simultané à la stabilisation."}]$$::jsonb, $$La priorité en urgence est la stabilisation hémodynamique avant la recherche et le traitement de la cause.$$, 18, '2025-11-02T17:52:04.884Z');
INSERT INTO "Question" (id, "chapterId", "questionText", options, explanation, "orderIndex", "createdAt") VALUES ('cmhi0dded00alk498ln8in8da', 'cmhi0ddd1009hk498wripsvh0', $$Pronostic$$, $$[{"text":"Dépend de l’étiologie et de la rapidité de prise en charge.","isCorrect":true},{"text":"Est toujours favorable.","isCorrect":false,"justification":"Les formes massives restent graves."},{"text":"Les récidives sont possibles.","isCorrect":true},{"text":"La prévention repose sur le traitement de la cause.","isCorrect":true},{"text":"La mortalité est nulle.","isCorrect":false,"justification":"Elle peut atteindre 10 à 15 % selon le terrain."}]$$::jsonb, $$Le pronostic dépend du terrain, de la gravité initiale et de la rapidité du diagnostic et du traitement$$, 19, '2025-11-02T17:52:04.886Z');
INSERT INTO "Chapter" (id, "subjectId", title, description, "orderIndex", "pdfUrl", "createdAt") VALUES ('cmhi0ddeh00ank498bm1425sn', 'cmhi0ddb0007nk498bc877ogt', $$Chapitre 4 – Ascite$$, NULL, 4, NULL, '2025-11-02T17:52:04.889Z');
INSERT INTO "Question" (id, "chapterId", "questionText", options, explanation, "orderIndex", "createdAt") VALUES ('cmhi0ddej00apk4986fge0ua8', 'cmhi0ddeh00ank498bm1425sn', $$Définition$$, $$[{"text":"L’ascite est une accumulation de liquide dans la cavité pleurale.","isCorrect":false,"justification":"Elle concerne le péritoine, pas la plèvre."},{"text":"C’est un épanchement péritonéal liquidien.","isCorrect":true},{"text":"Elle traduit toujours une infection.","isCorrect":false,"justification":"Elle peut être cirrhotique, cardiaque, pancréatique, etc."},{"text":"Elle peut être localisée ou diffuse.","isCorrect":true},{"text":"Elle ne modifie jamais le volume abdominal.","isCorrect":false,"justification":"Elle provoque une distension abdominale visible."}]$$::jsonb, $$L’ascite est un épanchement liquidien intra-péritonéal d’origine variée, souvent révélateur d’une maladie chronique.$$, 0, '2025-11-02T17:52:04.891Z');
INSERT INTO "Question" (id, "chapterId", "questionText", options, explanation, "orderIndex", "createdAt") VALUES ('cmhi0ddel00ark4988fttaar1', 'cmhi0ddeh00ank498bm1425sn', $$Principales causes$$, $$[{"text":"Cirrhose hépatique.","isCorrect":true},{"text":"Insuffisance cardiaque droite.","isCorrect":true},{"text":"Syndrome néphrotique.","isCorrect":true},{"text":"Péritonite tuberculeuse.","isCorrect":true},{"text":"Appendicite aiguë.","isCorrect":false,"justification":"Elle ne provoque pas d’ascite vraie."}]$$::jsonb, $$Les causes dominantes sont la cirrhose, l’insuffisance cardiaque, les syndromes néphrotiques et les infections péritonéales.$$, 1, '2025-11-02T17:52:04.894Z');
INSERT INTO "Question" (id, "chapterId", "questionText", options, explanation, "orderIndex", "createdAt") VALUES ('cmhi0ddeo00atk498bydzpoqk', 'cmhi0ddeh00ank498bm1425sn', $$Physiopathologie$$, $$[{"text":"L’ascite cirrhotique est liée à l’hypertension portale.","isCorrect":true},{"text":"L’hypoalbuminémie contribue à la formation d’ascite.","isCorrect":true},{"text":"L’augmentation de la pression lymphatique péritonéale est un facteur.","isCorrect":true},{"text":"L’hyperprotéinémie favorise l’ascite.","isCorrect":false,"justification":"C’est l’hypoprotéinémie qui y contribue."},{"text":"L’hypertension pulmonaire est la cause principale.","isCorrect":false,"justification":"L’hypertension portale est la cause majeure."}]$$::jsonb, $$L’ascite résulte d’un déséquilibre entre pressions hydrostatiques et oncotique, surtout en cas d’hypertension portale.$$, 2, '2025-11-02T17:52:04.896Z');
INSERT INTO "Question" (id, "chapterId", "questionText", options, explanation, "orderIndex", "createdAt") VALUES ('cmhi0ddeq00avk49828yar0a6', 'cmhi0ddeh00ank498bm1425sn', $$Signes fonctionnels$$, $$[{"text":"Distension abdominale progressive.","isCorrect":true},{"text":"Dyspnée par compression diaphragmatique.","isCorrect":true},{"text":"Nausées et pesanteur abdominale.","isCorrect":true},{"text":"Douleur abdominale intense brutale.","isCorrect":false,"justification":"Elle suggère une péritonite, non une ascite."},{"text":"Ralentissement du transit intestinal.","isCorrect":true}]$$::jsonb, $$L’ascite se manifeste par distension, gêne abdominale, dyspnée et parfois troubles digestifs.$$, 3, '2025-11-02T17:52:04.898Z');
INSERT INTO "Question" (id, "chapterId", "questionText", options, explanation, "orderIndex", "createdAt") VALUES ('cmhi0ddes00axk4983ms0qh2s', 'cmhi0ddeh00ank498bm1425sn', $$Inspection abdominale$$, $$[{"text":"Abdomen distendu et bombé.","isCorrect":true},{"text":"Ombilic saillant ou éversé.","isCorrect":true},{"text":"Disparition des reliefs musculaires.","isCorrect":true},{"text":"Circulation collatérale abdominale visible.","isCorrect":true},{"text":"Hernie ombilicale rare.","isCorrect":false,"justification":"Elle est fréquente dans l’ascite chronique."}]$$::jsonb, $$L’inspection révèle distension, circulation collatérale et ombilic saillant, signes typiques de l’ascite chronique.$$, 4, '2025-11-02T17:52:04.900Z');
INSERT INTO "Question" (id, "chapterId", "questionText", options, explanation, "orderIndex", "createdAt") VALUES ('cmhi0ddeu00azk49839qza9nz', 'cmhi0ddeh00ank498bm1425sn', $$Palpation$$, $$[{"text":"La palpation détecte la matité liquidienne.","isCorrect":true},{"text":"Le signe du flot est pathognomonique.","isCorrect":true},{"text":"La palpation du foie et de la rate reste possible.","isCorrect":false,"justification":"Elle est souvent gênée par le liquide."},{"text":"L’abdomen est toujours douloureux.","isCorrect":false,"justification":"Il est souvent indolore sauf infection."},{"text":"Le signe de glaçon est spécifique d’un foie flottant.","isCorrect":true}]$$::jsonb, $$La palpation recherche les signes liquidiens (flot, glaçon) et les organomégalies associées.$$, 5, '2025-11-02T17:52:04.903Z');
INSERT INTO "Question" (id, "chapterId", "questionText", options, explanation, "orderIndex", "createdAt") VALUES ('cmhi0ddew00b1k498f5z12paa', 'cmhi0ddeh00ank498bm1425sn', $$Percussion$$, $$[{"text":"La matité déclive change de place selon la position.","isCorrect":true},{"text":"C’est un signe majeur d’ascite.","isCorrect":true},{"text":"La sonorité est centrale en décubitus.","isCorrect":true},{"text":"La percussion est inutile pour l’ascite.","isCorrect":false,"justification":"Elle est essentielle pour détecter le liquide."},{"text":"Le signe du flot peut être retrouvé à la percussion seule.","isCorrect":false,"justification":"Il nécessite la palpation."}]$$::jsonb, $$La percussion est un moyen simple et fiable pour détecter la présence de liquide libre abdominal.$$, 6, '2025-11-02T17:52:04.905Z');
INSERT INTO "Question" (id, "chapterId", "questionText", options, explanation, "orderIndex", "createdAt") VALUES ('cmhi0ddez00b3k498kh4bl7un', 'cmhi0ddeh00ank498bm1425sn', $$Auscultation abdominale$$, $$[{"text":"Les bruits hydroaériques sont augmentés.","isCorrect":false,"justification":"Ils sont souvent diminués."},{"text":"L’absence de bruits traduit une occlusion.","isCorrect":false,"justification":"Elle évoque un iléus paralytique."},{"text":"Le souffle systolique est un signe d’ascite.","isCorrect":false,"justification":"C’est un signe vasculaire."},{"text":"L’auscultation est inutile dans l’ascite.","isCorrect":false,"justification":"Elle fait partie de l’examen complet."},{"text":"Une diminution globale des bruits intestinaux est fréquente.","isCorrect":true}]$$::jsonb, $$L’ascite entraîne souvent une diminution des bruits intestinaux par compression des anses.$$, 7, '2025-11-02T17:52:04.907Z');
INSERT INTO "Question" (id, "chapterId", "questionText", options, explanation, "orderIndex", "createdAt") VALUES ('cmhi0ddf100b5k498yi1g7lwk', 'cmhi0ddeh00ank498bm1425sn', $$Ascite cirrhotique$$, $$[{"text":"Elle s’accompagne souvent d’ictère et d’angiomes stellaires.","isCorrect":true},{"text":"Elle traduit une hypertension portale chronique.","isCorrect":true},{"text":"Elle s’accompagne d’un liquide riche en protéines.","isCorrect":false,"justification":"Il est pauvre en protéines."},{"text":"Le liquide est souvent clair et citrin.","isCorrect":true},{"text":"Elle s’accompagne rarement de splénomégalie.","isCorrect":false,"justification":"La splénomégalie est fréquente."}]$$::jsonb, $$L’ascite cirrhotique est la forme la plus courante, associant liquide citrin pauvre en protéines et signes d’hypertension portale.$$, 8, '2025-11-02T17:52:04.909Z');
INSERT INTO "Question" (id, "chapterId", "questionText", options, explanation, "orderIndex", "createdAt") VALUES ('cmhi0ddf400b7k498cm6drlzg', 'cmhi0ddeh00ank498bm1425sn', $$Ascite d’origine cardiaque$$, $$[{"text":"Elle s’accompagne d’une turgescence jugulaire.","isCorrect":true},{"text":"Elle est riche en protéines.","isCorrect":true},{"text":"Elle s’accompagne souvent d’un œdème des membres inférieurs.","isCorrect":true},{"text":"L’épanchement est citrin clair.","isCorrect":false,"justification":"Il est jaune ambré ou légèrement trouble."},{"text":"Elle est indolore.","isCorrect":true}]$$::jsonb, $$L’ascite cardiaque est riche en protéines et associée à une insuffisance cardiaque droite.$$, 9, '2025-11-02T17:52:04.912Z');
INSERT INTO "Question" (id, "chapterId", "questionText", options, explanation, "orderIndex", "createdAt") VALUES ('cmhi0ddf600b9k498iyh7rwkl', 'cmhi0ddeh00ank498bm1425sn', $$Ascite pancréatique$$, $$[{"text":"Elle est pauvre en amylase.","isCorrect":false,"justification":"Elle est riche en amylase."},{"text":"Elle est pauvre en protéines.","isCorrect":false,"justification":"Elle est riche en protéines."},{"text":"Elle est toujours d’origine infectieuse.","isCorrect":false,"justification":"Elle est enzymatique."},{"text":"Elle est indolore.","isCorrect":false,"justification":"Elle est souvent douloureuse."},{"text":"Elle se résorbe spontanément.","isCorrect":false,"justification":"Elle nécessite drainage et traitement du pancréas."}]$$::jsonb, $$L’ascite pancréatique est riche en enzymes et protéines, due à une rupture canalaire.$$, 10, '2025-11-02T17:52:04.914Z');
INSERT INTO "Question" (id, "chapterId", "questionText", options, explanation, "orderIndex", "createdAt") VALUES ('cmhi0ddf800bbk498wtcw14h3', 'cmhi0ddeh00ank498bm1425sn', $$Ascite cancéreuse$$, $$[{"text":"Le liquide est hématique ou trouble.","isCorrect":true},{"text":"Il contient des cellules tumorales à la cytologie.","isCorrect":true},{"text":"Elle s’accompagne rarement d’amaigrissement.","isCorrect":false,"justification":"L’amaigrissement est fréquent."},{"text":"Elle guérit sous diurétiques.","isCorrect":false,"justification":"Elle résiste aux traitements habituels."},{"text":"Elle est pauvre en protéines.","isCorrect":false,"justification":"Elle est riche en protéines."}]$$::jsonb, $$L’ascite néoplasique se caractérise par un liquide riche, souvent hématique et la présence de cellules malignes.$$, 11, '2025-11-02T17:52:04.916Z');
INSERT INTO "Question" (id, "chapterId", "questionText", options, explanation, "orderIndex", "createdAt") VALUES ('cmhi0ddfa00bdk49804meyles', 'cmhi0ddeh00ank498bm1425sn', $$Ascite tuberculeuse$$, $$[{"text":"Elle est due à une infection du péritoine par le bacille de Koch.","isCorrect":true},{"text":"Le liquide est riche en protéines.","isCorrect":true},{"text":"La ponction retrouve des lymphocytes prédominants.","isCorrect":true},{"text":"Elle s’accompagne souvent de fièvre et de douleurs diffuses.","isCorrect":true},{"text":"Elle est stérile à la culture.","isCorrect":true}]$$::jsonb, $$L’ascite tuberculeuse est lymphocytaire, riche en protéines et associée à un contexte fébrile.$$, 12, '2025-11-02T17:52:04.919Z');
INSERT INTO "Question" (id, "chapterId", "questionText", options, explanation, "orderIndex", "createdAt") VALUES ('cmhi0ddfd00bfk498jsjer2ub', 'cmhi0ddeh00ank498bm1425sn', $$Ascite chyleuse$$, $$[{"text":"Le liquide est laiteux et riche en triglycérides.","isCorrect":true},{"text":"Elle résulte d’une rupture des canaux lymphatiques.","isCorrect":true},{"text":"Elle est pauvre en protéines.","isCorrect":false,"justification":"Elle est riche en protéines et lipides."},{"text":"Elle est spécifique de la cirrhose.","isCorrect":false,"justification":"Elle peut être néoplasique, post-opératoire ou traumatique."},{"text":"Elle est souvent associée à une hyperlipémie.","isCorrect":true}]$$::jsonb, $$L’ascite chyleuse se distingue par son aspect laiteux, riche en graisses et en lymphocytes.$$, 13, '2025-11-02T17:52:04.921Z');
INSERT INTO "Question" (id, "chapterId", "questionText", options, explanation, "orderIndex", "createdAt") VALUES ('cmhi0ddff00bhk49825gloe1i', 'cmhi0ddeh00ank498bm1425sn', $$Ascite infectée spontanée$$, $$[{"text":"Elle survient surtout chez le cirrhotique.","isCorrect":true},{"text":"Elle est due à la translocation bactérienne.","isCorrect":true},{"text":"Le liquide contient > 250 PNN/mm³.","isCorrect":true},{"text":"Elle nécessite une antibiothérapie immédiate.","isCorrect":true},{"text":"Elle est bénigne sans traitement.","isCorrect":false,"justification":"Elle peut être fatale."}]$$::jsonb, $$L’infection spontanée du liquide d’ascite est une urgence fréquente du cirrhotique nécessitant traitement immédiat.$$, 14, '2025-11-02T17:52:04.924Z');
INSERT INTO "Question" (id, "chapterId", "questionText", options, explanation, "orderIndex", "createdAt") VALUES ('cmhi0ddfi00bjk498ytualfjh', 'cmhi0ddeh00ank498bm1425sn', $$Signes de gravité$$, $$[{"text":"Fièvre et douleur abdominale.","isCorrect":true},{"text":"Altération de la conscience.","isCorrect":true},{"text":"Hypotension et tachycardie.","isCorrect":true},{"text":"Ascite indolore chronique.","isCorrect":false,"justification":"C’est une forme stable."},{"text":"Pétéchies cutanées.","isCorrect":true}]$$::jsonb, $$L’apparition de fièvre, hypotension ou troubles neurologiques traduit une complication infectieuse ou hémorragique.$$, 15, '2025-11-02T17:52:04.926Z');
INSERT INTO "Question" (id, "chapterId", "questionText", options, explanation, "orderIndex", "createdAt") VALUES ('cmhi0ddfl00blk498t2dxz835', 'cmhi0ddeh00ank498bm1425sn', $$Ponction d’ascite$$, $$[{"text":"Elle est réalisée en décubitus dorsal.","isCorrect":true},{"text":"Elle permet de préciser la nature du liquide.","isCorrect":true},{"text":"Elle est contre-indiquée en cas d’ascite infectée.","isCorrect":false,"justification":"Elle est indiquée justement pour le diagnostic."},{"text":"Elle peut être thérapeutique si l’ascite est volumineuse.","isCorrect":true},{"text":"Elle expose à un risque d’hémorragie.","isCorrect":true}]$$::jsonb, $$La ponction d’ascite est un geste diagnostique et thérapeutique essentiel, mais non dénué de risques.$$, 16, '2025-11-02T17:52:04.929Z');
INSERT INTO "Question" (id, "chapterId", "questionText", options, explanation, "orderIndex", "createdAt") VALUES ('cmhi0ddfn00bnk498cl6hw9ht', 'cmhi0ddeh00ank498bm1425sn', $$Aspect macroscopique du liquide$$, $$[{"text":"Citrin clair dans la cirrhose.","isCorrect":true},{"text":"Laiteux dans l’ascite chyleuse.","isCorrect":true},{"text":"Hématique dans la carcinose.","isCorrect":true},{"text":"Purulent dans la péritonite.","isCorrect":true},{"text":"Vert bilieux dans l’ascite cardiaque.","isCorrect":false,"justification":"Ce aspect bilieux évoque une perforation biliaire."}]$$::jsonb, $$L’aspect du liquide d’ascite donne immédiatement une orientation étiologique.$$, 17, '2025-11-02T17:52:04.931Z');
INSERT INTO "Question" (id, "chapterId", "questionText", options, explanation, "orderIndex", "createdAt") VALUES ('cmhi0ddfp00bpk498yik4d1wh', 'cmhi0ddeh00ank498bm1425sn', $$Biologie du liquide d’ascite$$, $$[{"text":"Dosage des protéines totales.","isCorrect":true},{"text":"Numération cellulaire.","isCorrect":true},{"text":"Recherche de bactéries et culture.","isCorrect":true},{"text":"Dosage de la lipase pour l’étiologie pancréatique.","isCorrect":true},{"text":"Dosage des triglycérides inutile.","isCorrect":false,"justification":"Il oriente vers une ascite chyleuse."}]$$::jsonb, $$L’étude biochimique et cytologique du liquide est indispensable à la recherche de la cause.$$, 18, '2025-11-02T17:52:04.934Z');
INSERT INTO "Question" (id, "chapterId", "questionText", options, explanation, "orderIndex", "createdAt") VALUES ('cmhi0ddfs00brk498n3ba3799', 'cmhi0ddeh00ank498bm1425sn', $$Évolution$$, $$[{"text":"L’ascite peut régresser sous régime désodé et diurétiques.","isCorrect":true},{"text":"Elle récidive souvent dans la cirrhose.","isCorrect":true},{"text":"Elle peut se compliquer d’infection.","isCorrect":true},{"text":"Elle n’a jamais de conséquences respiratoires.","isCorrect":false,"justification":"Une dyspnée de compression est possible."},{"text":"Elle peut évoluer vers la défaillance hépatique.","isCorrect":true}]$$::jsonb, $$L’évolution dépend de la cause et du traitement ; la récidive et l’infection sont fréquentes dans la cirrhose.$$, 19, '2025-11-02T17:52:04.936Z');
INSERT INTO "Question" (id, "chapterId", "questionText", options, explanation, "orderIndex", "createdAt") VALUES ('cmhi0ddfu00btk498g83mf95n', 'cmhi0ddeh00ank498bm1425sn', $$Traitement diurétique$$, $$[{"text":"Spironolactone est le diurétique de choix.","isCorrect":true},{"text":"Les doses doivent être progressives.","isCorrect":true},{"text":"L’association avec furosémide est fréquente.","isCorrect":true},{"text":"L’arrêt du sel est inutile.","isCorrect":false,"justification":"Le régime hyposodé est indispensable."},{"text":"Une surveillance biologique est obligatoire.","isCorrect":true}]$$::jsonb, $$Le traitement diurétique est efficace mais nécessite un suivi clinique et biologique attentif.$$, 20, '2025-11-02T17:52:04.939Z');
INSERT INTO "Question" (id, "chapterId", "questionText", options, explanation, "orderIndex", "createdAt") VALUES ('cmhi0ddfx00bvk498ydfi81p4', 'cmhi0ddeh00ank498bm1425sn', $$Traitement de la cause$$, $$[{"text":"La cirrhose justifie un traitement étiologique spécifique.","isCorrect":true},{"text":"L’insuffisance cardiaque doit être corrigée.","isCorrect":true},{"text":"L’infection péritonéale impose une antibiothérapie.","isCorrect":true},{"text":"L’ascite cancéreuse guérit après diurétiques.","isCorrect":false,"justification":"Elle résiste aux diurétiques."},{"text":"Le drainage est systématique dans toutes les ascites.","isCorrect":false,"justification":"Il est réservé aux formes tendues ou résistantes."}]$$::jsonb, $$Le traitement dépend de la cause sous-jacente et associe mesures générales, diurétiques et traitement étiologique.$$, 21, '2025-11-02T17:52:04.941Z');
INSERT INTO "Question" (id, "chapterId", "questionText", options, explanation, "orderIndex", "createdAt") VALUES ('cmhi0ddg000bxk498m21hsjq0', 'cmhi0ddeh00ank498bm1425sn', $$Complications post-ponction$$, $$[{"text":"Infection secondaire.","isCorrect":true},{"text":"Hémorragie pariétale.","isCorrect":true},{"text":"Perforation d’un organe.","isCorrect":true},{"text":"Hypotension artérielle.","isCorrect":true},{"text":"Hypertension portale aggravée.","isCorrect":false,"justification":"Elle n’est pas directement liée à la ponction."}]$$::jsonb, $$Les complications post-ponction sont rares mais justifient des précautions d’asepsie et une surveillance.$$, 22, '2025-11-02T17:52:04.944Z');
INSERT INTO "Question" (id, "chapterId", "questionText", options, explanation, "orderIndex", "createdAt") VALUES ('cmhi0ddg300bzk498an8avr30', 'cmhi0ddeh00ank498bm1425sn', $$Prévention des récidives$$, $$[{"text":"Régime désodé strict.","isCorrect":true},{"text":"Traitement diurétique d’entretien.","isCorrect":true},{"text":"Surveillance échographique régulière.","isCorrect":true},{"text":"Correction des troubles nutritionnels.","isCorrect":true},{"text":"Arrêt du traitement une fois l’ascite disparue.","isCorrect":false,"justification":"Il faut poursuivre la surveillance."}]$$::jsonb, $$La prévention repose sur un suivi rigoureux, un régime hyposodé et une prise en charge hépatique continue.$$, 23, '2025-11-02T17:52:04.947Z');
INSERT INTO "Question" (id, "chapterId", "questionText", options, explanation, "orderIndex", "createdAt") VALUES ('cmhi0ddg500c1k498eg9e9wdg', 'cmhi0ddeh00ank498bm1425sn', $$Pronostic$$, $$[{"text":"Dépend de la cause sous-jacente.","isCorrect":true},{"text":"Est toujours favorable.","isCorrect":false,"justification":"L’ascite signale souvent une maladie avancée."},{"text":"Dans la cirrhose, elle marque un tournant évolutif.","isCorrect":true},{"text":"La transplantation hépatique améliore la survie.","isCorrect":true},{"text":"L’ascite maligne est de bon pronostic.","isCorrect":false,"justification":"Elle témoigne d’un stade avancé."}]$$::jsonb, $$Le pronostic de l’ascite dépend étroitement de son étiologie ; la transplantation reste la seule option curative dans la cirrhose terminale.$$, 24, '2025-11-02T17:52:04.949Z');
INSERT INTO "Subject" (id, title, description, semester, tags, "totalQCM", "createdAt", views) VALUES ('cmhi0ddgc00c2k498wjm0hlhk', $$Sémiologie Endocrinienne$$, $$Cours de Sémiologie Endocrinienne$$, 'DCEM1', ARRAY[$$DCEM1$$, $$Sémiologie$$, $$Sémiologie Endocrinienne$$]::text[], 120, '2025-11-02T17:52:04.957Z', 0);
INSERT INTO "Chapter" (id, "subjectId", title, description, "orderIndex", "pdfUrl", "createdAt") VALUES ('cmhi0ddgj00c4k4980nvofm16', 'cmhi0ddgc00c2k498wjm0hlhk', $$Chapitre 1 – Pathologies des parathyroïdes$$, NULL, 1, NULL, '2025-11-02T17:52:04.963Z');
INSERT INTO "Question" (id, "chapterId", "questionText", options, explanation, "orderIndex", "createdAt") VALUES ('cmhi0ddgw00cgk4986zfe3mzn', 'cmhi0ddgj00c4k4980nvofm16', $$Signes neuropsychiques$$, $$[{"text":"Asthénie et dépression.","isCorrect":true},{"text":"Confusion mentale.","isCorrect":true},{"text":"Somnolence, coma.","isCorrect":true},{"text":"Hyperactivité motrice.","isCorrect":false,"justification":"Lenteur, non agitation."},{"text":"Troubles anxieux prédominants.","isCorrect":false,"justification":"Moindre fréquence."}]$$::jsonb, $$Hypercalcémie = syndrome neuro-psychique léthargique ou confuso-coma.$$, 5, '2025-11-02T17:52:04.976Z');
INSERT INTO "Question" (id, "chapterId", "questionText", options, explanation, "orderIndex", "createdAt") VALUES ('cmhi0ddgy00cik4988nemstx5', 'cmhi0ddgj00c4k4980nvofm16', $$Hyperparathyroïdie secondaire$$, $$[{"text":"Liée à l’insuffisance rénale chronique.","isCorrect":true},{"text":"PTH basse.","isCorrect":false,"justification":"Réaction PTH ↑."},{"text":"Calcémie normale ou basse.","isCorrect":true},{"text":"Phosphatémie normale.","isCorrect":false,"justification":"Souvent ↑."},{"text":"Vitamine D effondrée.","isCorrect":true}]$$::jsonb, $$Secondaire = réaction à l’hypocalcémie d’origine rénale ou vit. D.$$, 6, '2025-11-02T17:52:04.979Z');
INSERT INTO "Question" (id, "chapterId", "questionText", options, explanation, "orderIndex", "createdAt") VALUES ('cmhi0ddgl00c6k498205xex9s', 'cmhi0ddgj00c4k4980nvofm16', $$Rôle de la parathormone (PTH)$$, $$[{"text":"Elle augmente la réabsorption rénale du calcium.","isCorrect":true},{"text":"Elle augmente la réabsorption du phosphate.","isCorrect":false,"justification":"La PTH la diminue."},{"text":"Elle stimule la 1-α-hydroxylase rénale.","isCorrect":true},{"text":"Elle inhibe la résorption osseuse.","isCorrect":false,"justification":"Elle l’augmente."},{"text":"Elle abaisse la calcémie.","isCorrect":false,"justification":"Elle l’élève."}]$$::jsonb, $$La PTH augmente la calcémie par action sur os, reins et vitamine D.$$, 0, '2025-11-02T17:52:04.965Z');
INSERT INTO "Question" (id, "chapterId", "questionText", options, explanation, "orderIndex", "createdAt") VALUES ('cmhi0ddgn00c8k498h2dyd6li', 'cmhi0ddgj00c4k4980nvofm16', $$Hyperparathyroïdie primaire$$, $$[{"text":"Souvent due à un adénome parathyroïdien.","isCorrect":true},{"text":"S’accompagne d’hypocalcémie.","isCorrect":false,"justification":"Hypercalcémie."},{"text":"Provoque polyurie et lithiases rénales.","isCorrect":true},{"text":"S’accompagne d’hypophosphorémie.","isCorrect":true},{"text":"PTH abaissée.","isCorrect":false,"justification":"PTH élevée."}]$$::jsonb, $$Hyperparathyroïdie = adénome → PTH↑ → Ca²⁺↑ + PO₄³⁻↓ + lithiases.$$, 1, '2025-11-02T17:52:04.967Z');
INSERT INTO "Question" (id, "chapterId", "questionText", options, explanation, "orderIndex", "createdAt") VALUES ('cmhi0ddgp00cak4981i6l6kae', 'cmhi0ddgj00c4k4980nvofm16', $$Signes osseux de l’hyperparathyroïdie$$, $$[{"text":"Déminéralisation généralisée.","isCorrect":true},{"text":"Ostéite fibrokystique de Recklinghausen.","isCorrect":true},{"text":"Fractures spontanées.","isCorrect":true},{"text":"Hyperostose cranienne.","isCorrect":false,"justification":"Résorption, non sclérose."},{"text":"Ostéosclérose lombaire.","isCorrect":false,"justification":"Lésions lytique, pas sclérose."}]$$::jsonb, $$L’atteinte osseuse est lythique : ostéite fibrokystique et fractures.$$, 2, '2025-11-02T17:52:04.970Z');
INSERT INTO "Question" (id, "chapterId", "questionText", options, explanation, "orderIndex", "createdAt") VALUES ('cmhi0ddgs00cck4989bebf811', 'cmhi0ddgj00c4k4980nvofm16', $$Manifestations rénales$$, $$[{"text":"Lithiases calciques récidivantes.","isCorrect":true},{"text":"Polyurie-polydipsie.","isCorrect":true},{"text":"Insuffisance rénale chronique fréquente.","isCorrect":true},{"text":"Néphrocalcinose rare.","isCorrect":false,"justification":"Souvent présente."},{"text":"Protéinurie glomérulaire majeure.","isCorrect":false,"justification":"Tubulaire faible."}]$$::jsonb, $$Le rein est touché → lithiases, néphrocalcinose, IRC.$$, 3, '2025-11-02T17:52:04.972Z');
INSERT INTO "Question" (id, "chapterId", "questionText", options, explanation, "orderIndex", "createdAt") VALUES ('cmhi0ddgu00cek498y42gq13p', 'cmhi0ddgj00c4k4980nvofm16', $$Troubles digestifs liés à l’hypercalcémie$$, $$[{"text":"Constipation.","isCorrect":true},{"text":"Nausées et vomissements.","isCorrect":true},{"text":"Ulcère gastroduodénal.","isCorrect":true},{"text":"Diarrhée profuse.","isCorrect":false,"justification":"Transit ralenti."},{"text":"Pancréatite aiguë possible.","isCorrect":true}]$$::jsonb, $$L’hypercalcémie ralentit le tube digestif et peut induire une pancréatite.$$, 4, '2025-11-02T17:52:04.974Z');
INSERT INTO "Question" (id, "chapterId", "questionText", options, explanation, "orderIndex", "createdAt") VALUES ('cmhi0ddh000ckk4986j6rky7r', 'cmhi0ddgj00c4k4980nvofm16', $$Hyperparathyroïdie tertiaire$$, $$[{"text":"Conséquence d’une secondaire ancienne.","isCorrect":true},{"text":"Autonomisation d’une sécrétion PTH.","isCorrect":true},{"text":"Survient après greffe rénale.","isCorrect":true},{"text":"Calcémie basse.","isCorrect":false,"justification":"Re-élevée."},{"text":"PTH normale.","isCorrect":false,"justification":"Toujours ↑."}]$$::jsonb, $$Tertiaire = autonomie parathyroïdienne post-IRC avec hypercalcémie.$$, 7, '2025-11-02T17:52:04.980Z');
INSERT INTO "Question" (id, "chapterId", "questionText", options, explanation, "orderIndex", "createdAt") VALUES ('cmhi0ddh200cmk498xos5fkoh', 'cmhi0ddgj00c4k4980nvofm16', $$Hypoparathyroïdie$$, $$[{"text":"PTH basse → hypocalcémie.","isCorrect":true},{"text":"Crise de tétanie possible.","isCorrect":true},{"text":"Hyperphosphorémie.","isCorrect":true},{"text":"QT raccourci.","isCorrect":false,"justification":"QT allongé."},{"text":"Paresthésies péribuccales.","isCorrect":true}]$$::jsonb, $$Hypoparathyroïdie = PTH↓ → Ca²⁺↓, PO₄³⁻↑, tétanie.$$, 8, '2025-11-02T17:52:04.982Z');
INSERT INTO "Question" (id, "chapterId", "questionText", options, explanation, "orderIndex", "createdAt") VALUES ('cmhi0ddh300cok498yft5ot89', 'cmhi0ddgj00c4k4980nvofm16', $$Signes cliniques de l’hypocalcémie$$, $$[{"text":"Tétanie musculaire.","isCorrect":true},{"text":"Signe de Chvostek positif.","isCorrect":true},{"text":"Trousseau : spasm carpien après garrot.","isCorrect":true},{"text":"QT court.","isCorrect":false,"justification":"Long."},{"text":"Tachycardie.","isCorrect":false,"justification":"Bradycardie."}]$$::jsonb, $$Hypocalcémie = hyperexcitabilité neuromusculaire ± ECG QT↑.$$, 9, '2025-11-02T17:52:04.983Z');
INSERT INTO "Question" (id, "chapterId", "questionText", options, explanation, "orderIndex", "createdAt") VALUES ('cmhi0ddh500cqk49852frmeou', 'cmhi0ddgj00c4k4980nvofm16', $$Causes d’hypoparathyroïdie$$, $$[{"text":"Post-chirurgicale (thyroïdectomie).","isCorrect":true},{"text":"Auto-immune.","isCorrect":true},{"text":"Congénitale (syndrome Di George).","isCorrect":true},{"text":"Toxique (métaux lourds).","isCorrect":true},{"text":"Hypercalcitoninémie.","isCorrect":false,"justification":"Non liée."}]$$::jsonb, $$Hypoparathyroïdie = post-chirurgie, auto-immune ou congénitale.$$, 10, '2025-11-02T17:52:04.985Z');
INSERT INTO "Question" (id, "chapterId", "questionText", options, explanation, "orderIndex", "createdAt") VALUES ('cmhi0ddh600csk498sca2ed54', 'cmhi0ddgj00c4k4980nvofm16', $$Biologie de l’hypoparathyroïdie$$, $$[{"text":"PTH basse.","isCorrect":true},{"text":"Calcémie basse.","isCorrect":true},{"text":"Phosphorémie élevée.","isCorrect":true},{"text":"Magnésémie normale.","isCorrect":false,"justification":"Souvent basse."},{"text":"QT normal.","isCorrect":false,"justification":"Allongé."}]$$::jsonb, $$Triade bio = PTH↓ + Ca²⁺↓ + PO₄³⁻↑.$$, 11, '2025-11-02T17:52:04.987Z');
INSERT INTO "Question" (id, "chapterId", "questionText", options, explanation, "orderIndex", "createdAt") VALUES ('cmhi0ddh800cuk4988qnymer4', 'cmhi0ddgj00c4k4980nvofm16', $$Crise de tétanie$$, $$[{"text":"Spasme carpien.","isCorrect":true},{"text":"Laryngospasme.","isCorrect":true},{"text":"Troubles respiratoires graves.","isCorrect":true},{"text":"Crise épileptiforme sans fièvre.","isCorrect":true},{"text":"Hyperréflexie tendineuse.","isCorrect":true}]$$::jsonb, $$Crise de tétanie = urgence hypocalcémique vitale.$$, 12, '2025-11-02T17:52:04.988Z');
INSERT INTO "Question" (id, "chapterId", "questionText", options, explanation, "orderIndex", "createdAt") VALUES ('cmhi0ddh900cwk498gk9fbmlm', 'cmhi0ddgj00c4k4980nvofm16', $$ECG de l’hypocalcémie$$, $$[{"text":"QT allongé.","isCorrect":true},{"text":"Ondes T aplaties.","isCorrect":true},{"text":"Troubles du rythme.","isCorrect":true},{"text":"Bloc AV haut grade.","isCorrect":false,"justification":"Rare."},{"text":"ST sous-dénivelé.","isCorrect":false,"justification":"Pas typique."}]$$::jsonb, $$Hypocalcémie = QT prolongé, troubles du rythme possibles.$$, 13, '2025-11-02T17:52:04.990Z');
INSERT INTO "Question" (id, "chapterId", "questionText", options, explanation, "orderIndex", "createdAt") VALUES ('cmhi0ddhb00cyk4989ang9uwj', 'cmhi0ddgj00c4k4980nvofm16', $$Causes d’hypercalcémie$$, $$[{"text":"Hyperparathyroïdie.","isCorrect":true},{"text":"Cancer osseux ou métastatique.","isCorrect":true},{"text":"Hypervitaminose D.","isCorrect":true},{"text":"Diurétiques thiazidiques.","isCorrect":true},{"text":"Hypoparathyroïdie.","isCorrect":false,"justification":"Hypocalcémie."}]$$::jsonb, $$Hypercalcémie = PTH↑ ou résorption osseuse ↑ ou vit D ↑.$$, 14, '2025-11-02T17:52:04.991Z');
INSERT INTO "Question" (id, "chapterId", "questionText", options, explanation, "orderIndex", "createdAt") VALUES ('cmhi0ddhd00d0k4987amenkoc', 'cmhi0ddgj00c4k4980nvofm16', $$Signes ECG de l’hypercalcémie$$, $$[{"text":"QT raccourci.","isCorrect":true},{"text":"Troubles du rythme ventriculaire.","isCorrect":true},{"text":"Bradycardie sinusale.","isCorrect":true},{"text":"QT long.","isCorrect":false,"justification":"Inverse."},{"text":"T négative.","isCorrect":false,"justification":"Non spécifique."}]$$::jsonb, $$Hypercalcémie → QT court, bradycardie, arythmies.$$, 15, '2025-11-02T17:52:04.994Z');
INSERT INTO "Question" (id, "chapterId", "questionText", options, explanation, "orderIndex", "createdAt") VALUES ('cmhi0ddhg00d2k498sab9x1nb', 'cmhi0ddgj00c4k4980nvofm16', $$Traitement hypercalcémie$$, $$[{"text":"Réhydratation NaCl 0,9 %.","isCorrect":true},{"text":"Diurétiques de l’anse (Furosémide).","isCorrect":true},{"text":"Biphosphonates.","isCorrect":true},{"text":"Vitamine D haute dose.","isCorrect":false,"justification":"Contre-indiquée."},{"text":"Corticothérapie si sarcoïdose.","isCorrect":true}]$$::jsonb, $$Traitement = réhydratation + furosémide + biphosphonates ± corticoïdes.$$, 16, '2025-11-02T17:52:04.996Z');
INSERT INTO "Question" (id, "chapterId", "questionText", options, explanation, "orderIndex", "createdAt") VALUES ('cmhi0ddhh00d4k498wphjs9sz', 'cmhi0ddgj00c4k4980nvofm16', $$Traitement de l’hypocalcémie$$, $$[{"text":"Gluconate de calcium IV.","isCorrect":true},{"text":"Correction du Mg²⁺.","isCorrect":true},{"text":"Apport vitamine D.","isCorrect":true},{"text":"Diurétiques thiazidiques.","isCorrect":false,"justification":"Aggravent."},{"text":"Furosémide IV.","isCorrect":false,"justification":"Favorise perte Ca²⁺."}]$$::jsonb, $$Hypocalcémie = Ca²⁺ IV + Vit. D + corriger Mg²⁺.$$, 17, '2025-11-02T17:52:04.998Z');
INSERT INTO "Question" (id, "chapterId", "questionText", options, explanation, "orderIndex", "createdAt") VALUES ('cmhi0ddhj00d6k4980otfmthz', 'cmhi0ddgj00c4k4980nvofm16', $$Dosages biologiques à demander$$, $$[{"text":"Calcium total et ionisé.","isCorrect":true},{"text":"Phosphore.","isCorrect":true},{"text":"Magnésium.","isCorrect":true},{"text":"PTH.","isCorrect":true},{"text":"TSH.","isCorrect":false,"justification":"Pas en première intention."}]$$::jsonb, $$Le bilan biologique de calcium associe Ca, PO₄, Mg, PTH.$$, 18, '2025-11-02T17:52:04.999Z');
INSERT INTO "Question" (id, "chapterId", "questionText", options, explanation, "orderIndex", "createdAt") VALUES ('cmhi0ddhk00d8k4985tgl1p2c', 'cmhi0ddgj00c4k4980nvofm16', $$Complications chroniques$$, $$[{"text":"Calcifications vasculaires.","isCorrect":true},{"text":"Néphrocalcinose.","isCorrect":true},{"text":"Troubles cardiaques.","isCorrect":true},{"text":"Ostéite fibrokystique.","isCorrect":true},{"text":"Hypokaliémie sévère.","isCorrect":false,"justification":"Non liée."}]$$::jsonb, $$Les complications chroniques dérivent de l’hypercalcémie prolongée.$$, 19, '2025-11-02T17:52:05.001Z');
INSERT INTO "Chapter" (id, "subjectId", title, description, "orderIndex", "pdfUrl", "createdAt") VALUES ('cmhi0ddhn00dak498f4cyevzn', 'cmhi0ddgc00c2k498wjm0hlhk', $$Chapitre 2 – Pathologies cortico-surrénaliennes$$, NULL, 2, NULL, '2025-11-02T17:52:05.003Z');
INSERT INTO "Question" (id, "chapterId", "questionText", options, explanation, "orderIndex", "createdAt") VALUES ('cmhi0ddhq00dek498mn88bh1t', 'cmhi0ddhn00dak498f4cyevzn', $$ICS primaire (Addison)$$, $$[{"text":"Hypotension orthostatique.","isCorrect":true},{"text":"Mélanodermie.","isCorrect":true},{"text":"Hypernatrémie.","isCorrect":false,"justification":"Hyponatrémie."},{"text":"Hyperkaliémie.","isCorrect":true},{"text":"Pâleur cutanée.","isCorrect":false,"justification":"Coloration mélanique."}]$$::jsonb, $$Addison = mélanodermie + hypoTA + Na↓ + K↑.$$, 1, '2025-11-02T17:52:05.006Z');
INSERT INTO "Question" (id, "chapterId", "questionText", options, explanation, "orderIndex", "createdAt") VALUES ('cmhi0ddht00dgk4987xrugbbf', 'cmhi0ddhn00dak498f4cyevzn', $$ICS secondaire (hypophysaire)$$, $$[{"text":"Absence de mélanodermie.","isCorrect":true},{"text":"ACTH basse.","isCorrect":true},{"text":"Aldostérone conservée.","isCorrect":true},{"text":"Cortisol élevé.","isCorrect":false,"justification":"Bas."},{"text":"Hyperpigmentation marquée.","isCorrect":false,"justification":"Absente."}]$$::jsonb, $$ICS secondaire = ACTH basse, pas de mélanodermie, aldostérone normale.$$, 2, '2025-11-02T17:52:05.009Z');
INSERT INTO "Question" (id, "chapterId", "questionText", options, explanation, "orderIndex", "createdAt") VALUES ('cmhi0ddho00dck4981bkpvb2k', 'cmhi0ddhn00dak498f4cyevzn', $$Insuffisance corticosurrénalienne (ICS) : définition$$, $$[{"text":"Déficit de sécrétion du cortisol et/ou d’aldostérone.","isCorrect":true},{"text":"Excès d’adrénaline médullosurrénalienne.","isCorrect":false,"justification":"C’est l’inverse."},{"text":"D’origine toujours hypophysaire.","isCorrect":false,"justification":"Peut être primitive (Addison) ou secondaire."},{"text":"Touche préférentiellement les femmes.","isCorrect":true}]$$::jsonb, $$L’ICS = défaut de cortisol ± aldostérone, souvent auto-immune et féminine.$$, 0, '2025-11-02T17:52:05.005Z');
INSERT INTO "Question" (id, "chapterId", "questionText", options, explanation, "orderIndex", "createdAt") VALUES ('cmhi0ddhv00dik498jc26vq8b', 'cmhi0ddhn00dak498f4cyevzn', $$Forme aiguë d’ICS$$, $$[{"text":"Choc collapsus.","isCorrect":true},{"text":"Hypoglycémie sévère.","isCorrect":true},{"text":"Hyperthermie intense.","isCorrect":false,"justification":"Normo- ou hypothermie."},{"text":"Vomissements, diarrhée, déshydratation.","isCorrect":true},{"text":"Bradycardie réflexe.","isCorrect":false,"justification":"Tachycardie compensatrice."}]$$::jsonb, $$ICS aiguë = choc + troubles digestifs + hypoglycémie.$$, 3, '2025-11-02T17:52:05.012Z');
INSERT INTO "Question" (id, "chapterId", "questionText", options, explanation, "orderIndex", "createdAt") VALUES ('cmhi0ddhx00dkk498pw6x8zd0', 'cmhi0ddhn00dak498f4cyevzn', $$Biologie de l’ICS$$, $$[{"text":"Na ↓ K ↑ glycémie ↓.","isCorrect":true},{"text":"Cortisol urinaire ↑.","isCorrect":false,"justification":"Baisse."},{"text":"ACTH ↑ dans Addison.","isCorrect":true},{"text":"Réponse normale au Synacthène.","isCorrect":false,"justification":"Nulle ou faible."},{"text":"Alcalose métabolique.","isCorrect":false,"justification":"Acidose."}]$$::jsonb, $$ICS = Na↓ K↑ gly↓ ACTH↑ cortisol ↓.$$, 4, '2025-11-02T17:52:05.013Z');
INSERT INTO "Question" (id, "chapterId", "questionText", options, explanation, "orderIndex", "createdAt") VALUES ('cmhi0ddhz00dmk4982owh4r9k', 'cmhi0ddhn00dak498f4cyevzn', $$Traitement de l’ICS$$, $$[{"text":"Hydrocortisone per os ou IV.","isCorrect":true},{"text":"Fludrocortisone pour le remplacement minéralocorticoïde.","isCorrect":true},{"text":"Administration unique matinale.","isCorrect":true},{"text":"Arrêt brutal sans danger.","isCorrect":false,"justification":"Risque de crise addisonienne."},{"text":"Régime pauvre en sel.","isCorrect":false,"justification":"Riche en sel."}]$$::jsonb, $$Substitution = hydrocortisone + fludrocortisone, jamais arrêt brutal.$$, 5, '2025-11-02T17:52:05.015Z');
INSERT INTO "Question" (id, "chapterId", "questionText", options, explanation, "orderIndex", "createdAt") VALUES ('cmhi0ddi000dok4982tq0s5ck', 'cmhi0ddhn00dak498f4cyevzn', $$Syndrome de Cushing (hypercorticisme)$$, $$[{"text":"Prise de poids centripète.","isCorrect":true},{"text":"Amyotrophie des membres.","isCorrect":true},{"text":"Hypotension chronique.","isCorrect":false,"justification":"HTA fréquente."},{"text":"Hirsutisme féminin.","isCorrect":true},{"text":"Vergetures fines rosées.","isCorrect":false,"justification":"Larges violacées."}]$$::jsonb, $$Cushing = obésité centrale, amyotrophie, HTA, hirsutisme, vergetures violacées.$$, 6, '2025-11-02T17:52:05.016Z');
INSERT INTO "Question" (id, "chapterId", "questionText", options, explanation, "orderIndex", "createdAt") VALUES ('cmhi0ddi200dqk498tu3faz9c', 'cmhi0ddhn00dak498f4cyevzn', $$Cushing iatrogène$$, $$[{"text":"Lié aux corticoïdes prolongés.","isCorrect":true},{"text":"ACTH basse.","isCorrect":true},{"text":"Cortisol libre ↑.","isCorrect":false,"justification":"Endogène bloqué."},{"text":"Réversible après arrêt.","isCorrect":true},{"text":"Hyperpigmentation.","isCorrect":false,"justification":"Pas de stimulation ACTH."}]$$::jsonb, $$Cushing iatrogène = ACTH basse + origine médicamenteuse.$$, 7, '2025-11-02T17:52:05.018Z');
INSERT INTO "Question" (id, "chapterId", "questionText", options, explanation, "orderIndex", "createdAt") VALUES ('cmhi0ddi300dsk4986rs4d2bc', 'cmhi0ddhn00dak498f4cyevzn', $$Cushing endogène$$, $$[{"text":"ACTH ↑ (origine hypophysaire).","isCorrect":true},{"text":"Cortisol non freiné au dexaméthasone test.","isCorrect":true},{"text":"Hypokaliémie.","isCorrect":true},{"text":"PTH ↑.","isCorrect":false,"justification":"Aucune relation."},{"text":"Diabète rare.","isCorrect":false,"justification":"Fréquent."}]$$::jsonb, $$Endogène = ACTH↑, cortisol autonome, hypokaliémie, HTA, diabète.$$, 8, '2025-11-02T17:52:05.020Z');
INSERT INTO "Question" (id, "chapterId", "questionText", options, explanation, "orderIndex", "createdAt") VALUES ('cmhi0ddi500duk4986wfszxqr', 'cmhi0ddhn00dak498f4cyevzn', $$Syndrome de Conn (hyperaldostéronisme primaire)$$, $$[{"text":"HTA avec hypokaliémie.","isCorrect":true},{"text":"Hyperkaliémie.","isCorrect":false,"justification":"Inverse."},{"text":"Alcalose métabolique.","isCorrect":true},{"text":"Paresthésies, crampes.","isCorrect":true},{"text":"Na ↓.","isCorrect":false,"justification":"Na ↑ ou N."}]$$::jsonb, $$Conn = HTA + K↓ + alcalose.$$, 9, '2025-11-02T17:52:05.021Z');
INSERT INTO "Question" (id, "chapterId", "questionText", options, explanation, "orderIndex", "createdAt") VALUES ('cmhi0ddi700dwk498jvr0yc76', 'cmhi0ddhn00dak498f4cyevzn', $$Exploration du Conn$$, $$[{"text":"Aldostérone ↑.","isCorrect":true},{"text":"Rénine plasmatique ↑.","isCorrect":false,"justification":"Basse."},{"text":"Rapport Aldo/Rénine ↑.","isCorrect":true},{"text":"Suppression au test salin.","isCorrect":false,"justification":"Pas de freination."},{"text":"Tumeur bilatérale.","isCorrect":false,"justification":"Souvent unilatérale."}]$$::jsonb, $$Hyperaldo = Aldo↑ Rénine↓ → rapport ↑.$$, 10, '2025-11-02T17:52:05.023Z');
INSERT INTO "Question" (id, "chapterId", "questionText", options, explanation, "orderIndex", "createdAt") VALUES ('cmhi0ddi800dyk498cbzef748', 'cmhi0ddhn00dak498f4cyevzn', $$Phéochromocytome$$, $$[{"text":"Tumeur médullosurrénale sécrétant adrénaline/noradrénaline.","isCorrect":true},{"text":"Crises de pâleur, palpitations, céphalées.","isCorrect":true},{"text":"Hypotension chronique.","isCorrect":false,"justification":"HTA paroxystique."},{"text":"Dosage du cortisol.","isCorrect":false,"justification":"Métanéphrines."},{"text":"Traitement chirurgical sans préparation.","isCorrect":false,"justification":"Blocage alpha préopératoire indispensable."}]$$::jsonb, $$Phéochromocytome = HTA paroxystique + adrénaline ↑ → chirurgie après bloc alpha.$$, 11, '2025-11-02T17:52:05.025Z');
INSERT INTO "Question" (id, "chapterId", "questionText", options, explanation, "orderIndex", "createdAt") VALUES ('cmhi0ddib00e0k4981bhqj57j', 'cmhi0ddhn00dak498f4cyevzn', $$Hyperandrogénisme surrénalien$$, $$[{"text":"Virilisation féminine.","isCorrect":true},{"text":"Accélération de la pilosité.","isCorrect":true},{"text":"Voix aiguë.","isCorrect":false,"justification":"Grave."},{"text":"Aménorrhée.","isCorrect":true},{"text":"Hyperglycémie.","isCorrect":false,"justification":"Non constante."}]$$::jsonb, $$Hyperandrogénisme = virilisation, hirsutisme, aménorrhée.$$, 12, '2025-11-02T17:52:05.027Z');
INSERT INTO "Question" (id, "chapterId", "questionText", options, explanation, "orderIndex", "createdAt") VALUES ('cmhi0ddic00e2k4989pj75296', 'cmhi0ddhn00dak498f4cyevzn', $$Causes de l’hyperandrogénisme$$, $$[{"text":"Tumeur surrénalienne.","isCorrect":true},{"text":"Hyperplasie congénitale des surrénales.","isCorrect":true},{"text":"Syndrome des ovaires polykystiques.","isCorrect":true},{"text":"Hypothyroïdie.","isCorrect":false,"justification":"Aucun lien."},{"text":"Carence en vit D.","isCorrect":false,"justification":"Non liée."}]$$::jsonb, $$Trois causes majeures : tumeur, hyperplasie, SOPK.$$, 13, '2025-11-02T17:52:05.029Z');
INSERT INTO "Question" (id, "chapterId", "questionText", options, explanation, "orderIndex", "createdAt") VALUES ('cmhi0ddie00e4k498rkt4oyjn', 'cmhi0ddhn00dak498f4cyevzn', $$ICS chronique auto-immune$$, $$[{"text":"Anticorps anti-21-hydroxylase.","isCorrect":true},{"text":"Atteinte isolée surrénale.","isCorrect":true},{"text":"Polyendocrinopathie auto-immune possible.","isCorrect":true},{"text":"Pigmentation absente.","isCorrect":false,"justification":"Présente."},{"text":"Cortisol ↑.","isCorrect":false,"justification":"Bas."}]$$::jsonb, $$Addison auto-immune = anti-21OH + polyendocrinopathie.$$, 14, '2025-11-02T17:52:05.030Z');
INSERT INTO "Question" (id, "chapterId", "questionText", options, explanation, "orderIndex", "createdAt") VALUES ('cmhi0ddig00e6k4984zkm36rk', 'cmhi0ddhn00dak498f4cyevzn', $$Signes biologiques du Cushing$$, $$[{"text":"Cortisol libre urinaire ↑.","isCorrect":true},{"text":"Glycémie ↑.","isCorrect":true},{"text":"K ↑.","isCorrect":false,"justification":"K ↓."},{"text":"ACTH ↓ dans forme hypophysaire.","isCorrect":false,"justification":"↑."},{"text":"Na ↓.","isCorrect":false,"justification":"Na ↑."}]$$::jsonb, $$Cushing = cortisol ↑ → Na↑ K↓ gly↑.$$, 15, '2025-11-02T17:52:05.032Z');
INSERT INTO "Question" (id, "chapterId", "questionText", options, explanation, "orderIndex", "createdAt") VALUES ('cmhi0ddih00e8k49849xjic90', 'cmhi0ddhn00dak498f4cyevzn', $$Traitement du Cushing$$, $$[{"text":"Chirurgie de l’adénome hypophysaire.","isCorrect":true},{"text":"Arrêt progressif des corticoïdes.","isCorrect":true},{"text":"Mitotane ou kétoconazole pour freiner la stéroïdogenèse.","isCorrect":true},{"text":"Résection bilatérale sans hormonothérapie.","isCorrect":false,"justification":"Substitution post-op."},{"text":"Surveillance du cortisol urinaire.","isCorrect":true}]$$::jsonb, $$Cushing = chirurgie ± freinateurs ± substitution.$$, 16, '2025-11-02T17:52:05.034Z');
INSERT INTO "Question" (id, "chapterId", "questionText", options, explanation, "orderIndex", "createdAt") VALUES ('cmhi0ddij00eak498uofpt7lk', 'cmhi0ddhn00dak498f4cyevzn', $$ICS aiguë : urgence$$, $$[{"text":"Cortisol IV immédiat.","isCorrect":true},{"text":"Remplissage salé.","isCorrect":true},{"text":"Glucose 10 %.","isCorrect":true},{"text":"Pas de recherche étiologique.","isCorrect":false,"justification":"Après stabilisation."},{"text":"Hydrocortisone orale seule.","isCorrect":false,"justification":"IV nécessaire."}]$$::jsonb, $$Crise addisonienne = urgence → hydrocortisone IV + NaCl + glucose.$$, 17, '2025-11-02T17:52:05.035Z');
INSERT INTO "Question" (id, "chapterId", "questionText", options, explanation, "orderIndex", "createdAt") VALUES ('cmhi0ddik00eck498y7j5czf1', 'cmhi0ddhn00dak498f4cyevzn', $$Syndrome de Cushing et obésité$$, $$[{"text":"Obésité centrale.","isCorrect":true},{"text":"Amyotrophie membres.","isCorrect":true},{"text":"Ostéoporose.","isCorrect":true},{"text":"Hyperpigmentation diffuse.","isCorrect":false,"justification":"Formes ACTH ↑ seulement."},{"text":"Hypotension.","isCorrect":false,"justification":"HTA."}]$$::jsonb, $$Cushing = obésité centrale + amyotrophie + ostéoporose + HTA.$$, 18, '2025-11-02T17:52:05.037Z');
INSERT INTO "Question" (id, "chapterId", "questionText", options, explanation, "orderIndex", "createdAt") VALUES ('cmhi0ddim00eek498ua0ytqj4', 'cmhi0ddhn00dak498f4cyevzn', $$Syndrome de Conn : traitement$$, $$[{"text":"Spironolactone.","isCorrect":true},{"text":"Amiloride.","isCorrect":true},{"text":"Chirurgie si adénome unique.","isCorrect":true},{"text":"Diurétiques thiazidiques.","isCorrect":false,"justification":"Aggravent K↓."},{"text":"Fludrocortisone.","isCorrect":false,"justification":"Contre-indiquée."}]$$::jsonb, $$Conn = spironolactone + chirurgie étiologique.$$, 19, '2025-11-02T17:52:05.038Z');
INSERT INTO "Question" (id, "chapterId", "questionText", options, explanation, "orderIndex", "createdAt") VALUES ('cmhi0ddio00egk498iokv5sj1', 'cmhi0ddhn00dak498f4cyevzn', $$Phéochromocytome : diagnostic$$, $$[{"text":"Métanéphrines urinaires 24 h.","isCorrect":true},{"text":"Dosage plasmatiques catécholamines.","isCorrect":true},{"text":"Scanner abdomino-pelvien.","isCorrect":true},{"text":"IRM surrénales.","isCorrect":true},{"text":"Test au Synacthène.","isCorrect":false,"justification":"ICS."}]$$::jsonb, $$Diagnostic = catécholamines ↑ + imagerie localisation.$$, 20, '2025-11-02T17:52:05.040Z');
INSERT INTO "Question" (id, "chapterId", "questionText", options, explanation, "orderIndex", "createdAt") VALUES ('cmhi0ddip00eik49850g16rmh', 'cmhi0ddhn00dak498f4cyevzn', $$Phéochromocytome : complications$$, $$[{"text":"Crises hypertensives.","isCorrect":true},{"text":"Œdème pulmonaire aigu.","isCorrect":true},{"text":"Arythmies.","isCorrect":true},{"text":"Hypotension chronique.","isCorrect":false,"justification":"HTA."},{"text":"Choc hypovolémique.","isCorrect":false,"justification":"Hyperadrénergique."}]$$::jsonb, $$Complications = HTA aiguë, troubles du rythme, OAP.$$, 21, '2025-11-02T17:52:05.042Z');
INSERT INTO "Question" (id, "chapterId", "questionText", options, explanation, "orderIndex", "createdAt") VALUES ('cmhi0ddis00ekk49836n1olau', 'cmhi0ddhn00dak498f4cyevzn', $$ICS secondaire : causes$$, $$[{"text":"Tumeur hypophysaire.","isCorrect":true},{"text":"Corticothérapie prolongée.","isCorrect":true},{"text":"Hypophysectomie.","isCorrect":true},{"text":"Maladie auto-immune.","isCorrect":false,"justification":"Addison."},{"text":"Infection tuberculeuse.","isCorrect":false,"justification":"Addison primaire."}]$$::jsonb, $$ICS secondaire = cause hypophysaire ou iatrogène.$$, 22, '2025-11-02T17:52:05.044Z');
INSERT INTO "Question" (id, "chapterId", "questionText", options, explanation, "orderIndex", "createdAt") VALUES ('cmhi0ddit00emk4984z4r4riw', 'cmhi0ddhn00dak498f4cyevzn', $$Syndrome mixte surrénalien$$, $$[{"text":"Associe hypercorticisme et hyperandrogénisme.","isCorrect":true},{"text":"S’observe dans les tumeurs mixtes.","isCorrect":true},{"text":"Hypotension.","isCorrect":false,"justification":"HTA."},{"text":"Ostéosclérose.","isCorrect":false,"justification":"Ostéoporose."},{"text":"Hypoglycémie.","isCorrect":false,"justification":"Hyperglycémie."}]$$::jsonb, $$Tumeurs mixtes → Cushing + virilisation.$$, 23, '2025-11-02T17:52:05.046Z');
INSERT INTO "Question" (id, "chapterId", "questionText", options, explanation, "orderIndex", "createdAt") VALUES ('cmhi0ddiv00eok4989m3j63oq', 'cmhi0ddhn00dak498f4cyevzn', $$Récapitulatif surrénalien$$, $$[{"text":"ICS → hypoTA, Na↓, K↑.","isCorrect":true},{"text":"Cushing → HTA, Na↑, K↓.","isCorrect":true},{"text":"Conn → HTA, K↓, alcalose.","isCorrect":true},{"text":"Phéochromocytome → crises HTA, catécholamines ↑.","isCorrect":true},{"text":"Hyperandrogénisme → hirsutisme féminin.","isCorrect":true}]$$::jsonb, $$Les syndromes surrénaliens combinent déficits ou excès hormonaux selon la zone touchée.$$, 24, '2025-11-02T17:52:05.047Z');
INSERT INTO "Chapter" (id, "subjectId", title, description, "orderIndex", "pdfUrl", "createdAt") VALUES ('cmhi0ddix00eqk498jfvq9v25', 'cmhi0ddgc00c2k498wjm0hlhk', $$Chapitre 3 – Sémiologie thyroïdienne$$, NULL, 3, NULL, '2025-11-02T17:52:05.050Z');
INSERT INTO "Question" (id, "chapterId", "questionText", options, explanation, "orderIndex", "createdAt") VALUES ('cmhi0ddj500f0k498c3768y7j', 'cmhi0ddix00eqk498jfvq9v25', $$Signes oculaires (Basedow)$$, $$[{"text":"Exophtalmie bilatérale.","isCorrect":true},{"text":"Rétraction palpébrale.","isCorrect":true},{"text":"Œdème palpébral inflammatoire.","isCorrect":true},{"text":"Myosis bilatéral.","isCorrect":false,"justification":"Myosis = parasympathique."},{"text":"Diplopie fréquente.","isCorrect":true}]$$::jsonb, $$Orbitopathie de Basedow = exophtalmie, rétraction palpébrale, diplopie.$$, 4, '2025-11-02T17:52:05.057Z');
INSERT INTO "Question" (id, "chapterId", "questionText", options, explanation, "orderIndex", "createdAt") VALUES ('cmhi0ddj700f2k4989nzj1t7f', 'cmhi0ddix00eqk498jfvq9v25', $$Signes digestifs$$, $$[{"text":"Polyphagie.","isCorrect":true},{"text":"Transit accéléré.","isCorrect":true},{"text":"Diarrhée graisseuse.","isCorrect":false,"justification":"Non spécifique."},{"text":"Constipation.","isCorrect":false,"justification":"Hypothyroïdie."},{"text":"Nausées incoercibles.","isCorrect":false,"justification":"Rares."}]$$::jsonb, $$Hyperthyroïdie = polyphagie + transit rapide.$$, 5, '2025-11-02T17:52:05.059Z');
INSERT INTO "Question" (id, "chapterId", "questionText", options, explanation, "orderIndex", "createdAt") VALUES ('cmhi0ddiz00esk498mwyby3se', 'cmhi0ddix00eqk498jfvq9v25', $$Rappels physiologiques$$, $$[{"text":"La TSH est sécrétée par l’hypophyse antérieure.","isCorrect":true},{"text":"La TRH stimule la sécrétion de TSH.","isCorrect":true},{"text":"La T4 est la forme la plus active.","isCorrect":false,"justification":"C’est la T3."},{"text":"La T3 dérive de la désiodation périphérique de la T4.","isCorrect":true},{"text":"La TSH inhibe la TRH.","isCorrect":false,"justification":"Feedback inverse."}]$$::jsonb, $$L’axe TRH–TSH–thyroïde régule la T3 active et la T4 de réserve.$$, 0, '2025-11-02T17:52:05.051Z');
INSERT INTO "Question" (id, "chapterId", "questionText", options, explanation, "orderIndex", "createdAt") VALUES ('cmhi0ddj000euk498l0hjavwk', 'cmhi0ddix00eqk498jfvq9v25', $$Examen clinique de la thyroïde$$, $$[{"text":"L’inspection se fait cou en extension.","isCorrect":true},{"text":"La palpation se fait derrière le patient.","isCorrect":true},{"text":"Le goitre remonte à la déglutition.","isCorrect":true},{"text":"Une masse latérale évoque une thyroïdite.","isCorrect":false,"justification":"Kyste branchial ou adénopathie."},{"text":"L’auscultation peut révéler un souffle vasculaire.","isCorrect":true}]$$::jsonb, $$Le goitre remonte à la déglutition et peut s’accompagner d’un souffle systolique.$$, 1, '2025-11-02T17:52:05.053Z');
INSERT INTO "Question" (id, "chapterId", "questionText", options, explanation, "orderIndex", "createdAt") VALUES ('cmhi0ddj200ewk498ileavn03', 'cmhi0ddix00eqk498jfvq9v25', $$Hyperthyroïdie : signes généraux$$, $$[{"text":"Amaigrissement malgré polyphagie.","isCorrect":true},{"text":"Bradycardie régulière.","isCorrect":false,"justification":"Tachycardie."},{"text":"Nervosité et hyperactivité.","isCorrect":true},{"text":"Hypothermie.","isCorrect":false,"justification":"Thermophobie."},{"text":"Tremblements fins des extrémités.","isCorrect":true}]$$::jsonb, $$Hyperthyroïdie = métabolisme ↑, tachycardie, amaigrissement, agitation.$$, 2, '2025-11-02T17:52:05.054Z');
INSERT INTO "Question" (id, "chapterId", "questionText", options, explanation, "orderIndex", "createdAt") VALUES ('cmhi0ddj300eyk4982r98xb1a', 'cmhi0ddix00eqk498jfvq9v25', $$Signes cardiovasculaires$$, $$[{"text":"Tachycardie sinusale permanente.","isCorrect":true},{"text":"Fibrillation auriculaire possible.","isCorrect":true},{"text":"Pouls lent et régulier.","isCorrect":false,"justification":"Accéléré et irrégulier."},{"text":"Souffle systolique fonctionnel.","isCorrect":true},{"text":"Hypotension.","isCorrect":false,"justification":"HTA systolique."}]$$::jsonb, $$Hyperthyroïdie → tachycardie, FA, souffle fonctionnel, HTA systolique.$$, 3, '2025-11-02T17:52:05.056Z');
INSERT INTO "Question" (id, "chapterId", "questionText", options, explanation, "orderIndex", "createdAt") VALUES ('cmhi0ddj900f4k498hi2eap3v', 'cmhi0ddix00eqk498jfvq9v25', $$Signes neuropsychiques$$, $$[{"text":"Anxiété, irritabilité.","isCorrect":true},{"text":"Insomnie.","isCorrect":true},{"text":"Lenteur intellectuelle.","isCorrect":false,"justification":"Hypothyroïdie."},{"text":"Hypertonie réflexe.","isCorrect":true},{"text":"Hyporéflexie.","isCorrect":false,"justification":"Inverse."}]$$::jsonb, $$Le syndrome nerveux central est excitateur : insomnie, anxiété, réflexes vifs.$$, 6, '2025-11-02T17:52:05.061Z');
INSERT INTO "Question" (id, "chapterId", "questionText", options, explanation, "orderIndex", "createdAt") VALUES ('cmhi0ddjb00f6k4985glfpzv5', 'cmhi0ddix00eqk498jfvq9v25', $$Signes musculaires$$, $$[{"text":"Faiblesse proximale.","isCorrect":true},{"text":"Amyotrophie modérée.","isCorrect":true},{"text":"Crampes et myalgies.","isCorrect":true},{"text":"Fasciculations.","isCorrect":false,"justification":"Neurogène."},{"text":"Paralysie flasque.","isCorrect":false,"justification":"Rare."}]$$::jsonb, $$Hyperthyroïdie → myopathie proximale modérée, fatigabilité.$$, 7, '2025-11-02T17:52:05.063Z');
INSERT INTO "Question" (id, "chapterId", "questionText", options, explanation, "orderIndex", "createdAt") VALUES ('cmhi0ddjc00f8k498i90vr53c', 'cmhi0ddix00eqk498jfvq9v25', $$Hyperthyroïdie : biologie$$, $$[{"text":"T3 ↑, T4 ↑, TSH ↓.","isCorrect":true},{"text":"TSH ↑.","isCorrect":false,"justification":"Freinée."},{"text":"Fixation isotopique thyroïdienne ↑.","isCorrect":true},{"text":"Cholestérol ↑.","isCorrect":false,"justification":"Baisse."},{"text":"Glycémie ↑.","isCorrect":true}]$$::jsonb, $$Bilan = T3/T4↑, TSH↓, cholestérol↓.$$, 8, '2025-11-02T17:52:05.065Z');
INSERT INTO "Question" (id, "chapterId", "questionText", options, explanation, "orderIndex", "createdAt") VALUES ('cmhi0ddje00fak498e8ymurux', 'cmhi0ddix00eqk498jfvq9v25', $$Maladie de Basedow$$, $$[{"text":"Goitre vasculaire diffus.","isCorrect":true},{"text":"Exophtalmie bilatérale.","isCorrect":true},{"text":"T3↑, TSH basse.","isCorrect":true},{"text":"Anticorps anti-récepteurs de la TSH positifs.","isCorrect":true},{"text":"Bradycardie.","isCorrect":false,"justification":"Tachycardie."}]$$::jsonb, $$Basedow = goitre + exophtalmie + anticorps anti-TSHR.$$, 9, '2025-11-02T17:52:05.066Z');
INSERT INTO "Question" (id, "chapterId", "questionText", options, explanation, "orderIndex", "createdAt") VALUES ('cmhi0ddjg00fck498k82wm3qw', 'cmhi0ddix00eqk498jfvq9v25', $$Thyrotoxicose non Basedow$$, $$[{"text":"Thyroïdite de De Quervain.","isCorrect":true},{"text":"Goitre multinodulaire toxique.","isCorrect":true},{"text":"Adénome toxique solitaire.","isCorrect":true},{"text":"Excès exogène de T4.","isCorrect":true},{"text":"Thyroïdite auto-immune.","isCorrect":false,"justification":"Hashimoto → hypo."}]$$::jsonb, $$Hyperthyroïdie ≠ Basedow → adénome toxique, goitre nodulaire, thyroïdite.$$, 10, '2025-11-02T17:52:05.068Z');
INSERT INTO "Question" (id, "chapterId", "questionText", options, explanation, "orderIndex", "createdAt") VALUES ('cmhi0ddjh00fek498v5ztpriu', 'cmhi0ddix00eqk498jfvq9v25', $$Hypothyroïdie : signes généraux$$, $$[{"text":"Prise de poids modérée.","isCorrect":true},{"text":"Bradycardie.","isCorrect":true},{"text":"Hypothermie.","isCorrect":true},{"text":"Tachycardie.","isCorrect":false,"justification":"Inverse."},{"text":"Polyphagie.","isCorrect":false,"justification":"Anorexie."}]$$::jsonb, $$Hypothyroïdie = ralentissement général : bradycardie, hypothermie, prise de poids.$$, 11, '2025-11-02T17:52:05.070Z');
INSERT INTO "Question" (id, "chapterId", "questionText", options, explanation, "orderIndex", "createdAt") VALUES ('cmhi0ddjj00fgk498tfekeazz', 'cmhi0ddix00eqk498jfvq9v25', $$Signes cutanés$$, $$[{"text":"Peau sèche, froide, pâle.","isCorrect":true},{"text":"Myxœdème facial.","isCorrect":true},{"text":"Chute des cheveux et sourcils.","isCorrect":true},{"text":"Hyperhidrose.","isCorrect":false,"justification":"Sécheresse."},{"text":"Pigmentation diffuse.","isCorrect":false,"justification":"Addison."}]$$::jsonb, $$Hypothyroïdie → peau sèche, infiltrée, perte de poils, myxœdème.$$, 12, '2025-11-02T17:52:05.071Z');
INSERT INTO "Question" (id, "chapterId", "questionText", options, explanation, "orderIndex", "createdAt") VALUES ('cmhi0ddjl00fik498csfzq174', 'cmhi0ddix00eqk498jfvq9v25', $$Signes neurologiques$$, $$[{"text":"Lenteur idéomotrice.","isCorrect":true},{"text":"Réflexes ostéo-tendineux à relaxation lente.","isCorrect":true},{"text":"Tremblements fins.","isCorrect":false,"justification":"Hyperthyroïdie."},{"text":"Somnolence.","isCorrect":true},{"text":"Réflexes vifs.","isCorrect":false,"justification":"Diminués."}]$$::jsonb, $$Neurologique = ralentissement + ROT à détente lente.$$, 13, '2025-11-02T17:52:05.073Z');
INSERT INTO "Question" (id, "chapterId", "questionText", options, explanation, "orderIndex", "createdAt") VALUES ('cmhi0ddjn00fkk498hf5zmju9', 'cmhi0ddix00eqk498jfvq9v25', $$Hypothyroïdie : biologie$$, $$[{"text":"T3/T4 ↓, TSH ↑.","isCorrect":true},{"text":"TSH ↓ (forme centrale).","isCorrect":true},{"text":"Cholestérol ↑.","isCorrect":true},{"text":"Prolactine ↑ possible.","isCorrect":true},{"text":"Na ↑.","isCorrect":false,"justification":"Hyponatrémie."}]$$::jsonb, $$Hypothyroïdie → T3/T4↓, TSH↑ (ou ↓ centrale), cholestérol↑.$$, 14, '2025-11-02T17:52:05.075Z');
INSERT INTO "Question" (id, "chapterId", "questionText", options, explanation, "orderIndex", "createdAt") VALUES ('cmhi0ddjq00fmk498p9bnqodz', 'cmhi0ddix00eqk498jfvq9v25', $$Hypothyroïdie néonatale$$, $$[{"text":"Retard mental irréversible sans traitement.","isCorrect":true},{"text":"Macroglossie et hypotonie.","isCorrect":true},{"text":"Ictère prolongé.","isCorrect":true},{"text":"Tachycardie.","isCorrect":false,"justification":"Bradycardie."},{"text":"Traitement tardif efficace.","isCorrect":false,"justification":"Précoce indispensable."}]$$::jsonb, $$Hypothyroïdie néonatale = urgence endocrinienne : dépistage et L-thyroxine précoce.$$, 15, '2025-11-02T17:52:05.078Z');
INSERT INTO "Question" (id, "chapterId", "questionText", options, explanation, "orderIndex", "createdAt") VALUES ('cmhi0ddjs00fok4988io3b3wb', 'cmhi0ddix00eqk498jfvq9v25', $$Coma myxœdémateux$$, $$[{"text":"Hypothermie profonde.","isCorrect":true},{"text":"Bradycardie sévère.","isCorrect":true},{"text":"Hyponatrémie.","isCorrect":true},{"text":"Hyperglycémie.","isCorrect":false,"justification":"Hypoglycémie."},{"text":"TSH basse.","isCorrect":false,"justification":"TSH ↑ (forme primitive)."}]$$::jsonb, $$Coma myxœdémateux = urgence vitale, corriger hypoTA, hypothermie, hypoNa.$$, 16, '2025-11-02T17:52:05.080Z');
INSERT INTO "Question" (id, "chapterId", "questionText", options, explanation, "orderIndex", "createdAt") VALUES ('cmhi0ddju00fqk498ogek872q', 'cmhi0ddix00eqk498jfvq9v25', $$Goitre simple$$, $$[{"text":"Hypertrophie bénigne sans trouble hormonal.","isCorrect":true},{"text":"Fréquent en carence iodée.","isCorrect":true},{"text":"Compressif possible.","isCorrect":true},{"text":"Douleur intense.","isCorrect":false,"justification":"Indolore."},{"text":"TSH élevée.","isCorrect":false,"justification":"Normale."}]$$::jsonb, $$Goitre simple = bénin, carentiel, compressif parfois.$$, 17, '2025-11-02T17:52:05.082Z');
INSERT INTO "Question" (id, "chapterId", "questionText", options, explanation, "orderIndex", "createdAt") VALUES ('cmhi0ddjw00fsk498ot9gwu7s', 'cmhi0ddix00eqk498jfvq9v25', $$Thyroïdite de Hashimoto$$, $$[{"text":"Thyroïdite auto-immune chronique.","isCorrect":true},{"text":"Anticorps anti-TPO positifs.","isCorrect":true},{"text":"Évolution vers l’hyperthyroïdie permanente.","isCorrect":false,"justification":"Hypothyroïdie."},{"text":"Goitre ferme et indolore.","isCorrect":true},{"text":"TSH basse.","isCorrect":false,"justification":"TSH élevée."}]$$::jsonb, $$Hashimoto = thyroïdite auto-immune → hypothyroïdie progressive.$$, 18, '2025-11-02T17:52:05.084Z');
INSERT INTO "Question" (id, "chapterId", "questionText", options, explanation, "orderIndex", "createdAt") VALUES ('cmhi0ddjy00fuk498tx2kv631', 'cmhi0ddix00eqk498jfvq9v25', $$Thyroïdite de De Quervain$$, $$[{"text":"D’origine virale.","isCorrect":true},{"text":"Douleur cervicale importante.","isCorrect":true},{"text":"Phase initiale d’hyperthyroïdie transitoire.","isCorrect":true},{"text":"Goitre dur, indolore.","isCorrect":false,"justification":"Douloureux."},{"text":"TSH élevée.","isCorrect":false,"justification":"Basse au début."}]$$::jsonb, $$De Quervain = thyroïdite virale douloureuse avec hyperthyroïdie transitoire.$$, 19, '2025-11-02T17:52:05.087Z');
INSERT INTO "Question" (id, "chapterId", "questionText", options, explanation, "orderIndex", "createdAt") VALUES ('cmhi0ddk000fwk498md69ht2n', 'cmhi0ddix00eqk498jfvq9v25', $$Nodules thyroïdiens$$, $$[{"text":"Uniques ou multiples.","isCorrect":true},{"text":"La majorité bénins.","isCorrect":true},{"text":"Risque néoplasique ≈ 5–10 %.","isCorrect":true},{"text":"Chauds à la scintigraphie = malins.","isCorrect":false,"justification":"Froids = suspects."},{"text":"Associés à exophtalmie.","isCorrect":false,"justification":"Basedow."}]$$::jsonb, $$Nodule = fréquent, souvent bénin, “froid” suspect.$$, 20, '2025-11-02T17:52:05.088Z');
INSERT INTO "Question" (id, "chapterId", "questionText", options, explanation, "orderIndex", "createdAt") VALUES ('cmhi0ddk200fyk498iulxxatr', 'cmhi0ddix00eqk498jfvq9v25', $$Bilan thyroïdien$$, $$[{"text":"Dosage TSH en 1ʳᵉ intention.","isCorrect":true},{"text":"Si anormale → T4 libre.","isCorrect":true},{"text":"Anticorps anti-TPO pour auto-immunité.","isCorrect":true},{"text":"Biopsie toujours nécessaire.","isCorrect":false,"justification":"Seulement si nodule suspect."},{"text":"Scintigraphie en 1ʳᵉ ligne.","isCorrect":false,"justification":"Après biologie."}]$$::jsonb, $$Bilan = TSH → T4L → Ac anti-TPO.$$, 21, '2025-11-02T17:52:05.090Z');
INSERT INTO "Question" (id, "chapterId", "questionText", options, explanation, "orderIndex", "createdAt") VALUES ('cmhi0ddk400g0k4986elbkz8f', 'cmhi0ddix00eqk498jfvq9v25', $$Traitement de l’hypothyroïdie$$, $$[{"text":"L-thyroxine orale à vie.","isCorrect":true},{"text":"Surveillance TSH régulière.","isCorrect":true},{"text":"Début à faible dose chez sujet âgé.","isCorrect":true},{"text":"Arrêt possible si symptômes disparaissent.","isCorrect":false,"justification":"Traitement permanent."},{"text":"Prise le soir.","isCorrect":false,"justification":"Matin à jeun."}]$$::jsonb, $$Traitement = L-thyroxine matinale, titrée sur TSH.$$, 22, '2025-11-02T17:52:05.092Z');
INSERT INTO "Question" (id, "chapterId", "questionText", options, explanation, "orderIndex", "createdAt") VALUES ('cmhi0ddk600g2k498m24fdjx7', 'cmhi0ddix00eqk498jfvq9v25', $$Traitement de l’hyperthyroïdie$$, $$[{"text":"Antithyroïdiens de synthèse.","isCorrect":true},{"text":"Bêtabloquants.","isCorrect":true},{"text":"Iode radioactif (formes rebelles).","isCorrect":true},{"text":"Chirurgie sans préparation.","isCorrect":false,"justification":"Prétraitement obligatoire."},{"text":"Corticoïdes toujours nécessaires.","isCorrect":false,"justification":"Seulement orbitopathie."}]$$::jsonb, $$Hyperthyroïdie = ATS ± bêtabloquants ± iode ou chirurgie.$$, 23, '2025-11-02T17:52:05.095Z');
INSERT INTO "Question" (id, "chapterId", "questionText", options, explanation, "orderIndex", "createdAt") VALUES ('cmhi0ddk800g4k498cx6mthm5', 'cmhi0ddix00eqk498jfvq9v25', $$Crise thyrotoxique$$, $$[{"text":"Fièvre élevée.","isCorrect":true},{"text":"Tachycardie extrême.","isCorrect":true},{"text":"Troubles digestifs, agitation.","isCorrect":true},{"text":"Hypothermie.","isCorrect":false,"justification":"Hyperthermie."},{"text":"TSH ↑.","isCorrect":false,"justification":"TSH effondrée."}]$$::jsonb, $$Crise thyrotoxique = urgence vitale → antithyroïdiens + bêtabloquants + corticoïdes.$$, 24, '2025-11-02T17:52:05.097Z');
INSERT INTO "Chapter" (id, "subjectId", title, description, "orderIndex", "pdfUrl", "createdAt") VALUES ('cmhi0ddkb00g6k498xz2bo886', 'cmhi0ddgc00c2k498wjm0hlhk', $$Chapitre 4 – Sémiologie hypophysaire$$, NULL, 4, NULL, '2025-11-02T17:52:05.099Z');
INSERT INTO "Question" (id, "chapterId", "questionText", options, explanation, "orderIndex", "createdAt") VALUES ('cmhi0ddkd00g8k498zxx3c56n', 'cmhi0ddkb00g6k498xz2bo886', $$Rôle de l’hypophyse$$, $$[{"text":"Produit directement l’insuline.","isCorrect":false,"justification":"Sécrétée par le pancréas."},{"text":"Régule les glandes endocrines périphériques.","isCorrect":true},{"text":"Sécrète la GH, la TSH, l’ACTH, la FSH, la LH et la prolactine.","isCorrect":true},{"text":"N’a aucun lien avec l’hypothalamus.","isCorrect":false,"justification":"L’hypothalamus la contrôle via les RH/IH."},{"text":"Ne contient qu’un seul type cellulaire.","isCorrect":false,"justification":"Plusieurs types endocrines distincts."}]$$::jsonb, $$L’hypophyse est la glande chef d’orchestre du système endocrinien.$$, 0, '2025-11-02T17:52:05.101Z');
INSERT INTO "Question" (id, "chapterId", "questionText", options, explanation, "orderIndex", "createdAt") VALUES ('cmhi0ddkf00gak4980c4t9zxy', 'cmhi0ddkb00g6k498xz2bo886', $$Insuffisance antéhypophysaire globale$$, $$[{"text":"Provoque une hyperpigmentation cutanée.","isCorrect":false,"justification":"C’est l’Addison (ACTH↑)."},{"text":"Entraîne fatigue, amaigrissement et hypotension.","isCorrect":true},{"text":"Se manifeste par une aménorrhée chez la femme.","isCorrect":true},{"text":"S’accompagne d’hyperglycémie.","isCorrect":false,"justification":"Hypoglycémie par cortisol bas."},{"text":"Cause une hyperthyroïdie secondaire.","isCorrect":false,"justification":"Hypothyroïdie secondaire."}]$$::jsonb, $$L’hypopituitarisme global = pâleur, hypotension, aménorrhée, hypoglycémie.$$, 1, '2025-11-02T17:52:05.103Z');
INSERT INTO "Question" (id, "chapterId", "questionText", options, explanation, "orderIndex", "createdAt") VALUES ('cmhi0ddkg00gck498tjjs9988', 'cmhi0ddkb00g6k498xz2bo886', $$Syndrome de Sheehan$$, $$[{"text":"Résulte d’un adénome hypophysaire.","isCorrect":false,"justification":"Dû à ischémie post-partum."},{"text":"Survient après une hémorragie de délivrance.","isCorrect":true},{"text":"Provoque une nécrose antéhypophysaire.","isCorrect":true},{"text":"Se traduit par une hyperlactation.","isCorrect":false,"justification":"Agalactie (prolactine ↓)."},{"text":"Est fréquent chez l’homme.","isCorrect":false,"justification":"Uniquement post-partum."}]$$::jsonb, $$Syndrome de Sheehan = nécrose hypophysaire post-hémorragique → aménorrhée, agalactie, hypotension.$$, 2, '2025-11-02T17:52:05.105Z');
INSERT INTO "Question" (id, "chapterId", "questionText", options, explanation, "orderIndex", "createdAt") VALUES ('cmhi0ddki00gek4988eb900bc', 'cmhi0ddkb00g6k498xz2bo886', $$Hypopituitarisme partiel$$, $$[{"text":"Touche toujours toutes les hormones.","isCorrect":false,"justification":"Peut être sélectif."},{"text":"Le déficit gonadotrope provoque une impuissance.","isCorrect":true},{"text":"Le déficit thyréotrope cause une TSH basse.","isCorrect":true},{"text":"Le déficit corticotrope élève le cortisol.","isCorrect":false,"justification":"Cortisol bas."},{"text":"Le déficit somatotrope provoque une obésité androïde.","isCorrect":true}]$$::jsonb, $$L’hypopituitarisme peut être partiel, selon l’axe hormonal atteint.$$, 3, '2025-11-02T17:52:05.106Z');
INSERT INTO "Question" (id, "chapterId", "questionText", options, explanation, "orderIndex", "createdAt") VALUES ('cmhi0ddkk00ggk498tbh7np2h', 'cmhi0ddkb00g6k498xz2bo886', $$Insuffisance corticotrope$$, $$[{"text":"Se manifeste par une mélanodermie.","isCorrect":false,"justification":"ACTH basse donc pas de pigmentation."},{"text":"Provoque hypotension et asthénie.","isCorrect":true},{"text":"Cortisol plasmatique bas.","isCorrect":true},{"text":"ACTH élevée.","isCorrect":false,"justification":"Basse."},{"text":"Na et K normaux.","isCorrect":false,"justification":"Hyponatrémie, K normal."}]$$::jsonb, $$Déficit corticotrope = cortisol↓, ACTH↓, hypoTA sans hyperpigmentation.$$, 4, '2025-11-02T17:52:05.108Z');
INSERT INTO "Question" (id, "chapterId", "questionText", options, explanation, "orderIndex", "createdAt") VALUES ('cmhi0ddkm00gik498p6t8d9sr', 'cmhi0ddkb00g6k498xz2bo886', $$Insuffisance thyréotrope$$, $$[{"text":"T3 et T4 élevées.","isCorrect":false,"justification":"Basses."},{"text":"TSH basse.","isCorrect":true},{"text":"Myxœdème possible.","isCorrect":true},{"text":"Bradycardie et frilosité.","isCorrect":true},{"text":"Hyperréflexie.","isCorrect":false,"justification":"ROT lents."}]$$::jsonb, $$Hypothyroïdie secondaire = TSH↓, T3/T4↓, signes d’hypométabolisme.$$, 5, '2025-11-02T17:52:05.111Z');
INSERT INTO "Question" (id, "chapterId", "questionText", options, explanation, "orderIndex", "createdAt") VALUES ('cmhi0ddko00gkk498omikzvo5', 'cmhi0ddkb00g6k498xz2bo886', $$Insuffisance gonadotrope$$, $$[{"text":"Chez la femme : aménorrhée.","isCorrect":true},{"text":"Chez l’homme : impuissance.","isCorrect":true},{"text":"LH et FSH élevées.","isCorrect":false,"justification":"Basses."},{"text":"Atrophie gonadique.","isCorrect":true},{"text":"Pilosité conservée.","isCorrect":false,"justification":"Diminuée."}]$$::jsonb, $$Hypogonadisme hypogonadotrope = LH/FSH↓, stérilité, impuissance, aménorrhée.$$, 6, '2025-11-02T17:52:05.113Z');
INSERT INTO "Question" (id, "chapterId", "questionText", options, explanation, "orderIndex", "createdAt") VALUES ('cmhi0ddkq00gmk498fhn4rk3q', 'cmhi0ddkb00g6k498xz2bo886', $$Insuffisance somatotrope$$, $$[{"text":"Nanisme harmonieux chez l’enfant.","isCorrect":true},{"text":"Gigantisme.","isCorrect":false,"justification":"GH↑ provoque cela."},{"text":"Chez l’adulte : fatigue et masse maigre ↓.","isCorrect":true},{"text":"Hyperglycémie.","isCorrect":false,"justification":"Hypoglycémie."},{"text":"Obésité facio-tronculaire.","isCorrect":true}]$$::jsonb, $$GH↓ = nanisme harmonieux (enfant), asthénie et obésité centrale (adulte).$$, 7, '2025-11-02T17:52:05.114Z');
INSERT INTO "Question" (id, "chapterId", "questionText", options, explanation, "orderIndex", "createdAt") VALUES ('cmhi0ddks00gok498ahwaaqrc', 'cmhi0ddkb00g6k498xz2bo886', $$Insuffisance lactotrope$$, $$[{"text":"Hyperprolactinémie.","isCorrect":false,"justification":"Hypoprolactinémie."},{"text":"Agalactie post-partum.","isCorrect":true},{"text":"Aménorrhée.","isCorrect":true},{"text":"Galactorrhée.","isCorrect":false,"justification":"Excès de prolactine."},{"text":"PTH↑.","isCorrect":false,"justification":"Aucun rapport."}]$$::jsonb, $$Déficit lactotrope = agalactie + aménorrhée post-partum.$$, 8, '2025-11-02T17:52:05.116Z');
INSERT INTO "Question" (id, "chapterId", "questionText", options, explanation, "orderIndex", "createdAt") VALUES ('cmhi0ddku00gqk498j1yehotv', 'cmhi0ddkb00g6k498xz2bo886', $$Syndrome tumoral hypophysaire$$, $$[{"text":"Troubles visuels bitemporaux.","isCorrect":true},{"text":"Céphalées fronto-orbitaires.","isCorrect":true},{"text":"Diplopie liée à atteinte des nerfs oculomoteurs.","isCorrect":true},{"text":"Épistaxis.","isCorrect":false,"justification":"Cavum nasal, pas hypophyse."},{"text":"Hémianopsie nasale.","isCorrect":false,"justification":"Bitemporale."}]$$::jsonb, $$Tumeur hypophysaire → céphalées + hémianopsie bitemporale.$$, 9, '2025-11-02T17:52:05.119Z');
INSERT INTO "Question" (id, "chapterId", "questionText", options, explanation, "orderIndex", "createdAt") VALUES ('cmhi0ddkw00gsk498lh0mr6mp', 'cmhi0ddkb00g6k498xz2bo886', $$Hyperprolactinémie$$, $$[{"text":"Aménorrhée-galactorrhée chez la femme.","isCorrect":true},{"text":"Impuissance chez l’homme.","isCorrect":true},{"text":"Inhibition de la GnRH.","isCorrect":true},{"text":"TSH↑.","isCorrect":false,"justification":"Non lié."},{"text":"Lactation normale.","isCorrect":false,"justification":"Galactorrhée pathologique."}]$$::jsonb, $$Prolactine↑ → aménorrhée, galactorrhée, infertilité.$$, 10, '2025-11-02T17:52:05.121Z');
INSERT INTO "Question" (id, "chapterId", "questionText", options, explanation, "orderIndex", "createdAt") VALUES ('cmhi0ddky00guk498hhajzhph', 'cmhi0ddkb00g6k498xz2bo886', $$Causes d’hyperprolactinémie$$, $$[{"text":"Adénome à prolactine.","isCorrect":true},{"text":"Médicaments antidopaminergiques.","isCorrect":true},{"text":"Hypothyroïdie primitive.","isCorrect":true},{"text":"Carence en œstrogènes.","isCorrect":false,"justification":"Peut la favoriser mais non cause."},{"text":"IR chronique.","isCorrect":true}]$$::jsonb, $$Hyperprolactinémie = tumeur, médicaments, hypothyroïdie, IR.$$, 11, '2025-11-02T17:52:05.123Z');
INSERT INTO "Question" (id, "chapterId", "questionText", options, explanation, "orderIndex", "createdAt") VALUES ('cmhi0ddl100gwk498k06kgawa', 'cmhi0ddkb00g6k498xz2bo886', $$Acromégalie$$, $$[{"text":"Due à excès de GH avant la puberté.","isCorrect":false,"justification":"Après."},{"text":"Main large et épaisse.","isCorrect":true},{"text":"Prognathisme.","isCorrect":true},{"text":"Hypotension artérielle.","isCorrect":false,"justification":"HTA fréquente."},{"text":"TSH basse.","isCorrect":false,"justification":"Sans rapport."}]$$::jsonb, $$Acromégalie = excès GH après croissance → hypertrophie osseuse.$$, 12, '2025-11-02T17:52:05.125Z');
INSERT INTO "Question" (id, "chapterId", "questionText", options, explanation, "orderIndex", "createdAt") VALUES ('cmhi0ddl300gyk498a7jwct0r', 'cmhi0ddkb00g6k498xz2bo886', $$Gigantisme$$, $$[{"text":"Excès de GH avant la puberté.","isCorrect":true},{"text":"Plaques de croissance encore ouvertes.","isCorrect":true},{"text":"Taille normale.","isCorrect":false,"justification":"Très élevée."},{"text":"Tumeur hypophysaire somatotrope.","isCorrect":true},{"text":"Hypoglycémie chronique.","isCorrect":false,"justification":"GH↑ → Hyperglycémie."}]$$::jsonb, $$Gigantisme = GH↑ avant puberté → croissance excessive.$$, 13, '2025-11-02T17:52:05.128Z');
INSERT INTO "Question" (id, "chapterId", "questionText", options, explanation, "orderIndex", "createdAt") VALUES ('cmhi0ddl600h0k498gfu0ifuy', 'cmhi0ddkb00g6k498xz2bo886', $$Autres effets GH↑$$, $$[{"text":"Résistance à l’insuline.","isCorrect":true},{"text":"Diabète secondaire possible.","isCorrect":true},{"text":"HTA et cardiomégalie.","isCorrect":true},{"text":"Hypoglycémie.","isCorrect":false,"justification":"Inverse."},{"text":"Fonte musculaire.","isCorrect":false,"justification":"Hypertrophie musculaire."}]$$::jsonb, $$GH↑ → syndrome dysmorphique + métabolique.$$, 14, '2025-11-02T17:52:05.130Z');
INSERT INTO "Question" (id, "chapterId", "questionText", options, explanation, "orderIndex", "createdAt") VALUES ('cmhi0ddl800h2k498289rujcu', 'cmhi0ddkb00g6k498xz2bo886', $$Diabète insipide$$, $$[{"text":"Déficit en ADH.","isCorrect":true},{"text":"Polyurie et polydipsie.","isCorrect":true},{"text":"Densité urinaire élevée.","isCorrect":false,"justification":"Basse."},{"text":"Natrémie normale.","isCorrect":false,"justification":"Hypernatrémie."},{"text":"Hypovolémie.","isCorrect":true}]$$::jsonb, $$Diabète insipide = ADH↓ → urines abondantes et hypotonique.$$, 15, '2025-11-02T17:52:05.132Z');
INSERT INTO "Question" (id, "chapterId", "questionText", options, explanation, "orderIndex", "createdAt") VALUES ('cmhi0ddla00h4k498axe9amj7', 'cmhi0ddkb00g6k498xz2bo886', $$Polydipsie psychogène vs diabète insipide$$, $$[{"text":"Polydipsie psychogène : osmolarité urinaire basse.","isCorrect":true},{"text":"Test de restriction hydrique utile.","isCorrect":true},{"text":"Réponse positive à la desmopressine = cause centrale.","isCorrect":true},{"text":"Réponse nulle = cause rénale.","isCorrect":true},{"text":"ADH plasmatique toujours élevée.","isCorrect":false,"justification":"Variable selon forme."}]$$::jsonb, $$Test de restriction différencie psychogène / central / néphrogénique.$$, 16, '2025-11-02T17:52:05.134Z');
INSERT INTO "Question" (id, "chapterId", "questionText", options, explanation, "orderIndex", "createdAt") VALUES ('cmhi0ddlc00h6k498p79r2f28', 'cmhi0ddkb00g6k498xz2bo886', $$Syndrome de sécrétion inappropriée d’ADH (SIADH)$$, $$[{"text":"Hyponatrémie hypo-osmotique.","isCorrect":true},{"text":"Hypervolémie.","isCorrect":false,"justification":"Euvolémie."},{"text":"Natrurie élevée.","isCorrect":true},{"text":"Osmolarité urinaire élevée.","isCorrect":true},{"text":"ADH basse.","isCorrect":false,"justification":"Inappropriée↑."}]$$::jsonb, $$SIADH = ADH↑ → hyponatrémie + osmU ↑ + euvolémie.$$, 17, '2025-11-02T17:52:05.136Z');
INSERT INTO "Question" (id, "chapterId", "questionText", options, explanation, "orderIndex", "createdAt") VALUES ('cmhi0ddle00h8k498c9fvidzt', 'cmhi0ddkb00g6k498xz2bo886', $$Syndrome tumoral hypophysaire (signes indirects)$$, $$[{"text":"Troubles du champ visuel bitemporal.","isCorrect":true},{"text":"Céphalées rétro-orbitaires.","isCorrect":true},{"text":"Signes endocriniens multiples.","isCorrect":true},{"text":"Pâleur cutanée.","isCorrect":true},{"text":"Hémianopsie nasale.","isCorrect":false,"justification":"Bitemporale."}]$$::jsonb, $$Tumeur hypophysaire = hémianopsie bitemporale + troubles hormonaux.$$, 18, '2025-11-02T17:52:05.138Z');
INSERT INTO "Question" (id, "chapterId", "questionText", options, explanation, "orderIndex", "createdAt") VALUES ('cmhi0ddlg00hak4981ggsvqhs', 'cmhi0ddkb00g6k498xz2bo886', $$Exploration hypophysaire$$, $$[{"text":"Dosage basal des hormones périphériques et hypophysaires.","isCorrect":true},{"text":"Tests dynamiques (Synacthène, insulinique).","isCorrect":true},{"text":"IRM hypophysaire.","isCorrect":true},{"text":"TDM abdominal systématique.","isCorrect":false,"justification":"Pas utile ici."},{"text":"Radiographie du crâne suffisante.","isCorrect":false,"justification":"Obsolète."}]$$::jsonb, $$Diagnostic = dosages hormonaux + tests dynamiques + IRM.$$, 19, '2025-11-02T17:52:05.141Z');
INSERT INTO "Question" (id, "chapterId", "questionText", options, explanation, "orderIndex", "createdAt") VALUES ('cmhi0ddlj00hck498m64cfoll', 'cmhi0ddkb00g6k498xz2bo886', $$Traitement chirurgical$$, $$[{"text":"Adénomectomie trans-sphénoïdale.","isCorrect":true},{"text":"Radiothérapie complémentaire.","isCorrect":true},{"text":"Substitution hormonale postopératoire.","isCorrect":true},{"text":"Cure médicamenteuse définitive.","isCorrect":false,"justification":"Chirurgie souvent nécessaire."},{"text":"Accès fronto-orbitaire privilégié.","isCorrect":false,"justification":"Par voie trans-sphénoïdale."}]$$::jsonb, $$Chirurgie = voie trans-sphénoïdale + substitution hormonale.$$, 20, '2025-11-02T17:52:05.143Z');
INSERT INTO "Question" (id, "chapterId", "questionText", options, explanation, "orderIndex", "createdAt") VALUES ('cmhi0ddll00hek498hyarupbe', 'cmhi0ddkb00g6k498xz2bo886', $$Médicaments de l’hyperprolactinémie$$, $$[{"text":"Bromocriptine.","isCorrect":true},{"text":"Cabergoline.","isCorrect":true},{"text":"Quinagolide.","isCorrect":true},{"text":"Leuprolide.","isCorrect":false,"justification":"Agoniste GnRH."},{"text":"Thiamazole.","isCorrect":false,"justification":"Thyroïde."}]$$::jsonb, $$Traitement = agonistes dopaminergiques (bromocriptine, cabergoline).$$, 21, '2025-11-02T17:52:05.145Z');
INSERT INTO "Question" (id, "chapterId", "questionText", options, explanation, "orderIndex", "createdAt") VALUES ('cmhi0ddln00hgk4984z2w60mc', 'cmhi0ddkb00g6k498xz2bo886', $$Adénome à GH : traitement$$, $$[{"text":"Chirurgie trans-sphénoïdale.","isCorrect":true},{"text":"Analogues de la somatostatine.","isCorrect":true},{"text":"Antagonistes de GH (pegvisomant).","isCorrect":true},{"text":"L-thyroxine.","isCorrect":false,"justification":"Non liée."},{"text":"Antithyroïdiens de synthèse.","isCorrect":false,"justification":"Non."}]$$::jsonb, $$Acromégalie → chirurgie + analogues somatostatine + pegvisomant.$$, 22, '2025-11-02T17:52:05.147Z');
INSERT INTO "Question" (id, "chapterId", "questionText", options, explanation, "orderIndex", "createdAt") VALUES ('cmhi0ddlo00hik498nx0jse9o', 'cmhi0ddkb00g6k498xz2bo886', $$Hypopituitarisme post-traumatique$$, $$[{"text":"Peut suivre un traumatisme crânien.","isCorrect":true},{"text":"Peut provoquer une ICS secondaire.","isCorrect":true},{"text":"Peut causer diabète insipide.","isCorrect":true},{"text":"TSH↑.","isCorrect":false,"justification":"Basse."},{"text":"Hyperglycémie.","isCorrect":false,"justification":"Hypoglycémie."}]$$::jsonb, $$Post-traumatique = hypopituitarisme partiel + DI possible.$$, 23, '2025-11-02T17:52:05.149Z');
INSERT INTO "Question" (id, "chapterId", "questionText", options, explanation, "orderIndex", "createdAt") VALUES ('cmhi0ddlq00hkk498qbkmnjtu', 'cmhi0ddkb00g6k498xz2bo886', $$Récapitulatif$$, $$[{"text":"ICS secondaire → ACTH↓, pas de mélanodermie.","isCorrect":true},{"text":"Hypothyroïdie secondaire → TSH↓.","isCorrect":true},{"text":"GH↑ → acromégalie/gigantisme.","isCorrect":true},{"text":"Prolactine↑ → aménorrhée/galactorrhée.","isCorrect":true},{"text":"ADH↓ → diabète insipide.","isCorrect":true}]$$::jsonb, $$L’hypophyse = chef d’orchestre, tout déficit/hypersecrétion a signature clinique propre$$, 24, '2025-11-02T17:52:05.150Z');
INSERT INTO "Chapter" (id, "subjectId", title, description, "orderIndex", "pdfUrl", "createdAt") VALUES ('cmhi0ddls00hmk498r39ffx6u', 'cmhi0ddgc00c2k498wjm0hlhk', $$Chapitre 5 – Troubles du métabolisme glucidique & lipidique$$, NULL, 5, NULL, '2025-11-02T17:52:05.152Z');
INSERT INTO "Question" (id, "chapterId", "questionText", options, explanation, "orderIndex", "createdAt") VALUES ('cmhi0ddlu00hok498rw84mkn1', 'cmhi0ddls00hmk498r39ffx6u', $$Définition du diabète sucré$$, $$[{"text":"Maladie caractérisée par une hypoglycémie chronique.","isCorrect":false,"justification":"C’est une hyperglycémie chronique."},{"text":"Résulte d’un déficit ou d’une résistance à l’insuline.","isCorrect":true},{"text":"Toujours due à une destruction auto-immune des cellules β.","isCorrect":false,"justification":"Type 2 = résistance périphérique."},{"text":"Peut entraîner des complications micro et macrovasculaires.","isCorrect":true},{"text":"Ne concerne que l’adulte.","isCorrect":false,"justification":"Tous les âges."}]$$::jsonb, $$Le diabète sucré = hyperglycémie chronique, par défaut d’insuline ou résistance à son action.$$, 0, '2025-11-02T17:52:05.154Z');
INSERT INTO "Question" (id, "chapterId", "questionText", options, explanation, "orderIndex", "createdAt") VALUES ('cmhi0ddlv00hqk498v0uwlk16', 'cmhi0ddls00hmk498r39ffx6u', $$Principaux signes cliniques du diabète$$, $$[{"text":"Prise de poids rapide.","isCorrect":false,"justification":"Amaigrissement malgré appétit ↑."},{"text":"Polyurie et polydipsie.","isCorrect":true},{"text":"Polypnée de Kussmaul.","isCorrect":true},{"text":"Hypotension orthostatique rare.","isCorrect":false,"justification":"Fréquente par déshydratation."},{"text":"Sueurs froides et tremblements.","isCorrect":false,"justification":"Hypoglycémie, pas hyper."}]$$::jsonb, $$Le diabète se manifeste par polyurie, polydipsie, amaigrissement, fatigue.$$, 1, '2025-11-02T17:52:05.155Z');
INSERT INTO "Question" (id, "chapterId", "questionText", options, explanation, "orderIndex", "createdAt") VALUES ('cmhi0ddlx00hsk49899q9djkd', 'cmhi0ddls00hmk498r39ffx6u', $$Diagnostic biologique$$, $$[{"text":"Glycémie à jeun ≥ 1,26 g/L (×2) = diabète.","isCorrect":true},{"text":"HbA1c ≥ 6,5 % = critère diagnostic.","isCorrect":true},{"text":"Test d’hyperglycémie provoquée positif si 2h ≥ 2,0 g/L.","isCorrect":true},{"text":"Diagnostic si glycémie postprandiale < 1,0 g/L.","isCorrect":false,"justification":"Trop basse."},{"text":"Un seul test suffit toujours.","isCorrect":false,"justification":"Confirmation nécessaire."}]$$::jsonb, $$Diagnostic si GAJ ≥ 1,26, HGPO ≥ 2,0, ou HbA1c ≥ 6,5 %.$$, 2, '2025-11-02T17:52:05.157Z');
INSERT INTO "Question" (id, "chapterId", "questionText", options, explanation, "orderIndex", "createdAt") VALUES ('cmhi0ddlz00huk498k6qnvwxw', 'cmhi0ddls00hmk498r39ffx6u', $$Complications aiguës du diabète$$, $$[{"text":"Hypoglycémie.","isCorrect":true},{"text":"Coma acidocétosique.","isCorrect":true},{"text":"Coma hyperosmolaire.","isCorrect":true},{"text":"Hyponatrémie de dilution.","isCorrect":false,"justification":"Hypernatrémie fréquente."},{"text":"Hypercalcémie associée.","isCorrect":false,"justification":"Non spécifique."}]$$::jsonb, $$Les urgences diabétiques = hypoglycémie, acidocétose, HHS.$$, 3, '2025-11-02T17:52:05.159Z');
INSERT INTO "Question" (id, "chapterId", "questionText", options, explanation, "orderIndex", "createdAt") VALUES ('cmhi0ddm100hwk498iwsv1vf1', 'cmhi0ddls00hmk498r39ffx6u', $$Hypoglycémie (triade de Whipple)$$, $$[{"text":"Hypoglycémie < 1,5 g/L.","isCorrect":false,"justification":"< 0,5 g/L (3 mmol/L)."},{"text":"Symptômes neurovégétatifs et neuroglycopéniques.","isCorrect":true},{"text":"Régression après correction glycémique.","isCorrect":true},{"text":"Toujours asymptomatique.","isCorrect":false,"justification":"Symptomatique typique."},{"text":"Survient uniquement chez DT1.","isCorrect":false,"justification":"Aussi DT2 sous insuline/sulfamides."}]$$::jsonb, $$Triade de Whipple = symptômes + gly basse + correction efficace.$$, 4, '2025-11-02T17:52:05.162Z');
INSERT INTO "Question" (id, "chapterId", "questionText", options, explanation, "orderIndex", "createdAt") VALUES ('cmhi0ddm300hyk498w9fi2w34', 'cmhi0ddls00hmk498r39ffx6u', $$Coma acidocétosique diabétique$$, $$[{"text":"Survient surtout chez le diabétique de type 2.","isCorrect":false,"justification":"Typique du type 1."},{"text":"Due à un déficit profond en insuline.","isCorrect":true},{"text":"Se traduit par des vomissements et une polypnée de Kussmaul.","isCorrect":true},{"text":"Alcalose métabolique.","isCorrect":false,"justification":"C’est une acidose."},{"text":"Odeur d’amande amère à l’haleine.","isCorrect":false,"justification":"Fruitée (acétonique)."}]$$::jsonb, $$Le coma acidocétosique = déficit en insuline → cétose + acidose métabolique.$$, 5, '2025-11-02T17:52:05.163Z');
INSERT INTO "Question" (id, "chapterId", "questionText", options, explanation, "orderIndex", "createdAt") VALUES ('cmhi0ddm500i0k498jrbhi954', 'cmhi0ddls00hmk498r39ffx6u', $$Coma hyperosmolaire$$, $$[{"text":"Acidose métabolique profonde.","isCorrect":false,"justification":"pH souvent normal."},{"text":"Sujet âgé, diabète de type 2.","isCorrect":true},{"text":"Hyperglycémie majeure > 6 g/L.","isCorrect":true},{"text":"Déshydratation souvent modérée.","isCorrect":false,"justification":"Massive."},{"text":"Cétose importante.","isCorrect":false,"justification":"Minime."}]$$::jsonb, $$Le coma hyperosmolaire = gly très ↑, déshydratation ++, sans cétose.$$, 6, '2025-11-02T17:52:05.165Z');
INSERT INTO "Question" (id, "chapterId", "questionText", options, explanation, "orderIndex", "createdAt") VALUES ('cmhi0ddm600i2k498kixcfp9f', 'cmhi0ddls00hmk498r39ffx6u', $$Hypoglycémie sévère$$, $$[{"text":"Peut être déclenchée par un excès d’insuline.","isCorrect":true},{"text":"Toujours précédée de céphalées intenses.","isCorrect":false,"justification":"Non systématique."},{"text":"Se manifeste par sueurs, tremblements, palpitations.","isCorrect":true},{"text":"Doit être corrigée par sucre lent.","isCorrect":false,"justification":"Sucre rapide nécessaire."},{"text":"La conscience revient lentement après traitement.","isCorrect":true}]$$::jsonb, $$Hypoglycémie = sueurs + tremblements + correction immédiate par sucre rapide.$$, 7, '2025-11-02T17:52:05.167Z');
INSERT INTO "Question" (id, "chapterId", "questionText", options, explanation, "orderIndex", "createdAt") VALUES ('cmhi0ddm800i4k498efinycc4', 'cmhi0ddls00hmk498r39ffx6u', $$Complications chroniques du diabète$$, $$[{"text":"Rétinopathie, néphropathie, neuropathie.","isCorrect":true},{"text":"Arthrite diabétique spécifique.","isCorrect":false,"justification":"Pas de lien direct."},{"text":"Cardiopathie ischémique, AVC, artériopathie.","isCorrect":true},{"text":"Myosite infectieuse rare.","isCorrect":false,"justification":"Non caractéristique."},{"text":"Néphrite auto-immune.","isCorrect":false,"justification":"Néphropathie glomérulaire diabétique."}]$$::jsonb, $$Complications micro + macrovasculaires : rétino, néphro, neuro, cardiaque, AOMI, AVC.$$, 8, '2025-11-02T17:52:05.168Z');
INSERT INTO "Question" (id, "chapterId", "questionText", options, explanation, "orderIndex", "createdAt") VALUES ('cmhi0ddm900i6k498c848xkzy', 'cmhi0ddls00hmk498r39ffx6u', $$Syndrome du pied diabétique$$, $$[{"text":"Atteinte isolée du gros orteil.","isCorrect":false,"justification":"Ulcérations plantaires distales fréquentes."},{"text":"Résulte d’une neuropathie et d’une artériopathie.","isCorrect":true},{"text":"Risque d’amputation élevé.","isCorrect":true},{"text":"Hyperalgésie constante.","isCorrect":false,"justification":"Hypoalgésie (perte de sensibilité)."},{"text":"Cicatrisation rapide.","isCorrect":false,"justification":"Lente et difficile."}]$$::jsonb, $$Pied diabétique = neuropathie + ischémie + infection → amputation possible$$, 9, '2025-11-02T17:52:05.170Z');
INSERT INTO "Question" (id, "chapterId", "questionText", options, explanation, "orderIndex", "createdAt") VALUES ('cmhi0ddmb00i8k498x3ryntvu', 'cmhi0ddls00hmk498r39ffx6u', $$Diabète et appareil cardiovasculaire$$, $$[{"text":"Le diabète n’a aucun effet sur les artères coronaires.","isCorrect":false,"justification":"Risque coronarien multiplié par 3 à 4."},{"text":"L’athérosclérose est accélérée.","isCorrect":true},{"text":"L’HTA est fréquente chez les diabétiques.","isCorrect":true},{"text":"L’hypotension est un signe classique.","isCorrect":false,"justification":"HTA prédomine."},{"text":"Les statines sont contre-indiquées.","isCorrect":false,"justification":"Indiquées en prévention CV."}]$$::jsonb, $$Diabète = athérogène → risque ↑ de coronaropathie, AVC, AOMI.$$, 10, '2025-11-02T17:52:05.171Z');
INSERT INTO "Question" (id, "chapterId", "questionText", options, explanation, "orderIndex", "createdAt") VALUES ('cmhi0ddmc00iak498a5ftzvyd', 'cmhi0ddls00hmk498r39ffx6u', $$Néphropathie diabétique$$, $$[{"text":"Se manifeste d’abord par une macroalbuminurie.","isCorrect":false,"justification":"Microalbuminurie initiale."},{"text":"Est une atteinte glomérulaire chronique.","isCorrect":true},{"text":"Peut évoluer vers l’insuffisance rénale terminale.","isCorrect":true},{"text":"Est toujours réversible.","isCorrect":false,"justification":"Irréversible si tardive."},{"text":"Est aggravée par une HTA mal contrôlée.","isCorrect":true}]$$::jsonb, $$Néphropathie = microalbuminurie → IRC, aggravée par HTA.$$, 11, '2025-11-02T17:52:05.173Z');
INSERT INTO "Question" (id, "chapterId", "questionText", options, explanation, "orderIndex", "createdAt") VALUES ('cmhi0ddme00ick49880mrx0l7', 'cmhi0ddls00hmk498r39ffx6u', $$Rétinopathie diabétique$$, $$[{"text":"Résulte d’une atteinte vasculaire rétinienne chronique.","isCorrect":true},{"text":"Est asymptomatique longtemps.","isCorrect":true},{"text":"Se manifeste d’abord par une baisse brutale de la vision.","isCorrect":false,"justification":"Tardive."},{"text":"Peut nécessiter photocoagulation au laser.","isCorrect":true},{"text":"Est plus fréquente dans le diabète de type 2 uniquement.","isCorrect":false,"justification":"Présente dans les deux types."}]$$::jsonb, $$Rétinopathie = atteinte microvasculaire progressive → dépistage ophtalmo régulier.$$, 12, '2025-11-02T17:52:05.174Z');
INSERT INTO "Question" (id, "chapterId", "questionText", options, explanation, "orderIndex", "createdAt") VALUES ('cmhi0ddmh00iek498m4yt666v', 'cmhi0ddls00hmk498r39ffx6u', $$Neuropathie diabétique$$, $$[{"text":"Toujours douloureuse.","isCorrect":false,"justification":"Parfois indolore (perte de sensibilité)."},{"text":"Atteinte sensitive, motrice ou végétative.","isCorrect":true},{"text":"Se manifeste par des paresthésies en « gants et chaussettes ».","isCorrect":true},{"text":"Les réflexes sont exagérés.","isCorrect":false,"justification":"Abolis."},{"text":"Elle est d’origine auto-immune.","isCorrect":false,"justification":"Métabolique et vasculaire."}]$$::jsonb, $$Neuropathie = atteinte distale sensitive/motrice, cause du pied diabétique.$$, 13, '2025-11-02T17:52:05.177Z');
INSERT INTO "Question" (id, "chapterId", "questionText", options, explanation, "orderIndex", "createdAt") VALUES ('cmhi0ddmj00igk498a0ot6ibu', 'cmhi0ddls00hmk498r39ffx6u', $$Hypoglycémie iatrogène$$, $$[{"text":"Survient uniquement avec l’insuline.","isCorrect":false,"justification":"Aussi sulfamides hypoglycémiants."},{"text":"Peut être favorisée par un repas sauté.","isCorrect":true},{"text":"Est toujours grave.","isCorrect":false,"justification":"Gravité variable selon symptômes."},{"text":"Peut entraîner un coma.","isCorrect":true},{"text":"Ne provoque jamais de troubles de conscience.","isCorrect":false,"justification":"Possible coma hypoglycémique."}]$$::jsonb, $$Hypoglycémie iatrogène = médicaments + jeûne + excès d’insuline → coma possible.$$, 14, '2025-11-02T17:52:05.179Z');
INSERT INTO "Question" (id, "chapterId", "questionText", options, explanation, "orderIndex", "createdAt") VALUES ('cmhi0ddml00iik498zy7egtan', 'cmhi0ddls00hmk498r39ffx6u', $$Coma hyperosmolaire (rappel sémiologique)$$, $$[{"text":"Touche surtout les jeunes diabétiques.","isCorrect":false,"justification":"Sujet âgé avec diabète de type 2."},{"text":"L’acidose métabolique est constante.","isCorrect":false,"justification":"Absente ou légère."},{"text":"L’hyperglycémie est majeure (> 6 g/L).","isCorrect":true},{"text":"L’hyperosmolarité plasmatique est marquée.","isCorrect":true},{"text":"Les corps cétoniques sont abondants.","isCorrect":false,"justification":"Faibles."}]$$::jsonb, $$Coma hyperosmolaire = glycémie très élevée, déshydratation, pas de cétose.$$, 15, '2025-11-02T17:52:05.181Z');
INSERT INTO "Question" (id, "chapterId", "questionText", options, explanation, "orderIndex", "createdAt") VALUES ('cmhi0ddmn00ikk498jvplzhxx', 'cmhi0ddls00hmk498r39ffx6u', $$Coma acidocétosique (rappel)$$, $$[{"text":"Résulte d’un excès d’insuline.","isCorrect":false,"justification":"Déficit profond d’insuline."},{"text":"Cétonémie élevée.","isCorrect":true},{"text":"pH < 7,30.","isCorrect":true},{"text":"Hyperosmolarité absente.","isCorrect":false,"justification":"Modérée."},{"text":"Kaliémie toujours basse au début.","isCorrect":false,"justification":"Souvent normale ou ↑, puis ↓ après traitement."}]$$::jsonb, $$Acidocétose = déficit insulinique + cétose + acidose métabolique.$$, 16, '2025-11-02T17:52:05.183Z');
INSERT INTO "Question" (id, "chapterId", "questionText", options, explanation, "orderIndex", "createdAt") VALUES ('cmhi0ddmp00imk498lswssaku', 'cmhi0ddls00hmk498r39ffx6u', $$Troubles lipidiques : généralités$$, $$[{"text":"Les dyslipidémies sont toujours d’origine génétique.","isCorrect":false,"justification":"Souvent secondaires (diabète, obésité)."},{"text":"L’excès de LDL favorise l’athérosclérose.","isCorrect":true},{"text":"L’excès de HDL est athérogène.","isCorrect":false,"justification":"Protecteur."},{"text":"L’hypertriglycéridémie expose à la pancréatite aiguë.","isCorrect":true},{"text":"L’hypocholestérolémie est toujours pathologique.","isCorrect":false,"justification":"Pas toujours."}]$$::jsonb, $$Les dyslipidémies = LDL ↑ → risque CV, TG ↑ → pancréatite.$$, 17, '2025-11-02T17:52:05.185Z');
INSERT INTO "Question" (id, "chapterId", "questionText", options, explanation, "orderIndex", "createdAt") VALUES ('cmhi0ddmr00iok4982wftmm4t', 'cmhi0ddls00hmk498r39ffx6u', $$Sémiologie clinique des hyperlipidémies$$, $$[{"text":"Xanthomes tendineux dans l’hypercholestérolémie.","isCorrect":true},{"text":"Xanthélasmas palpébraux.","isCorrect":true},{"text":"Arc cornéen précoce chez le jeune.","isCorrect":true},{"text":"Pétéchies cutanées diffuses.","isCorrect":false,"justification":"Non spécifiques."},{"text":"Taches café-au-lait.","isCorrect":false,"justification":"Aucune relation."}]$$::jsonb, $$Hyperlipidémie = xanthomes, xanthélasmas, arc cornéen.$$, 18, '2025-11-02T17:52:05.187Z');
INSERT INTO "Question" (id, "chapterId", "questionText", options, explanation, "orderIndex", "createdAt") VALUES ('cmhi0ddms00iqk498260n8pi6', 'cmhi0ddls00hmk498r39ffx6u', $$Hypercholestérolémie familiale$$, $$[{"text":"Transmission autosomique dominante.","isCorrect":true},{"text":"Mutation du gène du récepteur LDL.","isCorrect":true},{"text":"LDL normaux.","isCorrect":false,"justification":"Très élevés."},{"text":"HDL très bas.","isCorrect":false,"justification":"Normaux."},{"text":"Risque coronarien précoce.","isCorrect":true}]$$::jsonb, $$Hypercholestérolémie familiale = LDL↑↑, xanthomes, coronaropathie précoce.$$, 19, '2025-11-02T17:52:05.189Z');
INSERT INTO "Question" (id, "chapterId", "questionText", options, explanation, "orderIndex", "createdAt") VALUES ('cmhi0ddmu00isk498tgihy5uq', 'cmhi0ddls00hmk498r39ffx6u', $$Pancréatite aiguë d’origine métabolique$$, $$[{"text":"Liée à une hypercholestérolémie pure.","isCorrect":false,"justification":"C’est l’hypertriglycéridémie sévère (>10 g/L)."},{"text":"Peut compliquer un diabète déséquilibré.","isCorrect":true},{"text":"Se traduit par des douleurs épigastriques transfixiantes.","isCorrect":true},{"text":"Est favorisée par les statines.","isCorrect":false,"justification":"Non, plutôt protectrices cardiovasculaires."},{"text":"Nécessite une insulinothérapie et un jeûne.","isCorrect":true}]$$::jsonb, $$Pancréatite métabolique = TG très ↑, douleurs abdominales, traitement par jeûne + insuline ± fibrates.$$, 20, '2025-11-02T17:52:05.190Z');
INSERT INTO "Question" (id, "chapterId", "questionText", options, explanation, "orderIndex", "createdAt") VALUES ('cmhi0ddmw00iuk498pbwpqbz5', 'cmhi0ddls00hmk498r39ffx6u', $$Syndrome métabolique$$, $$[{"text":"Regroupe obésité, HTA, hyperglycémie et dyslipidémie.","isCorrect":true},{"text":"Diminue le risque coronarien.","isCorrect":false,"justification":"L’augmente fortement."},{"text":"Fait partie des causes de diabète de type 1.","isCorrect":false,"justification":"Type 2."},{"text":"S’accompagne souvent d’une résistance à l’insuline.","isCorrect":true},{"text":"Est toujours d’origine génétique.","isCorrect":false,"justification":"Souvent environnementale."}]$$::jsonb, $$Syndrome métabolique = résistance insulinique + obésité + HTA + dyslipidémie.$$, 21, '2025-11-02T17:52:05.193Z');
INSERT INTO "Question" (id, "chapterId", "questionText", options, explanation, "orderIndex", "createdAt") VALUES ('cmhi0ddmz00iwk498ikmv8fpq', 'cmhi0ddls00hmk498r39ffx6u', $$Traitement du diabète$$, $$[{"text":"L’insuline est réservée au diabète de type 2.","isCorrect":false,"justification":"Type 1 obligatoire, parfois type 2."},{"text":"La metformine diminue la production hépatique de glucose.","isCorrect":true},{"text":"Les sulfamides hypoglycémiants stimulent la sécrétion d’insuline.","isCorrect":true},{"text":"Les analogues du GLP-1 entraînent une prise de poids.","isCorrect":false,"justification":"Perte pondérale."},{"text":"Les inhibiteurs de SGLT2 favorisent la rétention hydrique.","isCorrect":false,"justification":"Effet diurétique."}]$$::jsonb, $$Traitement = insuline (DT1) ou oraux (DT2) : metformine, sulfamides, GLP-1, SGLT2.$$, 22, '2025-11-02T17:52:05.195Z');
INSERT INTO "Question" (id, "chapterId", "questionText", options, explanation, "orderIndex", "createdAt") VALUES ('cmhi0ddn100iyk498m9i9umbd', 'cmhi0ddls00hmk498r39ffx6u', $$Diabète et grossesse$$, $$[{"text":"Le diabète gestationnel est rare.","isCorrect":false,"justification":"Fréquent (≈ 10 % des grossesses)."},{"text":"L’insuline est le traitement de référence.","isCorrect":true},{"text":"La metformine est sans risque au 1ᵉʳ trimestre.","isCorrect":false,"justification":"À éviter, insuline préférée."},{"text":"Un contrôle glycémique strict est essentiel.","isCorrect":true},{"text":"Le dépistage se fait par hyperglycémie provoquée orale.","isCorrect":true}]$$::jsonb, $$Diabète gestationnel = HGPO au 2ᵉ trimestre, ttt par insuline, contrôle strict.$$, 23, '2025-11-02T17:52:05.197Z');
INSERT INTO "Question" (id, "chapterId", "questionText", options, explanation, "orderIndex", "createdAt") VALUES ('cmhi0ddn300j0k4983ay3xhsc', 'cmhi0ddls00hmk498r39ffx6u', $$Synthèse finale : points clés sémiologiques$$, $$[{"text":"Diabète → hyperglycémie chronique.","isCorrect":true},{"text":"Hypoglycémie → déficit en glucagon.","isCorrect":false,"justification":"Excès d’insuline."},{"text":"Acidocétose → pH bas et cétonurie positive.","isCorrect":true},{"text":"Hyperlipidémie → xanthomes et pancréatite.","isCorrect":true},{"text":"Syndrome métabolique → baisse du risque cardiovasculaire.","isCorrect":false,"justification":"Risque ↑."}]$$::jsonb, $$L’équilibre glycémique et lipidique est essentiel pour prévenir comas et complications vasculaires.$$, 24, '2025-11-02T17:52:05.199Z');
INSERT INTO "Subject" (id, title, description, semester, tags, "totalQCM", "createdAt", views) VALUES ('cmhi0ddn900j1k4988obeo56w', $$Sémiologie Neurologique$$, $$Cours de Sémiologie Neurologique$$, 'DCEM1', ARRAY[$$DCEM1$$, $$Sémiologie$$, $$Sémiologie Neurologique$$]::text[], 180, '2025-11-02T17:52:05.205Z', 0);
INSERT INTO "Chapter" (id, "subjectId", title, description, "orderIndex", "pdfUrl", "createdAt") VALUES ('cmhi0ddnd00j3k498tr21p4v6', 'cmhi0ddn900j1k4988obeo56w', $$Chapitre 1 – Syndrome neurogène périphérique$$, NULL, 1, NULL, '2025-11-02T17:52:05.209Z');
INSERT INTO "Question" (id, "chapterId", "questionText", options, explanation, "orderIndex", "createdAt") VALUES ('cmhi0ddnk00jbk498towiyjyo', 'cmhi0ddnd00j3k498tr21p4v6', $$Amyotrophie$$, $$[{"text":"Elle correspond à une diminution du volume musculaire.","isCorrect":true},{"text":"Elle apparaît en quelques jours à semaines.","isCorrect":true},{"text":"Elle est toujours symétrique.","isCorrect":false,"justification":"Elle peut être focale ou asymétrique."},{"text":"Elle traduit une dénervation.","isCorrect":true},{"text":"Elle est douloureuse.","isCorrect":false,"justification":"Elle est indolore sauf myalgies associées."}]$$::jsonb, $$L’amyotrophie est précoce, localisée et indolore, reflet d’une dénervation musculaire.$$, 3, '2025-11-02T17:52:05.217Z');
INSERT INTO "Question" (id, "chapterId", "questionText", options, explanation, "orderIndex", "createdAt") VALUES ('cmhi0ddnf00j5k4984mlq21su', 'cmhi0ddnd00j3k498tr21p4v6', $$Définition$$, $$[{"text":"Le syndrome neurogène périphérique traduit une atteinte du motoneurone périphérique.","isCorrect":true},{"text":"Il correspond à une lésion du faisceau pyramidal.","isCorrect":false,"justification":"Cela définit le syndrome pyramidal."},{"text":"Il s’accompagne d’un déficit moteur flasque.","isCorrect":true},{"text":"Il s’accompagne toujours d’une spasticité.","isCorrect":false,"justification":"La spasticité est centrale."},{"text":"Il est caractérisé par une amyotrophie et une aréflexie.","isCorrect":true}]$$::jsonb, $$Le syndrome neurogène périphérique associe déficit moteur flasque, aréflexie et amyotrophie.$$, 0, '2025-11-02T17:52:05.211Z');
INSERT INTO "Question" (id, "chapterId", "questionText", options, explanation, "orderIndex", "createdAt") VALUES ('cmhi0ddnh00j7k4987r2kxenh', 'cmhi0ddnd00j3k498tr21p4v6', $$Topographie possible$$, $$[{"text":"Motoneurone périphérique (corne antérieure).","isCorrect":true},{"text":"Racine antérieure.","isCorrect":true},{"text":"Nerf périphérique.","isCorrect":true},{"text":"Plaque motrice.","isCorrect":true},{"text":"Cortex moteur.","isCorrect":false,"justification":"Il appartient au territoire central."}]$$::jsonb, $$Le SNP peut résulter d’une atteinte du motoneurone périphérique, radiculaire, tronculaire ou jonctionnelle.$$, 1, '2025-11-02T17:52:05.213Z');
INSERT INTO "Question" (id, "chapterId", "questionText", options, explanation, "orderIndex", "createdAt") VALUES ('cmhi0ddnj00j9k498g1gugunf', 'cmhi0ddnd00j3k498tr21p4v6', $$Signes moteurs$$, $$[{"text":"Déficit moteur flasque.","isCorrect":true},{"text":"Hypotonie.","isCorrect":true},{"text":"ROT abolis.","isCorrect":true},{"text":"Réflexe cutané plantaire en extension.","isCorrect":false,"justification":"Ce Babinski positif signe une atteinte centrale."},{"text":"Amyotrophie tardive.","isCorrect":false,"justification":"Elle apparaît précocement dans le SNP."}]$$::jsonb, $$Le syndrome moteur périphérique associe hypotonie, aréflexie et amyotrophie rapide.$$, 2, '2025-11-02T17:52:05.215Z');
INSERT INTO "Question" (id, "chapterId", "questionText", options, explanation, "orderIndex", "createdAt") VALUES ('cmhi0ddnm00jdk498t6cimmi4', 'cmhi0ddnd00j3k498tr21p4v6', $$Tonus musculaire$$, $$[{"text":"Augmenté dans tous les cas.","isCorrect":false,"justification":"Il est diminué (flasque)."},{"text":"Normal au repos.","isCorrect":false,"justification":"Il est abaissé."},{"text":"Aboli ou flasque.","isCorrect":true},{"text":"Spastique.","isCorrect":false,"justification":"Typique du syndrome pyramidal."},{"text":"Rigidité plastique.","isCorrect":false,"justification":"C’est extrapyramidal."}]$$::jsonb, $$Le SNP se distingue par une hypotonie ou flaccidité musculaire.$$, 4, '2025-11-02T17:52:05.218Z');
INSERT INTO "Question" (id, "chapterId", "questionText", options, explanation, "orderIndex", "createdAt") VALUES ('cmhi0ddno00jfk498fynrysy2', 'cmhi0ddnd00j3k498tr21p4v6', $$Reflexes ostéo-tendineux$$, $$[{"text":"Toujours abolis.","isCorrect":true},{"text":"Toujours exagérés.","isCorrect":false,"justification":"Exagération = lésion centrale."},{"text":"Normaux.","isCorrect":false,"justification":"Ils sont diminués ou absents."},{"text":"Peuvent réapparaître après un délai.","isCorrect":false,"justification":"Ils restent abolis tant que la lésion persiste."},{"text":"Le Babinski est présent.","isCorrect":false,"justification":"Il est négatif."}]$$::jsonb, $$L’aréflexie est un signe constant de l’atteinte périphérique motrice.$$, 5, '2025-11-02T17:52:05.220Z');
INSERT INTO "Question" (id, "chapterId", "questionText", options, explanation, "orderIndex", "createdAt") VALUES ('cmhi0ddnp00jhk498vlwlw4he', 'cmhi0ddnd00j3k498tr21p4v6', $$Signes sensitifs associés$$, $$[{"text":"Paresthésies et hypoesthésies.","isCorrect":true},{"text":"Douleurs radiculaires ou en chaussettes.","isCorrect":true},{"text":"Anesthésie complète.","isCorrect":true},{"text":"Atteinte proprioceptive isolée.","isCorrect":false,"justification":"Elle suggère une atteinte postérieure centrale."},{"text":"Signes sensitifs absents dans les neuropathies.","isCorrect":false,"justification":"Ils sont souvent présents."}]$$::jsonb, $$Les signes sensitifs varient selon la topographie : radiculaire, tronculaire ou plurinévritique.$$, 6, '2025-11-02T17:52:05.222Z');
INSERT INTO "Question" (id, "chapterId", "questionText", options, explanation, "orderIndex", "createdAt") VALUES ('cmhi0ddnr00jjk498p0t8ls40', 'cmhi0ddnd00j3k498tr21p4v6', $$Signes trophiques$$, $$[{"text":"Peau chaude et humide.","isCorrect":false,"justification":"Elle devient froide et sèche."},{"text":"Ongles épaissis et cassants.","isCorrect":true},{"text":"Poils clairsemés ou absents.","isCorrect":true},{"text":"Œdème inflammatoire.","isCorrect":false,"justification":"Œdème vasomoteur possible, non inflammatoire."},{"text":"Hyperpilosité localisée.","isCorrect":false,"justification":"C’est l’inverse."}]$$::jsonb, $$Les troubles trophiques témoignent d’une atteinte neurovégétative périphérique.$$, 7, '2025-11-02T17:52:05.223Z');
INSERT INTO "Question" (id, "chapterId", "questionText", options, explanation, "orderIndex", "createdAt") VALUES ('cmhi0ddnt00jlk4986vudb8nx', 'cmhi0ddnd00j3k498tr21p4v6', $$Crampes et fasciculations$$, $$[{"text":"Crampes musculaires fréquentes.","isCorrect":true},{"text":"Fasciculations visibles sous la peau.","isCorrect":true},{"text":"Crampes dues à une hyperexcitabilité musculaire.","isCorrect":true},{"text":"Absence de fasciculations dans le SNP.","isCorrect":false,"justification":"Elles sont typiques."},{"text":"Crampes toujours douloureuses.","isCorrect":true}]$$::jsonb, $$Les crampes et fasciculations résultent de la dénervation et de l’hyperexcitabilité neuromusculaire.$$, 8, '2025-11-02T17:52:05.225Z');
INSERT INTO "Question" (id, "chapterId", "questionText", options, explanation, "orderIndex", "createdAt") VALUES ('cmhi0ddnv00jnk498wdjy45it', 'cmhi0ddnd00j3k498tr21p4v6', $$Syndrome radiculaire$$, $$[{"text":"Douleur en trajet radiculaire.","isCorrect":true},{"text":"Hyporéflexie segmentaire.","isCorrect":true},{"text":"Troubles moteurs limités à un territoire myotique.","isCorrect":true},{"text":"Troubles sensitifs topographiés en dermatome.","isCorrect":true},{"text":"ROT diffusément abolis.","isCorrect":false,"justification":"L’abolition est segmentaire."}]$$::jsonb, $$Le syndrome radiculaire associe douleur, déficit moteur et trouble sensitif selon un territoire métamérique précis.$$, 9, '2025-11-02T17:52:05.227Z');
INSERT INTO "Question" (id, "chapterId", "questionText", options, explanation, "orderIndex", "createdAt") VALUES ('cmhi0ddnx00jpk498m40r9jib', 'cmhi0ddnd00j3k498tr21p4v6', $$Syndrome tronculaire$$, $$[{"text":"Atteinte d’un seul nerf périphérique.","isCorrect":true},{"text":"Douleur et paresthésies dans un territoire nerveux précis.","isCorrect":true},{"text":"ROT abolis localement.","isCorrect":true},{"text":"Troubles sensitifs diffus bilatéraux.","isCorrect":false,"justification":"Lésions localisées unilatérales."},{"text":"Étiologie la plus fréquente : sclérose en plaques.","isCorrect":false,"justification":"C’est une atteinte centrale."}]$$::jsonb, $$Le syndrome tronculaire correspond à une lésion d’un nerf unique avec déficit moteur et sensitif topographié.$$, 10, '2025-11-02T17:52:05.229Z');
INSERT INTO "Question" (id, "chapterId", "questionText", options, explanation, "orderIndex", "createdAt") VALUES ('cmhi0ddnz00jrk498l1yajitc', 'cmhi0ddnd00j3k498tr21p4v6', $$Polyneuropathie périphérique$$, $$[{"text":"Atteinte bilatérale et symétrique.","isCorrect":true},{"text":"Distribution en « gants et chaussettes ».","isCorrect":true},{"text":"Aréflexie diffuse.","isCorrect":true},{"text":"Troubles végétatifs possibles.","isCorrect":true},{"text":"Troubles corticaux associés.","isCorrect":false,"justification":"Ils sont absents."}]$$::jsonb, $$La polyneuropathie est une atteinte bilatérale, symétrique, distale et sensitivo-motrice.$$, 11, '2025-11-02T17:52:05.231Z');
INSERT INTO "Question" (id, "chapterId", "questionText", options, explanation, "orderIndex", "createdAt") VALUES ('cmhi0ddo000jtk4981jvu1yer', 'cmhi0ddnd00j3k498tr21p4v6', $$Principales causes$$, $$[{"text":"Diabète sucré.","isCorrect":true},{"text":"Carence en vitamine B₁₂.","isCorrect":true},{"text":"Intoxication alcoolique.","isCorrect":true},{"text":"Guillain-Barré.","isCorrect":true},{"text":"Sclérose latérale amyotrophique.","isCorrect":false,"justification":"Elle touche motoneurones centraux et périphériques."}]$$::jsonb, $$Les neuropathies périphériques ont des causes métaboliques, carentielles, toxiques ou immunologiques.$$, 12, '2025-11-02T17:52:05.233Z');
INSERT INTO "Question" (id, "chapterId", "questionText", options, explanation, "orderIndex", "createdAt") VALUES ('cmhi0ddo200jvk498joki9rmg', 'cmhi0ddnd00j3k498tr21p4v6', $$Syndrome de Guillain-Barré$$, $$[{"text":"Polyneuropathie aiguë inflammatoire démyélinisante.","isCorrect":true},{"text":"Évolution ascendante.","isCorrect":true},{"text":"ROT abolis.","isCorrect":true},{"text":"Atteinte respiratoire possible.","isCorrect":true},{"text":"Cause : hypokaliémie aiguë.","isCorrect":false,"justification":"C’est une réaction auto-immune post-infectieuse."}]$$::jsonb, $$Le Guillain-Barré est une urgence neurologique avec paralysie ascendante et risque d’insuffisance respiratoire.$$, 13, '2025-11-02T17:52:05.234Z');
INSERT INTO "Question" (id, "chapterId", "questionText", options, explanation, "orderIndex", "createdAt") VALUES ('cmhi0ddo400jxk498ntlcn3vn', 'cmhi0ddnd00j3k498tr21p4v6', $$Syndrome de Charcot-Marie-Tooth$$, $$[{"text":"Neuropathie héréditaire démyélinisante.","isCorrect":true},{"text":"Début brutal et douloureux.","isCorrect":false,"justification":"Il est progressif et indolore."},{"text":"Transmission toujours récessive.","isCorrect":false,"justification":"Elle peut être dominante ou récessive."},{"text":"Aréflexie absente.","isCorrect":false,"justification":"Elle est présente."},{"text":"Pas d’amyotrophie.","isCorrect":false,"justification":"Il existe amyotrophie distale."}]$$::jsonb, $$La maladie de Charcot-Marie-Tooth est une neuropathie héréditaire démyélinisante à évolution lente et distale.$$, 14, '2025-11-02T17:52:05.236Z');
INSERT INTO "Question" (id, "chapterId", "questionText", options, explanation, "orderIndex", "createdAt") VALUES ('cmhi0ddo500jzk4989bea775n', 'cmhi0ddnd00j3k498tr21p4v6', $$Exploration paraclinique$$, $$[{"text":"EMG et étude de conduction nerveuse.","isCorrect":true},{"text":"Ponction lombaire.","isCorrect":true},{"text":"Biopsie musculaire.","isCorrect":true},{"text":"Scanner cérébral systématique.","isCorrect":false,"justification":"Il n’explore pas le SNP."},{"text":"Dosage des CPK toujours augmenté.","isCorrect":false,"justification":"Il est normal dans les neuropathies."}]$$::jsonb, $$Les examens de référence sont l’EMG et l’étude de conduction nerveuse.$$, 15, '2025-11-02T17:52:05.238Z');
INSERT INTO "Question" (id, "chapterId", "questionText", options, explanation, "orderIndex", "createdAt") VALUES ('cmhi0ddo700k1k498vnu29xaq', 'cmhi0ddnd00j3k498tr21p4v6', $$Électromyogramme$$, $$[{"text":"Montre une vitesse de conduction ralentie.","isCorrect":true},{"text":"Montre des potentiels de dénervation.","isCorrect":true},{"text":"Toujours normal dans le SNP.","isCorrect":false,"justification":"Il est pathologique."},{"text":"Permet de localiser la lésion.","isCorrect":true},{"text":"Permet d’identifier la nature axonale ou démyélinisante.","isCorrect":true}]$$::jsonb, $$L’EMG est indispensable pour caractériser et localiser la lésion nerveuse périphérique.$$, 16, '2025-11-02T17:52:05.239Z');
INSERT INTO "Question" (id, "chapterId", "questionText", options, explanation, "orderIndex", "createdAt") VALUES ('cmhi0ddo900k3k498ura6u09n', 'cmhi0ddnd00j3k498tr21p4v6', $$Liquide céphalo-rachidien (LCR)$$, $$[{"text":"Peut montrer une dissociation albumino-cytologique.","isCorrect":true},{"text":"Normal dans la plupart des polyneuropathies chroniques.","isCorrect":true},{"text":"Toujours riche en cellules.","isCorrect":false,"justification":"Le nombre de cellules est normal."},{"text":"Utile au diagnostic de Guillain-Barré.","isCorrect":true},{"text":"Indique la nature du déficit musculaire.","isCorrect":false,"justification":"Il n’évalue pas la motricité."}]$$::jsonb, $$L’analyse du LCR aide à diagnostiquer les neuropathies inflammatoires (dissociation albumino-cytologique).$$, 17, '2025-11-02T17:52:05.241Z');
INSERT INTO "Question" (id, "chapterId", "questionText", options, explanation, "orderIndex", "createdAt") VALUES ('cmhi0ddoc00k5k498gwgn359w', 'cmhi0ddnd00j3k498tr21p4v6', $$Diagnostic différentiel$$, $$[{"text":"Syndrome pyramidal.","isCorrect":true},{"text":"Syndrome myogène.","isCorrect":true},{"text":"Syndrome extrapyramidal.","isCorrect":true},{"text":"Syndrome cérébelleux.","isCorrect":true},{"text":"Insuffisance cardiaque.","isCorrect":false,"justification":"Ce n’est pas neurologique."}]$$::jsonb, $$Le diagnostic différentiel repose sur l’analyse du tonus, des réflexes et de la topographie du déficit.$$, 18, '2025-11-02T17:52:05.244Z');
INSERT INTO "Question" (id, "chapterId", "questionText", options, explanation, "orderIndex", "createdAt") VALUES ('cmhi0ddoe00k7k498h69ye42y', 'cmhi0ddnd00j3k498tr21p4v6', $$Évolution et pronostic$$, $$[{"text":"Toujours réversible.","isCorrect":false,"justification":"Certaines neuropathies sont irréversibles."},{"text":"Peut être chronique ou aiguë.","isCorrect":true},{"text":"Les formes carentielles régressent sous traitement.","isCorrect":true},{"text":"Les formes héréditaires évoluent lentement.","isCorrect":true},{"text":"Ne justifie jamais de rééducation.","isCorrect":false,"justification":"La rééducation est essentielle."}]$$::jsonb, $$Le pronostic varie selon l’étiologie ; certaines neuropathies sont curables, d’autres nécessitent un suivi fonctionnel prolongé.$$, 19, '2025-11-02T17:52:05.246Z');
INSERT INTO "Chapter" (id, "subjectId", title, description, "orderIndex", "pdfUrl", "createdAt") VALUES ('cmhi0ddoh00k9k498klyrex4v', 'cmhi0ddn900j1k4988obeo56w', $$Chapitre 2 – Syndrome myogène$$, NULL, 2, NULL, '2025-11-02T17:52:05.249Z');
INSERT INTO "Question" (id, "chapterId", "questionText", options, explanation, "orderIndex", "createdAt") VALUES ('cmhi0ddoj00kbk498t4diqszb', 'cmhi0ddoh00k9k498klyrex4v', $$Définition et cadre général$$, $$[{"text":"Le syndrome myogène traduit une atteinte primaire du muscle.","isCorrect":true},{"text":"Il s’accompagne classiquement d’un déficit à prédominance proximale.","isCorrect":true},{"text":"Il s’associe à des troubles sensitifs nets.","isCorrect":false,"justification":"Pas de signes sensitifs intrinsèques."},{"text":"Il correspond à une atteinte du motoneurone périphérique.","isCorrect":false,"justification":"Neurogène, pas myogène."},{"text":"Les ROT sont toujours abolis d’emblée.","isCorrect":false,"justification":"Souvent conservés, chutent tardivement."}]$$::jsonb, $$Le myogène est une atteinte musculaire primitive avec déficit proximal sans trouble sensitif.$$, 0, '2025-11-02T17:52:05.251Z');
INSERT INTO "Question" (id, "chapterId", "questionText", options, explanation, "orderIndex", "createdAt") VALUES ('cmhi0ddok00kdk4982motlnpf', 'cmhi0ddoh00k9k498klyrex4v', $$Phénotype moteur typique$$, $$[{"text":"Difficulté à se lever d’une chaise (quadriceps).","isCorrect":true},{"text":"Difficulté à coiffer/porter (deltoïdes).","isCorrect":true},{"text":"Chute du tonus en extension des orteils isolée.","isCorrect":false,"justification":"Plutôt neuropathique distal."},{"text":"Fatigabilité proximale aux activités au-dessus de la tête.","isCorrect":true},{"text":"Paralysie faciale périphérique isolée.","isCorrect":false,"justification":"Nerf, pas muscle."}]$$::jsonb, $$Les muscles proximaux et axiaux sont préférentiellement touchés.$$, 1, '2025-11-02T17:52:05.253Z');
INSERT INTO "Question" (id, "chapterId", "questionText", options, explanation, "orderIndex", "createdAt") VALUES ('cmhi0ddom00kfk498xhlhoqpq', 'cmhi0ddoh00k9k498klyrex4v', $$Myalgies et douleurs$$, $$[{"text":"Les myalgies orientent vers une myosite.","isCorrect":true},{"text":"Les douleurs mécaniques aggravées à l’effort signent toujours une myopathie.","isCorrect":false,"justification":"Non spécifiques."},{"text":"L’absence de douleur élimine une cause musculaire.","isCorrect":false,"justification":"Nombreuses myopathies indolores."},{"text":"Douleur + CK élevée évoquent une nécrose musculaire.","isCorrect":true},{"text":"Crampes nocturnes isolées = myopathie.","isCorrect":false,"justification":"Non spécifiques."}]$$::jsonb, $$La douleur n’est pas obligatoire ; le couple myalgie + CK↑ évoque myolyse.$$, 2, '2025-11-02T17:52:05.254Z');
INSERT INTO "Question" (id, "chapterId", "questionText", options, explanation, "orderIndex", "createdAt") VALUES ('cmhi0ddoo00khk498921igtdx', 'cmhi0ddoh00k9k498klyrex4v', $$ROT et réflexes$$, $$[{"text":"Les ROT sont souvent conservés au début.","isCorrect":true},{"text":"Ils sont systématiquement vifs.","isCorrect":false,"justification":"Plutôt normaux ou diminués tardifs."},{"text":"Le réflexe idiomusculaire est aboli.","isCorrect":true},{"text":"Un Babinski oriente vers une myopathie pure.","isCorrect":false,"justification":"Atteinte centrale."},{"text":"L’aréflexie diffuse signe une polyradiculonévrite.","isCorrect":false,"justification":"Neurogène périphérique."}]$$::jsonb, $$ROT conservés (ou ↓ tard), idiomusculaire aboli, Babinski absent.$$, 3, '2025-11-02T17:52:05.256Z');
INSERT INTO "Question" (id, "chapterId", "questionText", options, explanation, "orderIndex", "createdAt") VALUES ('cmhi0ddop00kjk498kftr4wxc', 'cmhi0ddoh00k9k498klyrex4v', $$Tonus et trophicité$$, $$[{"text":"Hypotonie possible aux stades avancés.","isCorrect":true},{"text":"Spasticité fréquente.","isCorrect":false,"justification":"Pyramidal, pas myogène."},{"text":"Amyotrophie souvent tardive (sauf dystrophies).","isCorrect":true},{"text":"Fasciculations visibles courantes.","isCorrect":false,"justification":"Neurogène."},{"text":"Pseudo-hypertrophie des mollets dans certaines dystrophies.","isCorrect":true}]$$::jsonb, $$Tonicité non spastique, amyotrophie tardive, parfois pseudo-hypertrophie.$$, 4, '2025-11-02T17:52:05.257Z');
INSERT INTO "Question" (id, "chapterId", "questionText", options, explanation, "orderIndex", "createdAt") VALUES ('cmhi0ddor00klk498il9f036d', 'cmhi0ddoh00k9k498klyrex4v', $$Répartition du déficit$$, $$[{"text":"Atteinte proximale > distale.","isCorrect":true},{"text":"Axial (paravertébraux, fléchisseurs cervicaux) possible.","isCorrect":true},{"text":"Distal strict exclusif typique.","isCorrect":false,"justification":"Plutôt neuropathies, sauf myopathies distales rares."},{"text":"Ceinture scapulaire/ pelvienne souvent atteintes.","isCorrect":true},{"text":"Asymétrie franche constante.","isCorrect":false,"justification":"Plutôt symétrique, sauf lésions focales."}]$$::jsonb, $$Profil proximal, axial, symétrique dominant.$$, 5, '2025-11-02T17:52:05.259Z');
INSERT INTO "Question" (id, "chapterId", "questionText", options, explanation, "orderIndex", "createdAt") VALUES ('cmhi0ddou00knk498i7gfd04e', 'cmhi0ddoh00k9k498klyrex4v', $$Signes « négatifs » utiles$$, $$[{"text":"Pas de troubles sensitifs objectifs.","isCorrect":true},{"text":"Pas de Babinski.","isCorrect":true},{"text":"Pas de fasciculations.","isCorrect":true},{"text":"Pas de douleur jamais.","isCorrect":false,"justification":"Certaines myosites douloureuses."},{"text":"Pas d’atteinte oculomotrice possible.","isCorrect":false,"justification":"Mitochondriales : ptosis/ophthalmoplégie."}]$$::jsonb, $$Absence de sensitif/Pyramidal/fasciculations oriente vers le myogène.$$, 6, '2025-11-02T17:52:05.262Z');
INSERT INTO "Question" (id, "chapterId", "questionText", options, explanation, "orderIndex", "createdAt") VALUES ('cmhi0ddov00kpk498ew5vqizf', 'cmhi0ddoh00k9k498klyrex4v', $$Myotonie (maladie de Steinert & co)$$, $$[{"text":"Délai de décontraction après pression ou percussion.","isCorrect":true},{"text":"Soulagée par le « warm-up » (répétitions).","isCorrect":true},{"text":"Toujours signe d’atteinte neurogène.","isCorrect":false,"justification":"Myopathies myotoniques."},{"text":"CPK toujours normales.","isCorrect":false,"justification":"Variables."},{"text":"EMG avec décharges myotoniques typiques.","isCorrect":true}]$$::jsonb, $$La myotonie est myogène (décharges myotoniques EMG), améliorée par réchauffement.$$, 7, '2025-11-02T17:52:05.264Z');
INSERT INTO "Question" (id, "chapterId", "questionText", options, explanation, "orderIndex", "createdAt") VALUES ('cmhi0ddox00krk498x14qst31', 'cmhi0ddoh00k9k498klyrex4v', $$Atteinte respiratoire/bulbaire$$, $$[{"text":"Dysphagie dans les myosites sévères.","isCorrect":true},{"text":"Insuffisance respiratoire restrictive possible (diaphragme).","isCorrect":true},{"text":"Dysarthrie nasale possible.","isCorrect":true},{"text":"Déficit de la déglutition contre-indique une prise en charge.","isCorrect":false,"justification":"PEC urgente (kiné, nutrition)."},{"text":"Toux inefficace par faiblesse des muscles expiratoires.","isCorrect":true}]$$::jsonb, $$L’atteinte bulbo-respiratoire conditionne la gravité.$$, 8, '2025-11-02T17:52:05.265Z');
INSERT INTO "Question" (id, "chapterId", "questionText", options, explanation, "orderIndex", "createdAt") VALUES ('cmhi0ddoz00ktk4984j6j6xus', 'cmhi0ddoh00k9k498klyrex4v', $$Biologie simple$$, $$[{"text":"CPK élevées dans les myolyses/myosites.","isCorrect":true},{"text":"Aldolase peut être augmentée.","isCorrect":true},{"text":"ASAT/ALAT peuvent s’élever d’origine musculaire.","isCorrect":true},{"text":"CPK normales excluent une myopathie.","isCorrect":false,"justification":"Certaines myopathies CK N (stéroïdes…)."},{"text":"Myoglobinurie possible en rhabdomyolyse.","isCorrect":true}]$$::jsonb, $$CK/aldolase guident ; CK N ≠ exclusion.$$, 9, '2025-11-02T17:52:05.267Z');
INSERT INTO "Question" (id, "chapterId", "questionText", options, explanation, "orderIndex", "createdAt") VALUES ('cmhi0ddp000kvk498hyvt6e43', 'cmhi0ddoh00k9k498klyrex4v', $$EMG myogène$$, $$[{"text":"Potentiels unitaires de faible amplitude et courte durée.","isCorrect":true},{"text":"Recrutement précoce.","isCorrect":true},{"text":"Vitesses de conduction motrice très ralenties.","isCorrect":false,"justification":"Conduction N (atteinte non neurogène)."},{"text":"Décharges myotoniques possibles.","isCorrect":true},{"text":"Tracés de dénervation typiques.","isCorrect":false,"justification":"Neurogène."}]$$::jsonb, $$EMG : petits MUAP, recrutement précoce, conduction N.$$, 10, '2025-11-02T17:52:05.268Z');
INSERT INTO "Question" (id, "chapterId", "questionText", options, explanation, "orderIndex", "createdAt") VALUES ('cmhi0ddp200kxk498vtx4h6rq', 'cmhi0ddoh00k9k498klyrex4v', $$Biopsie musculaire$$, $$[{"text":"Confirme inflammation, nécrose, régénération.","isCorrect":true},{"text":"Utile dans dystrophies (dystrophine, sarcoglycanes).","isCorrect":true},{"text":"Toujours normale si CK élevées.","isCorrect":false,"justification":"Peut montrer nécrose."},{"text":"Immunohistochimie oriente le type de myopathie.","isCorrect":true},{"text":"Jamais nécessaire si EMG pathologique.","isCorrect":false,"justification":"Complémentaire pour l’étiologie."}]$$::jsonb, $$La biopsie documente la lésion et typage (inflammatoire/dystrophique/métabolique).$$, 11, '2025-11-02T17:52:05.270Z');
INSERT INTO "Question" (id, "chapterId", "questionText", options, explanation, "orderIndex", "createdAt") VALUES ('cmhi0ddp300kzk498gcluskrc', 'cmhi0ddoh00k9k498klyrex4v', $$Différencier myogène vs neurogène$$, $$[{"text":"Fasciculations → neurogène.","isCorrect":true},{"text":"Sensitif anormal → neurogène.","isCorrect":true},{"text":"Déficit distal prédominant → plutôt neurogène.","isCorrect":true},{"text":"ROT conservés → plutôt myogène.","isCorrect":true},{"text":"Babinski présent → myogène.","isCorrect":false,"justification":"Central."}]$$::jsonb, $$Fasciculations/sensitif/Babinski = non myogène.$$, 12, '2025-11-02T17:52:05.271Z');
INSERT INTO "Question" (id, "chapterId", "questionText", options, explanation, "orderIndex", "createdAt") VALUES ('cmhi0ddp500l1k498pe0o155t', 'cmhi0ddoh00k9k498klyrex4v', $$Myopathie induite par corticoïdes$$, $$[{"text":"Déficit proximal indolore.","isCorrect":true},{"text":"CPK très élevées d’emblée.","isCorrect":false,"justification":"Souvent normales."},{"text":"Atteinte distale prédominante.","isCorrect":false,"justification":"Proximale."},{"text":"Amélioration après réduction/arrêt des stéroïdes.","isCorrect":true},{"text":"Myalgies intenses caractéristiques.","isCorrect":false,"justification":"Peu douloureuse."}]$$::jsonb, $$Myopathie proximale, indolore, CK N, liée aux corticoïdes.$$, 13, '2025-11-02T17:52:05.273Z');
INSERT INTO "Question" (id, "chapterId", "questionText", options, explanation, "orderIndex", "createdAt") VALUES ('cmhi0ddp700l3k4982zq1wvyq', 'cmhi0ddoh00k9k498klyrex4v', $$Myopathies endocriniennes$$, $$[{"text":"Hypothyroïdie : myalgies, crampes, CK↑ possible.","isCorrect":true},{"text":"Hyperthyroïdie : faiblesse proximale avec amyotrophie.","isCorrect":true},{"text":"Cushing : spasticité.","isCorrect":false,"justification":"Myopathie proximale, pas spasticité."},{"text":"Hyperparathyroïdie : calcifications musculaires diffuses constantes.","isCorrect":false,"justification":"Non spécifiques/rares."},{"text":"Diabète : myopathie endocrinienne constante.","isCorrect":false,"justification":"Neuropathie plus typique."}]$$::jsonb, $$Thyroïdiennes et Cushing donnent des myopathies proximales.$$, 14, '2025-11-02T17:52:05.275Z');
INSERT INTO "Question" (id, "chapterId", "questionText", options, explanation, "orderIndex", "createdAt") VALUES ('cmhi0ddp900l5k498b4mugq0t', 'cmhi0ddoh00k9k498klyrex4v', $$Rhabdomyolyse$$, $$[{"text":"Myalgies aiguës + faiblesse + urines brunes.","isCorrect":true},{"text":"CK > 5× N, souvent > 5000 UI/L.","isCorrect":true},{"text":"Risque d’insuffisance rénale aiguë par myoglobinurie.","isCorrect":true},{"text":"Traitement : hydratation et alcalinisation si besoin.","isCorrect":true},{"text":"Statines jamais en cause.","isCorrect":false,"justification":"Peuvent induire myolyse."}]$$::jsonb, $$Urgence : CK très élevées, IRA possible → remplissage rapide.$$, 15, '2025-11-02T17:52:05.278Z');
INSERT INTO "Question" (id, "chapterId", "questionText", options, explanation, "orderIndex", "createdAt") VALUES ('cmhi0ddpb00l7k49816unm9k8', 'cmhi0ddoh00k9k498klyrex4v', $$Dystrophies de Duchenne/Becker$$, $$[{"text":"Garçon, début pédiatrique (Duchenne précoce, Becker plus tardif).","isCorrect":true},{"text":"Signe de Gowers (lever « en s’aidant des cuisses »).","isCorrect":true},{"text":"Pseudo-hypertrophie des mollets.","isCorrect":true},{"text":"CK normales.","isCorrect":false,"justification":"Très élevées."},{"text":"Cardiomyopathie possible.","isCorrect":true}]$$::jsonb, $$Dystrophinopathies : déficit proximal, CK↑↑, Gowers, cardiopathie.$$, 16, '2025-11-02T17:52:05.279Z');
INSERT INTO "Question" (id, "chapterId", "questionText", options, explanation, "orderIndex", "createdAt") VALUES ('cmhi0ddpd00l9k498hfh3fi7k', 'cmhi0ddoh00k9k498klyrex4v', $$Myopathies inflammatoires (PM/DM)$$, $$[{"text":"Déficit proximal progressif, parfois douleurs.","isCorrect":true},{"text":"Éruption cutanée en héliotrope et papules de Gottron (DM).","isCorrect":true},{"text":"CPK toujours normales.","isCorrect":false,"justification":"Souvent ↑."},{"text":"Réponse possible aux corticoïdes/immunosuppresseurs.","isCorrect":true},{"text":"Pas de risque néoplasique.","isCorrect":false,"justification":"DM de l’adulte : dépistage cancer."}]$$::jsonb, $$Polymyosite/Dermatomyosite : CK↑, déficit proximal, DM cutanée, immunothérapie.$$, 17, '2025-11-02T17:52:05.281Z');
INSERT INTO "Question" (id, "chapterId", "questionText", options, explanation, "orderIndex", "createdAt") VALUES ('cmhi0ddpe00lbk498e7hmgilp', 'cmhi0ddoh00k9k498klyrex4v', $$Myopathies mitochondriales$$, $$[{"text":"Intolérance à l’effort, fatigabilité.","isCorrect":true},{"text":"Acidose lactique possible.","isCorrect":true},{"text":"Ptosis et ophtalmoplégie externe chronique.","isCorrect":true},{"text":"Transmission typiquement maternelle.","isCorrect":true},{"text":"Biopsie avec fibres « tornade » (ragged-red fibers).","isCorrect":true}]$$::jsonb, $$Phénotype muscle + oculaire, lactates, hérédité maternelle, fibres rouges déchiquetées.$$, 18, '2025-11-02T17:52:05.283Z');
INSERT INTO "Question" (id, "chapterId", "questionText", options, explanation, "orderIndex", "createdAt") VALUES ('cmhi0ddpg00ldk498k5ix4rol', 'cmhi0ddoh00k9k498klyrex4v', $$Principes de prise en charge$$, $$[{"text":"Traiter l’étiologie (inflammatoire, endocrinienne, toxique).","isCorrect":true},{"text":"Rééducation motrice et respiratoire adaptées.","isCorrect":true},{"text":"Supplémentations nutritionnelles si sarcopénie/myolyse.","isCorrect":true},{"text":"Arrêt des traitements toxiques (statines, corticoïdes si iatrogène).","isCorrect":true},{"text":"Éviter tout exercice physique.","isCorrect":false,"justification":"Encadrer l’activité (aérobie modérée)."}]$$::jsonb, $$PEC étiologique + fonctionnelle (kiné, nutrition, sevrage toxiques), surveillance respi si atteinte axiale/bulbaire.$$, 19, '2025-11-02T17:52:05.284Z');
INSERT INTO "Chapter" (id, "subjectId", title, description, "orderIndex", "pdfUrl", "createdAt") VALUES ('cmhi0ddpj00lfk498sx82umkz', 'cmhi0ddn900j1k4988obeo56w', $$Chapitre 3 – Syndrome extrapyramidal$$, NULL, 3, NULL, '2025-11-02T17:52:05.287Z');
INSERT INTO "Question" (id, "chapterId", "questionText", options, explanation, "orderIndex", "createdAt") VALUES ('cmhi0ddpl00lhk498iggef8ci', 'cmhi0ddpj00lfk498sx82umkz', $$Définition$$, $$[{"text":"Ensemble de troubles du mouvement liés aux noyaux gris centraux.","isCorrect":true},{"text":"Il concerne les voies corticospinales.","isCorrect":false,"justification":"Ce sont les voies pyramidales."},{"text":"Il entraîne hypertonie et lenteur des mouvements.","isCorrect":true},{"text":"Il est toujours d’origine médullaire.","isCorrect":false,"justification":"Il est sous-cortical, pas médullaire."},{"text":"Il peut associer tremblement, akinésie, rigidité.","isCorrect":true}]$$::jsonb, $$Le syndrome extrapyramidal associe akinésie, hypertonie plastique et tremblement d’origine sous-corticale.$$, 0, '2025-11-02T17:52:05.289Z');
INSERT INTO "Question" (id, "chapterId", "questionText", options, explanation, "orderIndex", "createdAt") VALUES ('cmhi0ddpn00ljk498uiqtg7sd', 'cmhi0ddpj00lfk498sx82umkz', $$Structures concernées$$, $$[{"text":"Noyaux gris centraux (striatum, pallidum, thalamus).","isCorrect":true},{"text":"Substantia nigra.","isCorrect":true},{"text":"Cervelet.","isCorrect":false,"justification":"Donne syndrome cérébelleux."},{"text":"Tronc cérébral (voie nigro-striée).","isCorrect":true},{"text":"Moelle épinière.","isCorrect":false,"justification":"Non concernée."}]$$::jsonb, $$Le système extrapyramidal comprend les noyaux gris centraux et leurs connexions nigro-striées.$$, 1, '2025-11-02T17:52:05.291Z');
INSERT INTO "Question" (id, "chapterId", "questionText", options, explanation, "orderIndex", "createdAt") VALUES ('cmhi0ddpq00llk4987dkh5guk', 'cmhi0ddpj00lfk498sx82umkz', $$Triade parkinsonienne$$, $$[{"text":"Tremblement de repos.","isCorrect":true},{"text":"Hypertonie plastique.","isCorrect":true},{"text":"Akinésie.","isCorrect":true},{"text":"Marche à petits pas.","isCorrect":true},{"text":"Diminution du balancement des bras.","isCorrect":true}]$$::jsonb, $$La triade de Parkinson = tremblement de repos, akinésie, hypertonie plastique avec marche lente et bras figés.$$, 2, '2025-11-02T17:52:05.294Z');
INSERT INTO "Question" (id, "chapterId", "questionText", options, explanation, "orderIndex", "createdAt") VALUES ('cmhi0ddpr00lnk498s0gw68nr', 'cmhi0ddpj00lfk498sx82umkz', $$Tremblement parkinsonien$$, $$[{"text":"Présent au repos.","isCorrect":true},{"text":"Disparaît au mouvement volontaire.","isCorrect":true},{"text":"Repris à l’émotion.","isCorrect":true},{"text":"De fréquence rapide (8–10 Hz).","isCorrect":false,"justification":"Il est lent (4–6 Hz)."},{"text":"Symétrique d’emblée.","isCorrect":false,"justification":"Asymétrique au début."}]$$::jsonb, $$Tremblement lent, de repos, asymétrique, s’atténuant à l’action, typique du syndrome parkinsonien.$$, 3, '2025-11-02T17:52:05.296Z');
INSERT INTO "Question" (id, "chapterId", "questionText", options, explanation, "orderIndex", "createdAt") VALUES ('cmhi0ddpt00lpk498p7jkxg5q', 'cmhi0ddpj00lfk498sx82umkz', $$Hypertonie plastique$$, $$[{"text":"Tonus constant tout au long du mouvement passif.","isCorrect":true},{"text":"Sensation de « tuyau de plomb ».","isCorrect":true},{"text":"Dues à des réflexes de raccourcissement exagérés.","isCorrect":false,"justification":"Typique pyramidal."},{"text":"Peut être entrecoupée d’à-coups : phénomène de « roue dentée ».","isCorrect":true},{"text":"Toujours douloureuse.","isCorrect":false,"justification":"Généralement indolore."}]$$::jsonb, $$L’hypertonie plastique est uniforme, indolore, parfois crantée dans la maladie de Parkinson.$$, 4, '2025-11-02T17:52:05.298Z');
INSERT INTO "Question" (id, "chapterId", "questionText", options, explanation, "orderIndex", "createdAt") VALUES ('cmhi0ddpv00lrk498a6exmpue', 'cmhi0ddpj00lfk498sx82umkz', $$Akinésie$$, $$[{"text":"Lenteur d’initiation et d’exécution du mouvement.","isCorrect":true},{"text":"Difficulté à débuter un geste.","isCorrect":true},{"text":"Hyperactivité motrice constante.","isCorrect":false,"justification":"Au contraire, pauvreté des gestes."},{"text":"Diminution de l’expression faciale (amimie).","isCorrect":true},{"text":"Augmentation du débit de la parole.","isCorrect":false,"justification":"Voix monotone, lente, hypophonique."}]$$::jsonb, $$L’akinésie associe lenteur, pauvreté gestuelle et hypomimie caractéristiques.$$, 5, '2025-11-02T17:52:05.299Z');
INSERT INTO "Question" (id, "chapterId", "questionText", options, explanation, "orderIndex", "createdAt") VALUES ('cmhi0ddpx00ltk4984spvgz41', 'cmhi0ddpj00lfk498sx82umkz', $$Marche parkinsonienne$$, $$[{"text":"Marche à petits pas traînants.","isCorrect":true},{"text":"Difficulté à démarrer (freezing).","isCorrect":true},{"text":"Balancement exagéré des bras.","isCorrect":false,"justification":"Il est diminué."},{"text":"Chutes fréquentes en avant.","isCorrect":true},{"text":"Rétropulsion (chute arrière) possible.","isCorrect":true}]$$::jsonb, $$La marche parkinsonienne est lente, à petits pas, avec instabilité posturale et freezing.$$, 6, '2025-11-02T17:52:05.302Z');
INSERT INTO "Question" (id, "chapterId", "questionText", options, explanation, "orderIndex", "createdAt") VALUES ('cmhi0ddpz00lvk498e9986o99', 'cmhi0ddpj00lfk498sx82umkz', $$Tremblements extrapyramidaux$$, $$[{"text":"Tremblement intentionnel.","isCorrect":false,"justification":"Cérébelleux."},{"text":"Tremblement de repos.","isCorrect":true},{"text":"Tremblement postural.","isCorrect":false,"justification":"Essentiel."},{"text":"Tremblement rapide de 10 Hz.","isCorrect":false,"justification":"Trop rapide pour Parkinson."},{"text":"Tremblement provoqué par stress uniquement.","isCorrect":false,"justification":"Présent au repos."}]$$::jsonb, $$Le tremblement extrapyramidal est de repos, lent, s’atténuant à l’action.$$, 7, '2025-11-02T17:52:05.303Z');
INSERT INTO "Question" (id, "chapterId", "questionText", options, explanation, "orderIndex", "createdAt") VALUES ('cmhi0ddq100lxk4985zc6ovjm', 'cmhi0ddpj00lfk498sx82umkz', $$Syndrome parkinsonien secondaire$$, $$[{"text":"Peut être induit par des neuroleptiques.","isCorrect":true},{"text":"Peut être post-encéphalitique.","isCorrect":true},{"text":"Peut être vasculaire.","isCorrect":true},{"text":"Peut être médicamenteux (métoclopramide, flunarizine).","isCorrect":true},{"text":"Toujours idiopathique.","isCorrect":false,"justification":"Nombreuses causes secondaires."}]$$::jsonb, $$Le syndrome parkinsonien peut être idiopathique ou secondaire (médicaments, AVC, infections).$$, 8, '2025-11-02T17:52:05.305Z');
INSERT INTO "Question" (id, "chapterId", "questionText", options, explanation, "orderIndex", "createdAt") VALUES ('cmhi0ddq300lzk498rfqywdsd', 'cmhi0ddpj00lfk498sx82umkz', $$Maladie de Parkinson idiopathique$$, $$[{"text":"Début asymétrique.","isCorrect":true},{"text":"Bonne réponse à la L-dopa.","isCorrect":true},{"text":"Absence de signes pyramidaux.","isCorrect":true},{"text":"Tremblement intentionnel dominant.","isCorrect":false,"justification":"De repos."},{"text":"Déclin cognitif rapide initial.","isCorrect":false,"justification":"Tardif."}]$$::jsonb, $$Parkinson idiopathique = début asymétrique, réponse dopaminergique, sans signe pyramidal initial.$$, 9, '2025-11-02T17:52:05.307Z');
INSERT INTO "Question" (id, "chapterId", "questionText", options, explanation, "orderIndex", "createdAt") VALUES ('cmhi0ddq600m1k498fhmhf6sx', 'cmhi0ddpj00lfk498sx82umkz', $$Maladies apparentées (parkinson plus)$$, $$[{"text":"Atrophie multisystématisée (AMS).","isCorrect":true},{"text":"Paralysie supranucléaire progressive.","isCorrect":true},{"text":"Dégénérescence cortico-basale.","isCorrect":true},{"text":"Démence à corps de Lewy.","isCorrect":true},{"text":"Maladie de Charcot.","isCorrect":false,"justification":"Atteinte motoneurone, pas extrapyramidale."}]$$::jsonb, $$Les syndromes parkinson plus associent signes extrapyramidaux à d’autres atteintes (autonomiques, oculaires, cognitives).$$, 10, '2025-11-02T17:52:05.310Z');
INSERT INTO "Question" (id, "chapterId", "questionText", options, explanation, "orderIndex", "createdAt") VALUES ('cmhi0ddq800m3k4981yi641pt', 'cmhi0ddpj00lfk498sx82umkz', $$Syndrome choréique$$, $$[{"text":"Mouvements involontaires brusques et irréguliers.","isCorrect":true},{"text":"Disparaissent au sommeil.","isCorrect":true},{"text":"S’aggravent à l’émotion.","isCorrect":true},{"text":"Tremblement fin régulier.","isCorrect":false,"justification":"Mouvement irrégulier, non rythmique."},{"text":"Toujours secondaire à la dopamine.","isCorrect":false,"justification":"Causes multiples."}]$$::jsonb, $$La chorée = mouvements involontaires, irréguliers, hyperkinétiques et émotifs.$$, 11, '2025-11-02T17:52:05.313Z');
INSERT INTO "Question" (id, "chapterId", "questionText", options, explanation, "orderIndex", "createdAt") VALUES ('cmhi0ddqa00m5k498o5qurqx4', 'cmhi0ddpj00lfk498sx82umkz', $$Chorée de Huntington$$, $$[{"text":"Transmission autosomique dominante.","isCorrect":true},{"text":"Détérioration intellectuelle progressive.","isCorrect":true},{"text":"Mouvements lents et rythmiques.","isCorrect":false,"justification":"Irréguliers."},{"text":"Début toujours tardif (> 70 ans).","isCorrect":false,"justification":"Vers 40 ans."},{"text":"Pas de troubles psychiatriques.","isCorrect":false,"justification":"Fréquents."}]$$::jsonb, $$La chorée de Huntington associe hyperkinésie + démence + troubles psychiatriques.$$, 12, '2025-11-02T17:52:05.315Z');
INSERT INTO "Question" (id, "chapterId", "questionText", options, explanation, "orderIndex", "createdAt") VALUES ('cmhi0ddqd00m7k498r6yb6ej6', 'cmhi0ddpj00lfk498sx82umkz', $$Athétose$$, $$[{"text":"Mouvements lents, sinueux, reptants.","isCorrect":true},{"text":"Prédomine aux extrémités.","isCorrect":true},{"text":"Exagérée au repos.","isCorrect":false,"justification":"Aggravée à l’action."},{"text":"Toujours bilatérale.","isCorrect":false,"justification":"Souvent unilatérale post-lésionnelle."},{"text":"Signe d’une atteinte du cortex moteur.","isCorrect":false,"justification":"Noyaux gris centraux."}]$$::jsonb, $$L’athétose est une hyperkinésie lente, distale, aggravée à l’effort, par atteinte striatale.$$, 13, '2025-11-02T17:52:05.317Z');
INSERT INTO "Question" (id, "chapterId", "questionText", options, explanation, "orderIndex", "createdAt") VALUES ('cmhi0ddqf00m9k498yowga22s', 'cmhi0ddpj00lfk498sx82umkz', $$Hémiballisme$$, $$[{"text":"Mouvements brusques, amples, violents d’un hémicorps.","isCorrect":true},{"text":"Lésion du noyau sous-thalamique.","isCorrect":true},{"text":"Toujours bilatéral.","isCorrect":false,"justification":"Unilatéral."},{"text":"Cause fréquente : AVC.","isCorrect":true},{"text":"Traitement : dopaminergiques.","isCorrect":false,"justification":"Neuroleptiques sédatifs."}]$$::jsonb, $$L’hémiballisme = hyperkinésie violente unilatérale post-AVC sous-thalamique.$$, 14, '2025-11-02T17:52:05.319Z');
INSERT INTO "Question" (id, "chapterId", "questionText", options, explanation, "orderIndex", "createdAt") VALUES ('cmhi0ddqh00mbk498kkpd2ywi', 'cmhi0ddpj00lfk498sx82umkz', $$Myoclonies$$, $$[{"text":"Secousses rythmiques régulières.","isCorrect":false,"justification":"Irrégulières."},{"text":"Toujours corticales.","isCorrect":false,"justification":"Peuvent être sous-corticales ou spinales."},{"text":"Toujours pathologiques.","isCorrect":false,"justification":"Certaines physiologiques (hypniques)."},{"text":"Résistantes aux benzodiazépines.","isCorrect":false,"justification":"Sensibles."},{"text":"Spécifiques de Parkinson.","isCorrect":false,"justification":"Non spécifiques."}]$$::jsonb, $$Les myoclonies sont des secousses involontaires, irrégulières, d’origine variable.$$, 15, '2025-11-02T17:52:05.321Z');
INSERT INTO "Question" (id, "chapterId", "questionText", options, explanation, "orderIndex", "createdAt") VALUES ('cmhi0ddqj00mdk4984br8kv8i', 'cmhi0ddpj00lfk498sx82umkz', $$Tremblement essentiel$$, $$[{"text":"Tremblement postural ou d’action.","isCorrect":true},{"text":"Disparaît au repos.","isCorrect":true},{"text":"Fréquence rapide (8–10 Hz).","isCorrect":true},{"text":"S’améliore avec alcool.","isCorrect":true},{"text":"Répond à la L-dopa.","isCorrect":false,"justification":"Traitement : propranolol, primidone."}]$$::jsonb, $$Le tremblement essentiel est d’action, symétrique, souvent familial, sensible au bêtabloquant.$$, 16, '2025-11-02T17:52:05.323Z');
INSERT INTO "Question" (id, "chapterId", "questionText", options, explanation, "orderIndex", "createdAt") VALUES ('cmhi0ddql00mfk498fkaaj9xc', 'cmhi0ddpj00lfk498sx82umkz', $$Hyperkinésies dystoniques$$, $$[{"text":"Contractions musculaires soutenues, involontaires.","isCorrect":true},{"text":"Provoquent des attitudes anormales.","isCorrect":true},{"text":"Disparaissent toujours au sommeil.","isCorrect":true},{"text":"Aggravées par stress.","isCorrect":true},{"text":"Réversibles avec dopamine.","isCorrect":false,"justification":"Anticholinergiques parfois efficaces."}]$$::jsonb, $$Les dystonies = contractions soutenues, postures anormales, aggravées par stress.$$, 17, '2025-11-02T17:52:05.325Z');
INSERT INTO "Question" (id, "chapterId", "questionText", options, explanation, "orderIndex", "createdAt") VALUES ('cmhi0ddqn00mhk498jlbli7op', 'cmhi0ddpj00lfk498sx82umkz', $$Causes générales du syndrome extrapyramidal$$, $$[{"text":"Médicaments dopaminergiques.","isCorrect":false,"justification":"Traite, ne cause pas."},{"text":"Neuroleptiques.","isCorrect":true},{"text":"Encéphalite post-virale.","isCorrect":true},{"text":"Lésions vasculaires des noyaux gris.","isCorrect":true},{"text":"Hypothyroïdie.","isCorrect":false,"justification":"Myopathie possible, pas extrapyramidal."}]$$::jsonb, $$Causes fréquentes = neuroleptiques, AVC, post-encéphalite.$$, 18, '2025-11-02T17:52:05.327Z');
INSERT INTO "Question" (id, "chapterId", "questionText", options, explanation, "orderIndex", "createdAt") VALUES ('cmhi0ddqp00mjk498i9522sn7', 'cmhi0ddpj00lfk498sx82umkz', $$Traitement global$$, $$[{"text":"L-Dopa et agonistes dopaminergiques pour Parkinson.","isCorrect":true},{"text":"Anticholinergiques pour rigidité.","isCorrect":true},{"text":"Neuroleptiques pour tremblements.","isCorrect":false,"justification":"Aggravent."},{"text":"Rééducation motrice et équilibre.","isCorrect":true},{"text":"Réduction progressive des traitements causaux.","isCorrect":true}]$$::jsonb, $$Traitement = dopaminergiques, kinésithérapie, sevrage médicamenteux causal.$$, 19, '2025-11-02T17:52:05.329Z');
INSERT INTO "Chapter" (id, "subjectId", title, description, "orderIndex", "pdfUrl", "createdAt") VALUES ('cmhi0ddqs00mlk498lvw24tle', 'cmhi0ddn900j1k4988obeo56w', $$Chapitre 4 – Syndrome d’hypertension intracrânienne (HIC)$$, NULL, 4, NULL, '2025-11-02T17:52:05.332Z');
INSERT INTO "Question" (id, "chapterId", "questionText", options, explanation, "orderIndex", "createdAt") VALUES ('cmhi0ddrl00nbk498sz8mte2q', 'cmhi0ddqs00mlk498lvw24tle', $$Examen du fond d’œil$$, $$[{"text":"Montre un flou des bords papillaires.","isCorrect":true},{"text":"Hémorragies péripapillaires possibles.","isCorrect":true},{"text":"Disparition de la cupule optique.","isCorrect":true},{"text":"Signes bilatéraux.","isCorrect":true},{"text":"Toujours normal en HIC.","isCorrect":false,"justification":"Souvent anormal."}]$$::jsonb, $$L’examen du fond d’œil est essentiel dans tout syndrome d’HIC suspecté.$$, 12, '2025-11-02T17:52:05.362Z');
INSERT INTO "Question" (id, "chapterId", "questionText", options, explanation, "orderIndex", "createdAt") VALUES ('cmhi0ddqt00mnk498sm0osrdg', 'cmhi0ddqs00mlk498lvw24tle', $$Définition$$, $$[{"text":"L’HIC correspond à une élévation anormale de la pression intracrânienne.","isCorrect":true},{"text":"La pression normale du LCR est de 10 à 15 cmH₂O.","isCorrect":true},{"text":"Elle devient pathologique au-delà de 20 cmH₂O.","isCorrect":true},{"text":"Elle est toujours secondaire à une tumeur cérébrale.","isCorrect":false,"justification":"Multiples causes : tumeur, hématome, méningite, hydrocéphalie…"},{"text":"Elle se traduit uniquement par un coma.","isCorrect":false,"justification":"Le coma n’est qu’un stade extrême."}]$$::jsonb, $$L’HIC est une élévation du LCR > 20 cmH₂O, quelles qu’en soient les causes.$$, 0, '2025-11-02T17:52:05.334Z');
INSERT INTO "Question" (id, "chapterId", "questionText", options, explanation, "orderIndex", "createdAt") VALUES ('cmhi0ddqv00mpk498bggivrqn', 'cmhi0ddqs00mlk498lvw24tle', $$Principales causes$$, $$[{"text":"Tumeur intracrânienne.","isCorrect":true},{"text":"Hématome intracrânien.","isCorrect":true},{"text":"Hydrocéphalie.","isCorrect":true},{"text":"Méningite ou encéphalite.","isCorrect":true},{"text":"Hypoglycémie sévère.","isCorrect":false,"justification":"Trouble métabolique, non HIC."}]$$::jsonb, $$Les causes sont occupantes, obstructives ou inflammatoires du crâne.$$, 1, '2025-11-02T17:52:05.336Z');
INSERT INTO "Question" (id, "chapterId", "questionText", options, explanation, "orderIndex", "createdAt") VALUES ('cmhi0ddqx00mrk498lpzjfqa7', 'cmhi0ddqs00mlk498lvw24tle', $$Physiopathologie$$, $$[{"text":"Crâne = boîte inextensible : sang + LCR + tissu cérébral.","isCorrect":true},{"text":"Toute augmentation d’un composant doit être compensée par la baisse d’un autre.","isCorrect":true},{"text":"Si la compensation échoue → HIC.","isCorrect":true},{"text":"Le LCR est produit par les plexus choroïdes.","isCorrect":true},{"text":"Son excès est toujours compensé par la fuite veineuse.","isCorrect":false,"justification":"Compensation limitée."}]$$::jsonb, $$Le principe de Monro-Kellie explique la régulation intracrânienne : équilibre sang–LCR–tissu cérébral.$$, 2, '2025-11-02T17:52:05.338Z');
INSERT INTO "Question" (id, "chapterId", "questionText", options, explanation, "orderIndex", "createdAt") VALUES ('cmhi0ddqz00mtk498sviuzo0k', 'cmhi0ddqs00mlk498lvw24tle', $$Signes fonctionnels précoces$$, $$[{"text":"Céphalée matinale.","isCorrect":true},{"text":"Vomissements en jet.","isCorrect":true},{"text":"Diplopie par atteinte du VI.","isCorrect":true},{"text":"Fièvre élevée constante.","isCorrect":false,"justification":"Présente uniquement si cause infectieuse."},{"text":"Photophobie et raideur de nuque.","isCorrect":false,"justification":"Typiques du syndrome méningé."}]$$::jsonb, $$Les signes cardinaux de l’HIC = céphalée, vomissement, diplopie.$$, 3, '2025-11-02T17:52:05.339Z');
INSERT INTO "Question" (id, "chapterId", "questionText", options, explanation, "orderIndex", "createdAt") VALUES ('cmhi0ddr200mvk4985sj0p3o9', 'cmhi0ddqs00mlk498lvw24tle', $$Céphalée d’HIC$$, $$[{"text":"S’aggrave le matin.","isCorrect":true},{"text":"S’aggrave à la toux, l’effort, la position déclive.","isCorrect":true},{"text":"Calmée par le sommeil.","isCorrect":false,"justification":"Réveillante nocturne."},{"text":"Souvent occipitale.","isCorrect":true},{"text":"Toujours unilatérale.","isCorrect":false,"justification":"Diffuse le plus souvent."}]$$::jsonb, $$Céphalée matinale, diffuse, réveillante, majorée à l’effort = typique d’HIC.$$, 4, '2025-11-02T17:52:05.342Z');
INSERT INTO "Question" (id, "chapterId", "questionText", options, explanation, "orderIndex", "createdAt") VALUES ('cmhi0ddr400mxk498anzwkiun', 'cmhi0ddqs00mlk498lvw24tle', $$Vomissements d’HIC$$, $$[{"text":"Surviennent en jet sans effort.","isCorrect":true},{"text":"Soulagent parfois la céphalée.","isCorrect":true},{"text":"Toujours précédés de nausées.","isCorrect":false,"justification":"Souvent brusques, sans nausée."},{"text":"D’origine réflexe bulbaire.","isCorrect":true},{"text":"Spécifiques de la méningite.","isCorrect":false,"justification":"Non spécifiques, communs à plusieurs causes d’HIC."}]$$::jsonb, $$Vomissement brutal, en jet, sans effort, traduisant l’irritation bulbaire.$$, 5, '2025-11-02T17:52:05.344Z');
INSERT INTO "Question" (id, "chapterId", "questionText", options, explanation, "orderIndex", "createdAt") VALUES ('cmhi0ddr700mzk498ao19brhw', 'cmhi0ddqs00mlk498lvw24tle', $$Troubles visuels$$, $$[{"text":"Flou visuel intermittent.","isCorrect":true},{"text":"Baisse visuelle bilatérale progressive.","isCorrect":true},{"text":"Diplopie horizontale par atteinte du VI.","isCorrect":true},{"text":"Scintillements photopsiques.","isCorrect":true},{"text":"Mydriase bilatérale constante.","isCorrect":false,"justification":"Signe tardif d’engagement."}]$$::jsonb, $$Les troubles visuels sont liés à la stase papillaire et à l’atteinte du VI.$$, 6, '2025-11-02T17:52:05.348Z');
INSERT INTO "Question" (id, "chapterId", "questionText", options, explanation, "orderIndex", "createdAt") VALUES ('cmhi0ddra00n1k4984iuuo0ao', 'cmhi0ddqs00mlk498lvw24tle', $$Signes physiques généraux$$, $$[{"text":"Raideur de nuque.","isCorrect":false,"justification":"Méningé, pas HIC pur."},{"text":"Bradycardie et hypertension.","isCorrect":true},{"text":"Œdème papillaire.","isCorrect":true},{"text":"Vomissements sans effort.","isCorrect":true},{"text":"Dyspnée inspiratoire.","isCorrect":false,"justification":"Signe d’engagement terminal."}]$$::jsonb, $$L’association bradycardie + HTA + œdème papillaire signe l’HIC avancée.$$, 7, '2025-11-02T17:52:05.350Z');
INSERT INTO "Question" (id, "chapterId", "questionText", options, explanation, "orderIndex", "createdAt") VALUES ('cmhi0ddrc00n3k498kpeixj4c', 'cmhi0ddqs00mlk498lvw24tle', $$Œdème papillaire$$, $$[{"text":"Visible au fond d’œil.","isCorrect":true},{"text":"Traduit une stase veineuse rétinienne.","isCorrect":true},{"text":"Peut s’accompagner d’hémorragies péripapillaires.","isCorrect":true},{"text":"Toujours unilatéral.","isCorrect":false,"justification":"En général bilatéral."},{"text":"Réversible si cause traitée tôt.","isCorrect":true}]$$::jsonb, $$L’œdème papillaire est le signe fondamental d’HIC objectivé à l’ophtalmoscope.$$, 8, '2025-11-02T17:52:05.352Z');
INSERT INTO "Question" (id, "chapterId", "questionText", options, explanation, "orderIndex", "createdAt") VALUES ('cmhi0ddre00n5k498drvcipt7', 'cmhi0ddqs00mlk498lvw24tle', $$Évolution naturelle$$, $$[{"text":"Vers altération de la vigilance.","isCorrect":true},{"text":"Vers engagement cérébral.","isCorrect":true},{"text":"Vers atrophie optique irréversible.","isCorrect":true},{"text":"Toujours spontanément régressive.","isCorrect":false,"justification":"Rarement sans prise en charge."},{"text":"Sans conséquence sur la conscience.","isCorrect":false,"justification":"Peut mener au coma."}]$$::jsonb, $$L’HIC non traitée évolue vers coma et engagement cérébral.$$, 9, '2025-11-02T17:52:05.354Z');
INSERT INTO "Question" (id, "chapterId", "questionText", options, explanation, "orderIndex", "createdAt") VALUES ('cmhi0ddrg00n7k498mp6r77g0', 'cmhi0ddqs00mlk498lvw24tle', $$Signes d’engagement temporal$$, $$[{"text":"Mydriase homolatérale aréactive.","isCorrect":true},{"text":"Déviation conjuguée du regard controlatérale.","isCorrect":true},{"text":"Paralysie du VI bilatérale.","isCorrect":false,"justification":"Typique d’HIC globale."},{"text":"Hyperréflexie diffuse.","isCorrect":false,"justification":"Non spécifique."},{"text":"Disparition du Babinski.","isCorrect":false,"justification":"Signe pyramidal présent."}]$$::jsonb, $$L’engagement temporal = mydriase unilatérale, troubles oculaires, coma rapide.$$, 10, '2025-11-02T17:52:05.357Z');
INSERT INTO "Question" (id, "chapterId", "questionText", options, explanation, "orderIndex", "createdAt") VALUES ('cmhi0ddrj00n9k4982wkwyyji', 'cmhi0ddqs00mlk498lvw24tle', $$Signes d’engagement tonsillaire$$, $$[{"text":"Dépression respiratoire.","isCorrect":true},{"text":"Mydriase unilatérale.","isCorrect":false,"justification":"Temporal."},{"text":"Céphalée occipitale calmée par la position debout.","isCorrect":false,"justification":"Aggravée."},{"text":"Fièvre.","isCorrect":false,"justification":"Non spécifique."},{"text":"Diplopie isolée.","isCorrect":false,"justification":"Haut niveau."}]$$::jsonb, $$L’engagement tonsillaire (amygdalien) = bradypnée, troubles cardio-respiratoires → urgence vitale.$$, 11, '2025-11-02T17:52:05.359Z');
INSERT INTO "Question" (id, "chapterId", "questionText", options, explanation, "orderIndex", "createdAt") VALUES ('cmhi0ddrn00ndk498kur6otr9', 'cmhi0ddqs00mlk498lvw24tle', $$Imagerie cérébrale$$, $$[{"text":"TDM ou IRM confirment la cause.","isCorrect":true},{"text":"Permettent de rechercher un effet de masse.","isCorrect":true},{"text":"La PL doit précéder le scanner.","isCorrect":false,"justification":"Danger : engagement."},{"text":"IRM : utile pour hydrocéphalie ou tumeur.","isCorrect":true},{"text":"Imagerie inutile si œdème papillaire présent.","isCorrect":false,"justification":"Toujours nécessaire."}]$$::jsonb, $$L’imagerie précède toute PL et oriente le siège et la cause de l’HIC.$$, 13, '2025-11-02T17:52:05.364Z');
INSERT INTO "Question" (id, "chapterId", "questionText", options, explanation, "orderIndex", "createdAt") VALUES ('cmhi0ddrp00nfk498ibqw9m30', 'cmhi0ddqs00mlk498lvw24tle', $$Ponction lombaire$$, $$[{"text":"Contre-indiquée en cas de signes d’engagement.","isCorrect":true},{"text":"Permet de mesurer la pression du LCR.","isCorrect":true},{"text":"Peut provoquer un engagement si faite à tort.","isCorrect":true},{"text":"Toujours nécessaire avant scanner.","isCorrect":false,"justification":"Jamais avant imagerie."},{"text":"Inutile pour le diagnostic.","isCorrect":false,"justification":"Utile, si pas de masse visible."}]$$::jsonb, $$La PL confirme l’HIC uniquement si imagerie normale et sans engagement.$$, 14, '2025-11-02T17:52:05.365Z');
INSERT INTO "Question" (id, "chapterId", "questionText", options, explanation, "orderIndex", "createdAt") VALUES ('cmhi0ddrr00nhk498wbpt79ag', 'cmhi0ddqs00mlk498lvw24tle', $$Syndrome d’HIC bénigne idiopathique (pseudotumeur cérébrale)$$, $$[{"text":"Plus fréquente chez la femme jeune obèse.","isCorrect":true},{"text":"Céphalée, vomissements, œdème papillaire.","isCorrect":true},{"text":"Scanner/IRM normaux.","isCorrect":true},{"text":"Pression du LCR augmentée.","isCorrect":true},{"text":"Traitement chirurgical d’emblée.","isCorrect":false,"justification":"Médical d’abord (acétazolamide, perte pondérale)."}]$$::jsonb, $$L’HIC idiopathique = femme jeune, scanner normal, LCR↑, traitement médical.$$, 15, '2025-11-02T17:52:05.368Z');
INSERT INTO "Question" (id, "chapterId", "questionText", options, explanation, "orderIndex", "createdAt") VALUES ('cmhi0ddrt00njk4980pkc07pa', 'cmhi0ddqs00mlk498lvw24tle', $$HIC post-traumatique$$, $$[{"text":"Secondaire à un hématome sous-dural ou épidural.","isCorrect":true},{"text":"Peut évoluer rapidement vers un coma.","isCorrect":true},{"text":"Toujours bénigne.","isCorrect":false,"justification":"Urgence vitale."},{"text":"Traitement chirurgical souvent indiqué.","isCorrect":true},{"text":"Diagnostic posé par LCR.","isCorrect":false,"justification":"Scanner en urgence."}]$$::jsonb, $$HIC post-traumatique = urgence neurochirurgicale liée à un hématome compressif.$$, 16, '2025-11-02T17:52:05.369Z');
INSERT INTO "Question" (id, "chapterId", "questionText", options, explanation, "orderIndex", "createdAt") VALUES ('cmhi0ddru00nlk498fdplv349', 'cmhi0ddqs00mlk498lvw24tle', $$Évolution non traitée$$, $$[{"text":"Coma.","isCorrect":true},{"text":"Arrêt respiratoire.","isCorrect":true},{"text":"Bradycardie et hypertension terminales.","isCorrect":true},{"text":"Régression spontanée.","isCorrect":false,"justification":"Exceptionnelle."},{"text":"Survie prolongée sans traitement.","isCorrect":false,"justification":"Pronostic fatal."}]$$::jsonb, $$L’HIC non traitée conduit au coma et décès par engagement.$$, 17, '2025-11-02T17:52:05.371Z');
INSERT INTO "Question" (id, "chapterId", "questionText", options, explanation, "orderIndex", "createdAt") VALUES ('cmhi0ddrw00nnk4987brgh72s', 'cmhi0ddqs00mlk498lvw24tle', $$Traitement d’urgence$$, $$[{"text":"Oxygénation et ventilation.","isCorrect":true},{"text":"Tête surélevée à 30°.","isCorrect":true},{"text":"Mannitol IV ou hypertonique.","isCorrect":true},{"text":"PL immédiate.","isCorrect":false,"justification":"Contre-indiquée."},{"text":"Sédation légère et surveillance.","isCorrect":true}]$$::jsonb, $$L’urgence vise à baisser la pression (manitol, posture, ventilation) avant traitement étiologique.$$, 18, '2025-11-02T17:52:05.372Z');
INSERT INTO "Question" (id, "chapterId", "questionText", options, explanation, "orderIndex", "createdAt") VALUES ('cmhi0ddrx00npk4982kk4eu1h', 'cmhi0ddqs00mlk498lvw24tle', $$Pronostic$$, $$[{"text":"Dépend de la cause.","isCorrect":true},{"text":"Dépend de la rapidité de prise en charge.","isCorrect":true},{"text":"Toujours favorable.","isCorrect":false,"justification":"Grave sans traitement."},{"text":"L’engagement aggrave le pronostic.","isCorrect":true},{"text":"Aucun risque visuel.","isCorrect":false,"justification":"Atrophie optique possible."}]$$::jsonb, $$Le pronostic dépend du délai thérapeutique ; l’engagement menace le pronostic vital et visuel.$$, 19, '2025-11-02T17:52:05.374Z');
INSERT INTO "Chapter" (id, "subjectId", title, description, "orderIndex", "pdfUrl", "createdAt") VALUES ('cmhi0dds000nrk498q6k3r2x5', 'cmhi0ddn900j1k4988obeo56w', $$Chapitre 5 – Syndrome méningé$$, NULL, 5, NULL, '2025-11-02T17:52:05.376Z');
INSERT INTO "Question" (id, "chapterId", "questionText", options, explanation, "orderIndex", "createdAt") VALUES ('cmhi0dds200ntk498r3uk1f5z', 'cmhi0dds000nrk498q6k3r2x5', $$Définition$$, $$[{"text":"Ensemble de signes traduisant une irritation des méninges.","isCorrect":true},{"text":"C’est un syndrome moteur pur.","isCorrect":false,"justification":"Il comporte signes douloureux et réflexes, pas moteurs."},{"text":"Peut être infectieux, inflammatoire ou hémorragique.","isCorrect":true},{"text":"N’existe qu’en cas de méningite purulente.","isCorrect":false,"justification":"Aussi dans hémorragie méningée."},{"text":"Touche exclusivement les enfants.","isCorrect":false,"justification":"Peut concerner tout âge."}]$$::jsonb, $$Le syndrome méningé traduit une inflammation ou irritation des méninges d’origine variée.$$, 0, '2025-11-02T17:52:05.378Z');
INSERT INTO "Question" (id, "chapterId", "questionText", options, explanation, "orderIndex", "createdAt") VALUES ('cmhi0dds400nvk49839scodqj', 'cmhi0dds000nrk498q6k3r2x5', $$Anatomie fonctionnelle$$, $$[{"text":"Les méninges entourent l’encéphale et la moelle épinière.","isCorrect":true},{"text":"Les trois feuillets sont : dure-mère, arachnoïde, pie-mère.","isCorrect":true},{"text":"L’espace sous-arachnoïdien contient le LCR.","isCorrect":true},{"text":"La pie-mère est la plus externe.","isCorrect":false,"justification":"C’est la plus interne."},{"text":"L’irritation méningée touche toujours le cortex.","isCorrect":false,"justification":"Méninges, non substance cérébrale."}]$$::jsonb, $$Le LCR circule entre arachnoïde et pie-mère, où s’exprime le syndrome méningé.$$, 1, '2025-11-02T17:52:05.380Z');
INSERT INTO "Question" (id, "chapterId", "questionText", options, explanation, "orderIndex", "createdAt") VALUES ('cmhi0dds500nxk498860j5huf', 'cmhi0dds000nrk498q6k3r2x5', $$Causes infectieuses$$, $$[{"text":"Méningite bactérienne (méningocoque, pneumocoque).","isCorrect":true},{"text":"Méningite virale.","isCorrect":true},{"text":"Méningite tuberculeuse.","isCorrect":true},{"text":"Méningite parasitaire (toxoplasmose, cysticercose).","isCorrect":true},{"text":"Méningite fongique (cryptococcose).","isCorrect":true}]$$::jsonb, $$Les causes infectieuses incluent bactéries, virus, bacilles, champignons et parasites.$$, 2, '2025-11-02T17:52:05.381Z');
INSERT INTO "Question" (id, "chapterId", "questionText", options, explanation, "orderIndex", "createdAt") VALUES ('cmhi0dds700nzk498gx487a25', 'cmhi0dds000nrk498q6k3r2x5', $$Causes non infectieuses$$, $$[{"text":"Hémorragie méningée.","isCorrect":true},{"text":"Tumeurs méningées (carcinose).","isCorrect":true},{"text":"Médicaments (anti-inflammatoires, immuno).","isCorrect":true},{"text":"Lésions traumatiques.","isCorrect":true},{"text":"Hypocalcémie aiguë.","isCorrect":false,"justification":"Donne tétanie, pas syndrome méningé."}]$$::jsonb, $$De nombreuses causes non infectieuses peuvent irriter les méninges (sang, tumeur, inflammation chimique).$$, 3, '2025-11-02T17:52:05.383Z');
INSERT INTO "Question" (id, "chapterId", "questionText", options, explanation, "orderIndex", "createdAt") VALUES ('cmhi0dds800o1k498asq0gsgf', 'cmhi0dds000nrk498q6k3r2x5', $$Signes fonctionnels généraux$$, $$[{"text":"Céphalée intense.","isCorrect":true},{"text":"Vomissements en jet.","isCorrect":true},{"text":"Fièvre.","isCorrect":true},{"text":"Diplopie constante.","isCorrect":false,"justification":"Inconstante, parfois par atteinte du VI."},{"text":"Raideur de nuque.","isCorrect":true}]$$::jsonb, $$La triade céphalée + vomissement + raideur de nuque définit le tableau cardinal.$$, 4, '2025-11-02T17:52:05.384Z');
INSERT INTO "Question" (id, "chapterId", "questionText", options, explanation, "orderIndex", "createdAt") VALUES ('cmhi0dds900o3k498mkqsdnik', 'cmhi0dds000nrk498q6k3r2x5', $$Céphalée méningée$$, $$[{"text":"Diffuse, continue, intense.","isCorrect":true},{"text":"Majorée par la lumière (photophobie).","isCorrect":true},{"text":"Aggravée par les bruits (phonophobie).","isCorrect":true},{"text":"Calmée par le décubitus.","isCorrect":false,"justification":"Souvent aggravée."},{"text":"Soulagée par les antalgiques simples.","isCorrect":false,"justification":"Résiste aux antalgiques usuels."}]$$::jsonb, $$Céphalée diffuse, résistante, photophobique est typique de l’irritation méningée.$$, 5, '2025-11-02T17:52:05.386Z');
INSERT INTO "Question" (id, "chapterId", "questionText", options, explanation, "orderIndex", "createdAt") VALUES ('cmhi0ddsb00o5k498no7210re', 'cmhi0dds000nrk498q6k3r2x5', $$Raideur de nuque$$, $$[{"text":"Résistance à la flexion passive de la tête.","isCorrect":true},{"text":"Témoin de contracture réflexe des muscles cervicaux.","isCorrect":true},{"text":"Disparaît à l’endormissement.","isCorrect":true},{"text":"Présente dans toutes les méningites.","isCorrect":true},{"text":"Spécifique des méningites bactériennes.","isCorrect":false,"justification":"Non spécifique (existe aussi dans hémorragies)."}]$$::jsonb, $$Raideur de nuque = résistance réflexe de flexion, signe d’irritation méningée diffuse.$$, 6, '2025-11-02T17:52:05.387Z');
INSERT INTO "Question" (id, "chapterId", "questionText", options, explanation, "orderIndex", "createdAt") VALUES ('cmhi0ddsd00o7k498std6ave9', 'cmhi0dds000nrk498q6k3r2x5', $$Signes de Kernig et Brudzinski$$, $$[{"text":"Kernig : impossibilité d’étendre le genou sur hanche fléchie à 90°.","isCorrect":true},{"text":"Brudzinski : flexion involontaire des jambes lors de la flexion de la nuque.","isCorrect":true},{"text":"Signe d’une atteinte pyramidale.","isCorrect":false,"justification":"Méningée."},{"text":"Toujours présents.","isCorrect":false,"justification":"Parfois absents chez l’enfant ou le vieillard."},{"text":"Mécanisme réflexe douloureux méningé.","isCorrect":true}]$$::jsonb, $$Les signes de Kernig et Brudzinski sont caractéristiques mais inconstants.$$, 7, '2025-11-02T17:52:05.389Z');
INSERT INTO "Question" (id, "chapterId", "questionText", options, explanation, "orderIndex", "createdAt") VALUES ('cmhi0ddse00o9k498grgymned', 'cmhi0dds000nrk498q6k3r2x5', $$Photophobie et phonophobie$$, $$[{"text":"Liées à une irritation du cortex moteur.","isCorrect":false,"justification":"Méningée."},{"text":"Résultent de l’hyperexcitabilité méningée.","isCorrect":true},{"text":"Présentes uniquement dans les hémorragies.","isCorrect":false,"justification":"Aussi méningites virales."},{"text":"Spécifiques de l’enfant.","isCorrect":false,"justification":"Tout âge."},{"text":"Accompagnées d’une amaurose.","isCorrect":false,"justification":"Non associée."}]$$::jsonb, $$Photophobie et phonophobie traduisent une irritation sensorielle méningée.$$, 8, '2025-11-02T17:52:05.391Z');
INSERT INTO "Question" (id, "chapterId", "questionText", options, explanation, "orderIndex", "createdAt") VALUES ('cmhi0ddsg00obk498xd542c6y', 'cmhi0dds000nrk498q6k3r2x5', $$Troubles de la conscience$$, $$[{"text":"Présents dans les formes graves.","isCorrect":true},{"text":"Peuvent aller jusqu’au coma.","isCorrect":true},{"text":"Fréquents dans les méningites virales bénignes.","isCorrect":false,"justification":"Rares, réservés aux formes graves."},{"text":"S’expliquent par œdème cérébral associé.","isCorrect":true},{"text":"Toujours irréversibles.","isCorrect":false,"justification":"Réversibles sous traitement."}]$$::jsonb, $$Les troubles de conscience traduisent la souffrance corticale ou encéphalique secondaire à l’HIC.$$, 9, '2025-11-02T17:52:05.392Z');
INSERT INTO "Question" (id, "chapterId", "questionText", options, explanation, "orderIndex", "createdAt") VALUES ('cmhi0ddsi00odk498giyvcoyz', 'cmhi0dds000nrk498q6k3r2x5', $$Signes d’accompagnement$$, $$[{"text":"Fièvre élevée.","isCorrect":true},{"text":"Éruptions pétéchiales (méningocoque).","isCorrect":true},{"text":"Crises convulsives possibles.","isCorrect":true},{"text":"Bradycardie.","isCorrect":false,"justification":"HIC, pas méningite simple."},{"text":"Hypertonie plastique.","isCorrect":false,"justification":"Extrapyramidal."}]$$::jsonb, $$Fièvre, éruption et convulsions sont des signes d’accompagnement fréquents des méningites infectieuses.$$, 10, '2025-11-02T17:52:05.395Z');
INSERT INTO "Question" (id, "chapterId", "questionText", options, explanation, "orderIndex", "createdAt") VALUES ('cmhi0ddsk00ofk498xnuw0qkz', 'cmhi0dds000nrk498q6k3r2x5', $$Examen du fond d’œil$$, $$[{"text":"Recherche un œdème papillaire.","isCorrect":true},{"text":"Contre-indique la ponction lombaire s’il est présent.","isCorrect":true},{"text":"Toujours normal dans la méningite.","isCorrect":false,"justification":"Peut montrer stase."},{"text":"Nécessaire avant PL.","isCorrect":true},{"text":"Permet d’évaluer la tension artérielle.","isCorrect":false,"justification":"Ce n’est pas son but principal."}]$$::jsonb, $$Le fond d’œil doit précéder la PL pour éliminer une HIC.$$, 11, '2025-11-02T17:52:05.396Z');
INSERT INTO "Question" (id, "chapterId", "questionText", options, explanation, "orderIndex", "createdAt") VALUES ('cmhi0ddsl00ohk4985u0fnikg', 'cmhi0dds000nrk498q6k3r2x5', $$Examens complémentaires$$, $$[{"text":"Scanner ou IRM avant PL si signes de gravité.","isCorrect":true},{"text":"Ponction lombaire indispensable au diagnostic.","isCorrect":true},{"text":"Hémocultures systématiques avant antibiotiques.","isCorrect":true},{"text":"Dosage de la CRP inutile.","isCorrect":false,"justification":"Aide à différencier bactérienne/virale."},{"text":"La PL est contre-indiquée si suspicion d’hématome.","isCorrect":true}]$$::jsonb, $$Le diagnostic repose sur PL + imagerie préalable si signes d’engagement.$$, 12, '2025-11-02T17:52:05.398Z');
INSERT INTO "Question" (id, "chapterId", "questionText", options, explanation, "orderIndex", "createdAt") VALUES ('cmhi0ddsn00ojk498tf7rw65j', 'cmhi0dds000nrk498q6k3r2x5', $$Aspect du LCR$$, $$[{"text":"Clair dans les méningites virales.","isCorrect":true},{"text":"Purulent dans les méningites bactériennes.","isCorrect":true},{"text":"Xanthochromique dans les hémorragies.","isCorrect":true},{"text":"Hypertenu dans la majorité des cas.","isCorrect":true},{"text":"Toujours stérile.","isCorrect":false,"justification":"Bactéries identifiées à la culture."}]$$::jsonb, $$L’aspect du LCR oriente immédiatement vers la cause infectieuse ou hémorragique.$$, 13, '2025-11-02T17:52:05.399Z');
INSERT INTO "Question" (id, "chapterId", "questionText", options, explanation, "orderIndex", "createdAt") VALUES ('cmhi0ddsp00olk49851nntfvz', 'cmhi0dds000nrk498q6k3r2x5', $$LCR bactérien typique$$, $$[{"text":"Hyperprotéinorachie.","isCorrect":true},{"text":"Hypoglycorachie.","isCorrect":true},{"text":"Polynucléaires neutrophiles prédominants.","isCorrect":true},{"text":"Pression d’ouverture augmentée.","isCorrect":true},{"text":"Culture toujours négative.","isCorrect":false,"justification":"Culture positive oriente l’antibiothérapie."}]$$::jsonb, $$LCR bactérien = purulent, hyperprotéiné, hypoglycorachique, PNN++.$$, 14, '2025-11-02T17:52:05.401Z');
INSERT INTO "Question" (id, "chapterId", "questionText", options, explanation, "orderIndex", "createdAt") VALUES ('cmhi0ddsq00onk498nsa6n2ci', 'cmhi0dds000nrk498q6k3r2x5', $$LCR viral typique$$, $$[{"text":"Clair.","isCorrect":true},{"text":"Hyperlymphocytose modérée.","isCorrect":true},{"text":"Glycorachie normale.","isCorrect":true},{"text":"Protéines légèrement augmentées.","isCorrect":true},{"text":"Pression normale ou légèrement élevée.","isCorrect":true}]$$::jsonb, $$LCR viral = clair, lymphocytaire, protéines↑ modérées, glycorachie normale.$$, 15, '2025-11-02T17:52:05.402Z');
INSERT INTO "Question" (id, "chapterId", "questionText", options, explanation, "orderIndex", "createdAt") VALUES ('cmhi0ddss00opk498pxjf3jcz', 'cmhi0dds000nrk498q6k3r2x5', $$LCR tuberculeux$$, $$[{"text":"Jaunâtre xanthochromique.","isCorrect":true},{"text":"Hyperlymphocytose.","isCorrect":true},{"text":"Hypoglycorachie marquée.","isCorrect":true},{"text":"Protéines très élevées.","isCorrect":true},{"text":"Bacilles visibles à l’examen direct.","isCorrect":true}]$$::jsonb, $$LCR trouble, lymphocytaire, hypoglycorachique, protéines ↑↑, typique de la tuberculose.$$, 16, '2025-11-02T17:52:05.404Z');
INSERT INTO "Question" (id, "chapterId", "questionText", options, explanation, "orderIndex", "createdAt") VALUES ('cmhi0ddst00ork498ecb38njg', 'cmhi0dds000nrk498q6k3r2x5', $$Signes de gravité$$, $$[{"text":"Troubles de conscience.","isCorrect":true},{"text":"Convulsions.","isCorrect":true},{"text":"Purpura extensif.","isCorrect":true},{"text":"Hypotension.","isCorrect":true},{"text":"Raideur isolée sans fièvre.","isCorrect":false,"justification":"Forme bénigne ou non infectieuse."}]$$::jsonb, $$Les signes de gravité traduisent une atteinte méningo-encéphalique ou sepsis sévère.$$, 17, '2025-11-02T17:52:05.406Z');
INSERT INTO "Question" (id, "chapterId", "questionText", options, explanation, "orderIndex", "createdAt") VALUES ('cmhi0ddsv00otk4980fppv226', 'cmhi0dds000nrk498q6k3r2x5', $$Traitement d’urgence$$, $$[{"text":"Antibiothérapie IV immédiate (avant PL si retard).","isCorrect":true},{"text":"Corticothérapie adjuvante (dexaméthasone).","isCorrect":true},{"text":"Isolement du patient en cas de méningocoque.","isCorrect":true},{"text":"Réhydratation et antipyretique.","isCorrect":true},{"text":"PL systématique avant traitement.","isCorrect":false,"justification":"Seulement si possible sans risque."}]$$::jsonb, $$En urgence : antibiothérapie + corticoïdes + isolement si méningocoque.$$, 18, '2025-11-02T17:52:05.407Z');
INSERT INTO "Question" (id, "chapterId", "questionText", options, explanation, "orderIndex", "createdAt") VALUES ('cmhi0ddsx00ovk4986orn8amv', 'cmhi0dds000nrk498q6k3r2x5', $$Prévention$$, $$[{"text":"Vaccination antiméningococcique.","isCorrect":true},{"text":"Prophylaxie antibiotique des contacts.","isCorrect":true},{"text":"Port du masque obligatoire pour le personnel.","isCorrect":true},{"text":"Isolement respiratoire inutile.","isCorrect":false,"justification":"Indiqué pour méningocoque."},{"text":"Déclaration obligatoire de cas de méningite bactérienne.","isCorrect":true}]$$::jsonb, $$La prévention repose sur vaccination, isolement, prophylaxie et déclaration sanitaire.$$, 19, '2025-11-02T17:52:05.409Z');
INSERT INTO "Chapter" (id, "subjectId", title, description, "orderIndex", "pdfUrl", "createdAt") VALUES ('cmhi0ddt000oxk498qp7y0nd5', 'cmhi0ddn900j1k4988obeo56w', $$Chapitre 6 – Syndrome cérébelleux$$, NULL, 6, NULL, '2025-11-02T17:52:05.413Z');
INSERT INTO "Question" (id, "chapterId", "questionText", options, explanation, "orderIndex", "createdAt") VALUES ('cmhi0ddt200ozk49828ylbpsf', 'cmhi0ddt000oxk498qp7y0nd5', $$Définition$$, $$[{"text":"Ensemble de signes dus à une atteinte du cervelet ou de ses voies.","isCorrect":true},{"text":"Toujours d’origine médullaire.","isCorrect":false,"justification":"Atteinte sous-corticale postérieure."},{"text":"Responsable de troubles de coordination et d’équilibre.","isCorrect":true},{"text":"Ne modifie jamais le tonus musculaire.","isCorrect":false,"justification":"Souvent hypotonie."},{"text":"Toujours accompagné de déficit moteur pyramidal.","isCorrect":false,"justification":"Ataxie pure, sans paralysie."}]$$::jsonb, $$Le syndrome cérébelleux = trouble de coordination, d’équilibre et du tonus, sans déficit moteur.$$, 0, '2025-11-02T17:52:05.414Z');
INSERT INTO "Question" (id, "chapterId", "questionText", options, explanation, "orderIndex", "createdAt") VALUES ('cmhi0ddt300p1k4989x2jhuvb', 'cmhi0ddt000oxk498qp7y0nd5', $$Rappel anatomique$$, $$[{"text":"Cervelet divisé en 3 parties : archi-, paleo-, néocervelet.","isCorrect":true},{"text":"Archicervelet = équilibre.","isCorrect":true},{"text":"Paléocervelet = tonus et posture.","isCorrect":true},{"text":"Néocervelet = coordination fine et mouvements volontaires.","isCorrect":true},{"text":"Cervelet situé dans le lobe frontal.","isCorrect":false,"justification":"Il est sous-occipital."}]$$::jsonb, $$Le cervelet a une organisation fonctionnelle tridivisée : équilibre, tonus, coordination.$$, 1, '2025-11-02T17:52:05.416Z');
INSERT INTO "Question" (id, "chapterId", "questionText", options, explanation, "orderIndex", "createdAt") VALUES ('cmhi0ddt500p3k498bsqg0tvp', 'cmhi0ddt000oxk498qp7y0nd5', $$Fonctions principales$$, $$[{"text":"Coordination motrice.","isCorrect":true},{"text":"Équilibre et posture.","isCorrect":true},{"text":"Apprentissage moteur.","isCorrect":true},{"text":"Régulation du tonus musculaire.","isCorrect":true},{"text":"Sensibilité superficielle.","isCorrect":false,"justification":"Fonction sensorielle, pas cérébelleuse."}]$$::jsonb, $$Le cervelet assure coordination, équilibre, tonus et adaptation du mouvement.$$, 2, '2025-11-02T17:52:05.417Z');
INSERT INTO "Question" (id, "chapterId", "questionText", options, explanation, "orderIndex", "createdAt") VALUES ('cmhi0ddt700p5k4984j2y43d3', 'cmhi0ddt000oxk498qp7y0nd5', $$Types de syndrome cérébelleux$$, $$[{"text":"Statique (vermis).","isCorrect":true},{"text":"Cinétique (hémisphères).","isCorrect":true},{"text":"Mixtes (lésions étendues).","isCorrect":true},{"text":"Pyramidal.","isCorrect":false,"justification":"Autre voie."},{"text":"Vestibulaire.","isCorrect":false,"justification":"Différencié, mais parfois associé."}]$$::jsonb, $$Les atteintes du vermis → équilibre, celles des hémisphères → coordination.$$, 3, '2025-11-02T17:52:05.419Z');
INSERT INTO "Question" (id, "chapterId", "questionText", options, explanation, "orderIndex", "createdAt") VALUES ('cmhi0ddt900p7k4981a0fmocq', 'cmhi0ddt000oxk498qp7y0nd5', $$Syndrome statique$$, $$[{"text":"Trouble de la station debout.","isCorrect":true},{"text":"Chute à la fermeture des yeux (Romberg +).","isCorrect":false,"justification":"Négatif (pas sensoriel)."},{"text":"Oscillations du tronc.","isCorrect":true},{"text":"Polygone de sustentation élargi.","isCorrect":true},{"text":"Marche ébrieuse, titubante.","isCorrect":true}]$$::jsonb, $$Le syndrome statique = instabilité posturale, oscillations troncales, marche ébrieuse.$$, 4, '2025-11-02T17:52:05.421Z');
INSERT INTO "Question" (id, "chapterId", "questionText", options, explanation, "orderIndex", "createdAt") VALUES ('cmhi0ddta00p9k498kbiylixz', 'cmhi0ddt000oxk498qp7y0nd5', $$Syndrome cinétique$$, $$[{"text":"Dysmétrie.","isCorrect":true},{"text":"Asynergie.","isCorrect":true},{"text":"Adiadococinésie.","isCorrect":true},{"text":"Tremblement intentionnel.","isCorrect":true},{"text":"Babinski présent.","isCorrect":false,"justification":"Pyramidal, pas cérébelleux."}]$$::jsonb, $$Le syndrome cinétique = atteinte des gestes coordonnés volontaires.$$, 5, '2025-11-02T17:52:05.423Z');
INSERT INTO "Question" (id, "chapterId", "questionText", options, explanation, "orderIndex", "createdAt") VALUES ('cmhi0ddtc00pbk49882vjt02r', 'cmhi0ddt000oxk498qp7y0nd5', $$Dysmétrie$$, $$[{"text":"Dépassement ou insuffisance du but.","isCorrect":true},{"text":"Signe du doigt-nez positif.","isCorrect":true},{"text":"Signe du talon-genou.","isCorrect":true},{"text":"Exagérée à la fermeture des yeux.","isCorrect":false,"justification":"Identique yeux ouverts/fermés."},{"text":"Touche toujours les deux côtés.","isCorrect":false,"justification":"Homolatérale à la lésion."}]$$::jsonb, $$La dysmétrie traduit une mauvaise régulation d’amplitude du mouvement.$$, 6, '2025-11-02T17:52:05.424Z');
INSERT INTO "Question" (id, "chapterId", "questionText", options, explanation, "orderIndex", "createdAt") VALUES ('cmhi0ddte00pdk498jactygxu', 'cmhi0ddt000oxk498qp7y0nd5', $$Asynergie$$, $$[{"text":"Bonne coordination des mouvements synergiques.","isCorrect":false,"justification":"C’est la perte de coordination."},{"text":"Rupture de l’enchaînement harmonieux du mouvement.","isCorrect":true},{"text":"Accentuation du tonus musculaire.","isCorrect":false,"justification":"Hypotonie."},{"text":"Disparaît yeux fermés.","isCorrect":false,"justification":"Persiste."},{"text":"Spécifique des atteintes pyramidales.","isCorrect":false,"justification":"Cérébelleuse."}]$$::jsonb, $$L’asynergie est la perte d’harmonie du mouvement global.$$, 7, '2025-11-02T17:52:05.426Z');
INSERT INTO "Question" (id, "chapterId", "questionText", options, explanation, "orderIndex", "createdAt") VALUES ('cmhi0ddtg00pfk49889292y1u', 'cmhi0ddt000oxk498qp7y0nd5', $$Adiadococinésie$$, $$[{"text":"Incapacité à effectuer des mouvements alternés rapides.","isCorrect":true},{"text":"Due à un déficit de la motricité automatique.","isCorrect":true},{"text":"Présente dans les atteintes cérébelleuses hémisphériques.","isCorrect":true},{"text":"Disparaît yeux fermés.","isCorrect":false,"justification":"Persiste."},{"text":"Toujours bilatérale.","isCorrect":false,"justification":"Souvent homolatérale."}]$$::jsonb, $$L’adiadococinésie traduit une désynchronisation des mouvements alternatifs.$$, 8, '2025-11-02T17:52:05.429Z');
INSERT INTO "Question" (id, "chapterId", "questionText", options, explanation, "orderIndex", "createdAt") VALUES ('cmhi0ddti00phk498g6a0klp9', 'cmhi0ddt000oxk498qp7y0nd5', $$Tremblement cérébelleux$$, $$[{"text":"Apparaît à l’action.","isCorrect":true},{"text":"Tremblement d’attitude.","isCorrect":false,"justification":"Intentionnel."},{"text":"Disparaît au repos.","isCorrect":true},{"text":"Irrégulier, lent et ample.","isCorrect":true},{"text":"Sensible à la L-Dopa.","isCorrect":false,"justification":"Non dopasensible."}]$$::jsonb, $$Tremblement intentionnel, lent, ample, apparaissant à l’action, typiquement cérébelleux.$$, 9, '2025-11-02T17:52:05.431Z');
INSERT INTO "Question" (id, "chapterId", "questionText", options, explanation, "orderIndex", "createdAt") VALUES ('cmhi0ddtk00pjk498l8qin12c', 'cmhi0ddt000oxk498qp7y0nd5', $$Hypotonie cérébelleuse$$, $$[{"text":"Baisse du tonus musculaire.","isCorrect":true},{"text":"Souvent associée à un ballant exagéré.","isCorrect":true},{"text":"Se manifeste par un retard à la contraction.","isCorrect":true},{"text":"Accompagnée de spasticité.","isCorrect":false,"justification":"Atonie, pas spasticité."},{"text":"Bilatérale d’emblée.","isCorrect":false,"justification":"Homolatérale à la lésion."}]$$::jsonb, $$L’hypotonie cérébelleuse = flaccidité, ballant accru, contraction retardée.$$, 10, '2025-11-02T17:52:05.432Z');
INSERT INTO "Question" (id, "chapterId", "questionText", options, explanation, "orderIndex", "createdAt") VALUES ('cmhi0ddtm00plk498svwlaw0b', 'cmhi0ddt000oxk498qp7y0nd5', $$Dysarthrie cérébelleuse$$, $$[{"text":"Voix scandée, explosive.","isCorrect":true},{"text":"Parole lente, irrégulière.","isCorrect":true},{"text":"Voix monotone et hypophonique.","isCorrect":false,"justification":"Parkinsonienne."},{"text":"Peut être accompagnée d’ataxie bucco-linguée.","isCorrect":true},{"text":"Toujours d’origine périphérique.","isCorrect":false,"justification":"Centrale."}]$$::jsonb, $$Dysarthrie scandée et explosive, typique d’une atteinte cérébelleuse.$$, 11, '2025-11-02T17:52:05.434Z');
INSERT INTO "Question" (id, "chapterId", "questionText", options, explanation, "orderIndex", "createdAt") VALUES ('cmhi0ddto00pnk498dnl0ubed', 'cmhi0ddt000oxk498qp7y0nd5', $$Ataxie cérébelleuse$$, $$[{"text":"Trouble de la coordination motrice sans déficit moteur.","isCorrect":true},{"text":"Aggravée yeux fermés.","isCorrect":false,"justification":"Non aggravée (≠ proprioceptive)."},{"text":"Avec marche ébrieuse.","isCorrect":true},{"text":"Ataxie optocinétique associée.","isCorrect":false,"justification":"Non visuelle."},{"text":"Troubles posturaux même yeux ouverts.","isCorrect":true}]$$::jsonb, $$L’ataxie cérébelleuse = instabilité globale, non influencée par la vision.$$, 12, '2025-11-02T17:52:05.436Z');
INSERT INTO "Question" (id, "chapterId", "questionText", options, explanation, "orderIndex", "createdAt") VALUES ('cmhi0ddtq00ppk498d6jvv7cm', 'cmhi0ddt000oxk498qp7y0nd5', $$Épreuves de coordination$$, $$[{"text":"Épreuve doigt-nez.","isCorrect":true},{"text":"Épreuve talon-genou.","isCorrect":true},{"text":"Épreuve main-genou.","isCorrect":true},{"text":"Épreuve talon-oreille.","isCorrect":false,"justification":"Non utilisée."},{"text":"Épreuve talon-talon utile.","isCorrect":true}]$$::jsonb, $$Les épreuves de doigt-nez et talon-genou révèlent les troubles de coordination.$$, 13, '2025-11-02T17:52:05.438Z');
INSERT INTO "Question" (id, "chapterId", "questionText", options, explanation, "orderIndex", "createdAt") VALUES ('cmhi0ddts00prk4980sbfb9ha', 'cmhi0ddt000oxk498qp7y0nd5', $$Signes oculaires cérébelleux$$, $$[{"text":"Nystagmus horizontal.","isCorrect":true},{"text":"Nystagmus changeant de direction.","isCorrect":true},{"text":"Nystagmus vertical pur.","isCorrect":false,"justification":"Tronc cérébral."},{"text":"Aggravé à la fixation.","isCorrect":true},{"text":"Lié à un trouble de coordination oculomotrice.","isCorrect":true}]$$::jsonb, $$Le nystagmus cérébelleux est horizontal, multidirectionnel, aggravé à la fixation.$$, 14, '2025-11-02T17:52:05.440Z');
INSERT INTO "Question" (id, "chapterId", "questionText", options, explanation, "orderIndex", "createdAt") VALUES ('cmhi0ddtu00ptk498afhosy7j', 'cmhi0ddt000oxk498qp7y0nd5', $$Particularités topographiques$$, $$[{"text":"Syndrome vermien → instabilité posturale.","isCorrect":true},{"text":"Syndrome hémisphérique → troubles de coordination homolatéraux.","isCorrect":true},{"text":"Lésion du flocculo-nodulaire → troubles de l’équilibre et du regard.","isCorrect":true},{"text":"Lésion du pédoncule supérieur → syndrome sensitif.","isCorrect":false,"justification":"Moteur."},{"text":"Lésion bilatérale → hypotonie diffuse.","isCorrect":true}]$$::jsonb, $$Topographie : vermis = équilibre, hémisphère = coordination, flocculo-nodulaire = oculomotricité.$$, 15, '2025-11-02T17:52:05.442Z');
INSERT INTO "Question" (id, "chapterId", "questionText", options, explanation, "orderIndex", "createdAt") VALUES ('cmhi0ddtw00pvk498okth33zz', 'cmhi0ddt000oxk498qp7y0nd5', $$Étiologies fréquentes$$, $$[{"text":"Vasculaires (AVC du territoire vertébro-basilaire).","isCorrect":true},{"text":"Tumorales (médulloblastome, astrocytome).","isCorrect":true},{"text":"Toxiques (alcool, antiepileptiques).","isCorrect":true},{"text":"Infectieuses (abcès, méningite).","isCorrect":true},{"text":"Traumatiques.","isCorrect":true}]$$::jsonb, $$Les causes du syndrome cérébelleux sont vasculaires, tumorales, toxiques, infectieuses ou traumatiques.$$, 16, '2025-11-02T17:52:05.444Z');
INSERT INTO "Question" (id, "chapterId", "questionText", options, explanation, "orderIndex", "createdAt") VALUES ('cmhi0ddty00pxk498j9vynw6b', 'cmhi0ddt000oxk498qp7y0nd5', $$Cérébelleux vs Vestibulaire$$, $$[{"text":"Cérébelleux : marche ébrieuse, yeux ouverts ≠ vestibulaire : aggravée yeux fermés.","isCorrect":true},{"text":"Cérébelleux : nystagmus changeant, vestibulaire : unidirectionnel.","isCorrect":true},{"text":"Cérébelleux : pas de vertige vrai.","isCorrect":true},{"text":"Vestibulaire : signes auditifs associés.","isCorrect":true},{"text":"Les deux présentent Babinski.","isCorrect":false,"justification":"Aucun."}]$$::jsonb, $$Comparativement, le vestibulaire = vertige, cérébelleux = ataxie sans vertige.$$, 17, '2025-11-02T17:52:05.447Z');
INSERT INTO "Question" (id, "chapterId", "questionText", options, explanation, "orderIndex", "createdAt") VALUES ('cmhi0ddu000pzk4986ozhqtcv', 'cmhi0ddt000oxk498qp7y0nd5', $$Examens complémentaires$$, $$[{"text":"IRM cérébrale = examen de référence.","isCorrect":true},{"text":"Scanner utile en urgence (hémorragie).","isCorrect":true},{"text":"Épreuve calorique vestibulaire utile pour différencier.","isCorrect":true},{"text":"Électromyogramme.","isCorrect":false,"justification":"Musculaire, pas cérébelleux."},{"text":"Tests génétiques pour ataxies héréditaires.","isCorrect":true}]$$::jsonb, $$IRM, scanner et tests vestibulaires ou génétiques orientent la cause du syndrome cérébelleux.$$, 18, '2025-11-02T17:52:05.449Z');
INSERT INTO "Question" (id, "chapterId", "questionText", options, explanation, "orderIndex", "createdAt") VALUES ('cmhi0ddu200q1k4985pgkplw7', 'cmhi0ddt000oxk498qp7y0nd5', $$Traitement et évolution$$, $$[{"text":"Dépend de la cause.","isCorrect":true},{"text":"Rééducation motrice et posturale.","isCorrect":true},{"text":"Correction des causes toxiques (alcool, médicaments).","isCorrect":true},{"text":"Chirurgie si tumeur ou hémorragie compressive.","isCorrect":true},{"text":"Guérison spontanée toujours complète.","isCorrect":false,"justification":"Souvent séquelles."}]$$::jsonb, $$La prise en charge est étiologique et fonctionnelle ; la récupération dépend de la cause.$$, 19, '2025-11-02T17:52:05.451Z');
INSERT INTO "Chapter" (id, "subjectId", title, description, "orderIndex", "pdfUrl", "createdAt") VALUES ('cmhi0ddu500q3k498b9wzjfgd', 'cmhi0ddn900j1k4988obeo56w', $$Chapitre 7 – Syndrome pyramidal$$, NULL, 7, NULL, '2025-11-02T17:52:05.454Z');
INSERT INTO "Question" (id, "chapterId", "questionText", options, explanation, "orderIndex", "createdAt") VALUES ('cmhi0ddu700q5k4982o3g43gl', 'cmhi0ddu500q3k498b9wzjfgd', $$Définition$$, $$[{"text":"Ensemble de signes dus à une lésion du faisceau cortico-spinal.","isCorrect":true},{"text":"Traduit une atteinte périphérique.","isCorrect":false,"justification":"C’est une atteinte centrale."},{"text":"S’accompagne toujours de troubles sensitifs.","isCorrect":false,"justification":"Purement moteur."},{"text":"N’entraîne jamais de troubles du tonus.","isCorrect":false,"justification":"Donne hypertonie spastique."},{"text":"Exclusivement cérébelleux.","isCorrect":false,"justification":"Différent."}]$$::jsonb, $$Le syndrome pyramidal résulte d’une atteinte centrale motrice (voie cortico-spinale), sans trouble sensitif.$$, 0, '2025-11-02T17:52:05.456Z');
INSERT INTO "Question" (id, "chapterId", "questionText", options, explanation, "orderIndex", "createdAt") VALUES ('cmhi0ddua00q7k498hdv4sw93', 'cmhi0ddu500q3k498b9wzjfgd', $$Voie concernée$$, $$[{"text":"Faisceau cortico-spinal croisé.","isCorrect":true},{"text":"Faisceau spinothalamique.","isCorrect":false,"justification":"Voie sensitive."},{"text":"Faisceau vestibulo-spinal.","isCorrect":false,"justification":"Équilibre."},{"text":"Faisceau rubrospinal.","isCorrect":false,"justification":"Extrapyramidal."},{"text":"Voie du réflexe myotatique.","isCorrect":false,"justification":"Segmentaire."}]$$::jsonb, $$La voie cortico-spinale croisée est responsable de la motricité volontaire.$$, 1, '2025-11-02T17:52:05.458Z');
INSERT INTO "Question" (id, "chapterId", "questionText", options, explanation, "orderIndex", "createdAt") VALUES ('cmhi0dduc00q9k498slsy2igv', 'cmhi0ddu500q3k498b9wzjfgd', $$Lésion du faisceau pyramidal$$, $$[{"text":"Donne une paralysie flasque d’emblée.","isCorrect":true},{"text":"Puis une hypertonie spastique secondaire.","isCorrect":true},{"text":"Conserve les ROT normaux.","isCorrect":false,"justification":"ROT exagérés."},{"text":"Babinski négatif.","isCorrect":false,"justification":"Positif."},{"text":"Amyotrophie rapide.","isCorrect":false,"justification":"Lente et modérée."}]$$::jsonb, $$Une lésion pyramidale évolue d’un flasque initial → spasticité secondaire.$$, 2, '2025-11-02T17:52:05.461Z');
INSERT INTO "Question" (id, "chapterId", "questionText", options, explanation, "orderIndex", "createdAt") VALUES ('cmhi0dduf00qbk498wehclx7u', 'cmhi0ddu500q3k498b9wzjfgd', $$Tonus musculaire$$, $$[{"text":"Hypertonie plastique.","isCorrect":false,"justification":"C’est extrapyramidal."},{"text":"Hypertonie spastique.","isCorrect":true},{"text":"Hypotonie prolongée.","isCorrect":false,"justification":"Transitoire au début."},{"text":"Toujours uniforme.","isCorrect":false,"justification":"Variable selon groupe musculaire."},{"text":"Non influencée par la vitesse.","isCorrect":false,"justification":"Dépend de la vitesse."}]$$::jsonb, $$L’hypertonie spastique, dépendante de la vitesse du mouvement, est typique du pyramidal.$$, 3, '2025-11-02T17:52:05.463Z');
INSERT INTO "Question" (id, "chapterId", "questionText", options, explanation, "orderIndex", "createdAt") VALUES ('cmhi0dduh00qdk498wiqda5o9', 'cmhi0ddu500q3k498b9wzjfgd', $$ROT (réflexes ostéo-tendineux)$$, $$[{"text":"Exagérés.","isCorrect":true},{"text":"Abolis.","isCorrect":false,"justification":"Neurogène périphérique."},{"text":"Normaux.","isCorrect":false,"justification":"Exagérés avec diffusion."},{"text":"Douloureux.","isCorrect":false,"justification":"Non douloureux."},{"text":"Absents au début.","isCorrect":true}]$$::jsonb, $$Les ROT sont abolis transitoirement puis exagérés secondairement.$$, 4, '2025-11-02T17:52:05.465Z');
INSERT INTO "Question" (id, "chapterId", "questionText", options, explanation, "orderIndex", "createdAt") VALUES ('cmhi0dduj00qfk4982h3vqrrr', 'cmhi0ddu500q3k498b9wzjfgd', $$Réflexe cutané plantaire$$, $$[{"text":"En flexion du gros orteil = normal.","isCorrect":true},{"text":"En extension = signe de Babinski.","isCorrect":true},{"text":"Disparaît dans l’HIC.","isCorrect":false,"justification":"Non spécifique."},{"text":"Toujours bilatéral.","isCorrect":false,"justification":"Peut être unilatéral."},{"text":"Spécifique du périphérique.","isCorrect":false,"justification":"Central."}]$$::jsonb, $$Babinski = extension du gros orteil, signe d’atteinte cortico-spinale.$$, 5, '2025-11-02T17:52:05.467Z');
INSERT INTO "Question" (id, "chapterId", "questionText", options, explanation, "orderIndex", "createdAt") VALUES ('cmhi0ddul00qhk4983f8mvu5g', 'cmhi0ddu500q3k498b9wzjfgd', $$Répartition du déficit$$, $$[{"text":"Déficit prédominant distal.","isCorrect":true},{"text":"Déficit proximal pur.","isCorrect":false,"justification":"Myogène."},{"text":"Distribution en territoire nerveux.","isCorrect":false,"justification":"Non systématisé."},{"text":"Topographie variable selon le siège lésionnel.","isCorrect":true},{"text":"Bilatérale d’emblée.","isCorrect":false,"justification":"Souvent unilatérale."}]$$::jsonb, $$Le déficit moteur pyramidal touche surtout les muscles distaux.$$, 6, '2025-11-02T17:52:05.469Z');
INSERT INTO "Question" (id, "chapterId", "questionText", options, explanation, "orderIndex", "createdAt") VALUES ('cmhi0ddun00qjk498gbqw9yvu', 'cmhi0ddu500q3k498b9wzjfgd', $$Paralysie faciale centrale$$, $$[{"text":"Intéresse la moitié inférieure du visage controlatérale.","isCorrect":true},{"text":"Respecte le front.","isCorrect":true},{"text":"Intéresse la moitié entière du visage.","isCorrect":false,"justification":"Périphérique."},{"text":"Toujours homolatérale.","isCorrect":false,"justification":"Controlatérale."},{"text":"Toujours associée à un trouble de la déglutition.","isCorrect":false,"justification":"Pas systématique."}]$$::jsonb, $$La paralysie faciale centrale respecte le front et touche l’hémiface inférieure opposée.$$, 7, '2025-11-02T17:52:05.471Z');
INSERT INTO "Question" (id, "chapterId", "questionText", options, explanation, "orderIndex", "createdAt") VALUES ('cmhi0ddup00qlk49848mdpimz', 'cmhi0ddu500q3k498b9wzjfgd', $$Signe de Babinski$$, $$[{"text":"Flexion du gros orteil.","isCorrect":false,"justification":"Normal."},{"text":"Extension lente du gros orteil.","isCorrect":true},{"text":"Réflexe cutané abdominal.","isCorrect":false,"justification":"Autre."},{"text":"Toujours bilatéral.","isCorrect":false,"justification":"Souvent unilatéral."},{"text":"Douloureux.","isCorrect":false,"justification":"Indolore."}]$$::jsonb, $$Le Babinski positif = extension lente du gros orteil à la stimulation plantaire.$$, 8, '2025-11-02T17:52:05.473Z');
INSERT INTO "Question" (id, "chapterId", "questionText", options, explanation, "orderIndex", "createdAt") VALUES ('cmhi0ddur00qnk4981acp68n5', 'cmhi0ddu500q3k498b9wzjfgd', $$Autres réflexes pathologiques$$, $$[{"text":"Hoffmann.","isCorrect":true},{"text":"Chaddock.","isCorrect":true},{"text":"Oppenheim.","isCorrect":true},{"text":"Romberg.","isCorrect":false,"justification":"Sensoriel."},{"text":"Mingazzini.","isCorrect":true}]$$::jsonb, $$Les réflexes pathologiques traduisent hyperexcitabilité des arcs réflexes dans l’atteinte centrale.$$, 9, '2025-11-02T17:52:05.475Z');
INSERT INTO "Question" (id, "chapterId", "questionText", options, explanation, "orderIndex", "createdAt") VALUES ('cmhi0dduu00qpk498ytbhfkik', 'cmhi0ddu500q3k498b9wzjfgd', $$Phase initiale du syndrome$$, $$[{"text":"Hypotonie et aréflexie.","isCorrect":true},{"text":"Hypertonie et ROT vifs.","isCorrect":false,"justification":"Phase tardive."},{"text":"Babinski présent d’emblée.","isCorrect":true},{"text":"Amyotrophie rapide.","isCorrect":false,"justification":"Lente."},{"text":"Réflexe cutané aboli.","isCorrect":true}]$$::jsonb, $$Phase initiale : flasque + Babinski + aréflexie → puis spasticité secondaire.$$, 10, '2025-11-02T17:52:05.478Z');
INSERT INTO "Question" (id, "chapterId", "questionText", options, explanation, "orderIndex", "createdAt") VALUES ('cmhi0dduw00qrk498tsqwdznp', 'cmhi0ddu500q3k498b9wzjfgd', $$Signes secondaires$$, $$[{"text":"Spasticité.","isCorrect":true},{"text":"Clonus.","isCorrect":true},{"text":"Réflexe pendulaire.","isCorrect":false,"justification":"Cérébelleux."},{"text":"Hyporéflexie.","isCorrect":false,"justification":"Hyperréflexie."},{"text":"Hypotonie prolongée.","isCorrect":false,"justification":"Transitoire."}]$$::jsonb, $$Signes secondaires = spasticité + clonus + hyperréflexie.$$, 11, '2025-11-02T17:52:05.480Z');
INSERT INTO "Question" (id, "chapterId", "questionText", options, explanation, "orderIndex", "createdAt") VALUES ('cmhi0dduy00qtk498zn40z2tx', 'cmhi0ddu500q3k498b9wzjfgd', $$Distribution lésionnelle$$, $$[{"text":"Cortex moteur → hémiparésie controlatérale.","isCorrect":true},{"text":"Capsule interne → hémiplégie massive.","isCorrect":true},{"text":"Tronc cérébral → alternée.","isCorrect":true},{"text":"Moelle cervicale → tétraparésie.","isCorrect":true},{"text":"Moelle lombaire → hémianesthésie.","isCorrect":false,"justification":"Motricité, pas sensibilité."}]$$::jsonb, $$La topographie dépend du niveau de la voie cortico-spinale.$$, 12, '2025-11-02T17:52:05.482Z');
INSERT INTO "Question" (id, "chapterId", "questionText", options, explanation, "orderIndex", "createdAt") VALUES ('cmhi0ddv000qvk498fi1juxrf', 'cmhi0ddu500q3k498b9wzjfgd', $$Hémiplégie capsulaire$$, $$[{"text":"Intense et massive.","isCorrect":true},{"text":"Atteint face, bras, jambe du même côté.","isCorrect":true},{"text":"Hypertonie spastique rapide.","isCorrect":true},{"text":"Rotation du membre inférieur en dehors.","isCorrect":true},{"text":"Babinski toujours négatif.","isCorrect":false,"justification":"Positif."}]$$::jsonb, $$L’hémiplégie capsulaire = massive, controlatérale, spastique.$$, 13, '2025-11-02T17:52:05.484Z');
INSERT INTO "Question" (id, "chapterId", "questionText", options, explanation, "orderIndex", "createdAt") VALUES ('cmhi0ddv200qxk4989c23j8kj', 'cmhi0ddu500q3k498b9wzjfgd', $$Syndrome médullaire pyramidal$$, $$[{"text":"Paraparésie spastique.","isCorrect":true},{"text":"ROT abolis.","isCorrect":false,"justification":"Vifs."},{"text":"Babinski bilatéral.","isCorrect":true},{"text":"Troubles sphinctériens associés.","isCorrect":true},{"text":"Sensibilité toujours conservée.","isCorrect":false,"justification":"Parfois atteinte associée."}]$$::jsonb, $$Atteinte médullaire → paraparésie spastique, ROT↑, Babinski bilatéral, sphinctériens.$$, 14, '2025-11-02T17:52:05.486Z');
INSERT INTO "Question" (id, "chapterId", "questionText", options, explanation, "orderIndex", "createdAt") VALUES ('cmhi0ddv400qzk4986kdybsbw', 'cmhi0ddu500q3k498b9wzjfgd', $$Clonus$$, $$[{"text":"Secousses rythmiques après étirement brusque.","isCorrect":true},{"text":"Disparaît à la contraction volontaire.","isCorrect":true},{"text":"Présent au niveau du pied et du genou.","isCorrect":true},{"text":"Témoin d’hyperexcitabilité motoneuronale.","isCorrect":true},{"text":"Spécifique du périphérique.","isCorrect":false,"justification":"Central."}]$$::jsonb, $$Le clonus est un signe d’hyperexcitabilité réflexe dans l’atteinte pyramidale.$$, 15, '2025-11-02T17:52:05.488Z');
INSERT INTO "Question" (id, "chapterId", "questionText", options, explanation, "orderIndex", "createdAt") VALUES ('cmhi0ddv600r1k498lvvxuprg', 'cmhi0ddu500q3k498b9wzjfgd', $$Topographie et latéralisation$$, $$[{"text":"Atteinte au-dessus de la décussation → déficit controlatéral.","isCorrect":true},{"text":"Sous la décussation → déficit homolatéral.","isCorrect":true},{"text":"Dans le tronc cérébral → signes alternés.","isCorrect":true},{"text":"Dans le cortex → déficit axial.","isCorrect":false,"justification":"Distal prédominant."},{"text":"Dans la moelle → déficit bilatéral systématique.","isCorrect":false,"justification":"Souvent latéralisé."}]$$::jsonb, $$La latéralisation dépend de la décussation pyramidale bulbaire.$$, 16, '2025-11-02T17:52:05.490Z');
INSERT INTO "Question" (id, "chapterId", "questionText", options, explanation, "orderIndex", "createdAt") VALUES ('cmhi0ddv800r3k49805hp9sxs', 'cmhi0ddu500q3k498b9wzjfgd', $$Différentiel$$, $$[{"text":"Pyramidal vs neurogène : ROT vifs vs abolis.","isCorrect":true},{"text":"Pyramidal vs myogène : déficit distal vs proximal.","isCorrect":true},{"text":"Pyramidal vs cérébelleux : spasticité vs ataxie.","isCorrect":true},{"text":"Pyramidal vs extrapyramidal : lenteur vs tremblement.","isCorrect":true},{"text":"Tous donnent Babinski.","isCorrect":false,"justification":"Uniquement pyramidal."}]$$::jsonb, $$La comparaison du tonus et des réflexes oriente toujours le diagnostic différentiel.$$, 17, '2025-11-02T17:52:05.493Z');
INSERT INTO "Question" (id, "chapterId", "questionText", options, explanation, "orderIndex", "createdAt") VALUES ('cmhi0ddva00r5k498rtnfhi7b', 'cmhi0ddu500q3k498b9wzjfgd', $$Causes fréquentes$$, $$[{"text":"AVC ischémique.","isCorrect":true},{"text":"Traumatisme crânien.","isCorrect":true},{"text":"Sclérose en plaques.","isCorrect":true},{"text":"Tumeur compressive.","isCorrect":true},{"text":"Myasthénie.","isCorrect":false,"justification":"Jonction neuromusculaire, pas pyramidal."}]$$::jsonb, $$Causes majeures : AVC, SEP, tumeur, traumatisme.$$, 18, '2025-11-02T17:52:05.495Z');
INSERT INTO "Question" (id, "chapterId", "questionText", options, explanation, "orderIndex", "createdAt") VALUES ('cmhi0ddvc00r7k498qqnvfptd', 'cmhi0ddu500q3k498b9wzjfgd', $$Rééducation et pronostic$$, $$[{"text":"Kinésithérapie précoce.","isCorrect":true},{"text":"Prévention de la spasticité.","isCorrect":true},{"text":"Rééducation de la marche.","isCorrect":true},{"text":"Récupération toujours complète.","isCorrect":false,"justification":"Parfois séquelles spastiques."},{"text":"Rééducation inutile.","isCorrect":false,"justification":"Indispensable."}]$$::jsonb, $$La récupération dépend de la cause et de la précocité de la rééducation.$$, 19, '2025-11-02T17:52:05.497Z');
INSERT INTO "Chapter" (id, "subjectId", title, description, "orderIndex", "pdfUrl", "createdAt") VALUES ('cmhi0ddvh00r9k4982h6wy7rq', 'cmhi0ddn900j1k4988obeo56w', $$Chapitre 8 — Syndromes déficitaires moteurs et sensitifs$$, NULL, 8, NULL, '2025-11-02T17:52:05.501Z');
INSERT INTO "Question" (id, "chapterId", "questionText", options, explanation, "orderIndex", "createdAt") VALUES ('cmhi0ddvj00rbk498runrf1c4', 'cmhi0ddvh00r9k4982h6wy7rq', $$Définition générale$$, $$[{"text":"Ensemble de symptômes traduisant une perte ou diminution de fonction neurologique.","isCorrect":true},{"text":"Toujours moteur.","isCorrect":false,"justification":"Peut être moteur, sensitif ou mixte."},{"text":"Résulte d’une hyperexcitabilité nerveuse.","isCorrect":false,"justification":"C’est une perte de fonction."},{"text":"S’accompagne d’une douleur constante.","isCorrect":false,"justification":"Pas obligatoire."},{"text":"Implique systématiquement le cervelet.","isCorrect":false,"justification":"Pas toujours."}]$$::jsonb, $$Le syndrome déficitaire correspond à une perte de fonction neurologique motrice et/ou sensitive.$$, 0, '2025-11-02T17:52:05.503Z');
INSERT INTO "Question" (id, "chapterId", "questionText", options, explanation, "orderIndex", "createdAt") VALUES ('cmhi0ddvk00rdk498ywl50mm0', 'cmhi0ddvh00r9k4982h6wy7rq', $$Syndrome moteur central$$, $$[{"text":"Hypertonie spastique.","isCorrect":true},{"text":"ROT abolis.","isCorrect":false,"justification":"Exagérés."},{"text":"Babinski présent.","isCorrect":true},{"text":"Amyotrophie rapide.","isCorrect":false,"justification":"Lente."},{"text":"Hypotonie prolongée.","isCorrect":false,"justification":"Flasque transitoire."}]$$::jsonb, $$Le syndrome moteur central = spasticité + ROT↑ + Babinski.$$, 1, '2025-11-02T17:52:05.505Z');
INSERT INTO "Question" (id, "chapterId", "questionText", options, explanation, "orderIndex", "createdAt") VALUES ('cmhi0ddvm00rfk498evxz75av', 'cmhi0ddvh00r9k4982h6wy7rq', $$Syndrome moteur périphérique$$, $$[{"text":"Hypotonie et aréflexie.","isCorrect":true},{"text":"Babinski présent.","isCorrect":false,"justification":"Absent."},{"text":"Amyotrophie rapide.","isCorrect":true},{"text":"ROT exagérés.","isCorrect":false,"justification":"Abolis."},{"text":"Spasticité secondaire.","isCorrect":false,"justification":"Pas de spasticité."}]$$::jsonb, $$Le moteur périphérique = hypotonie + aréflexie + amyotrophie précoce.$$, 2, '2025-11-02T17:52:05.506Z');
INSERT INTO "Question" (id, "chapterId", "questionText", options, explanation, "orderIndex", "createdAt") VALUES ('cmhi0ddvo00rhk498rv84iwzl', 'cmhi0ddvh00r9k4982h6wy7rq', $$Déficit moteur pur$$, $$[{"text":"Peut s’observer dans les lésions de la capsule interne.","isCorrect":true},{"text":"Associé à des troubles de la sensibilité.","isCorrect":false,"justification":"Pur moteur."},{"text":"Toujours bilatéral.","isCorrect":false,"justification":"Souvent unilatéral (hémiparésie)."},{"text":"Nécessite atteinte du cervelet.","isCorrect":false,"justification":"Voie motrice."},{"text":"Non systématisé.","isCorrect":true}]$$::jsonb, $$Le déficit moteur pur traduit une atteinte du faisceau cortico-spinal.$$, 3, '2025-11-02T17:52:05.508Z');
INSERT INTO "Question" (id, "chapterId", "questionText", options, explanation, "orderIndex", "createdAt") VALUES ('cmhi0ddvr00rjk498858ohiqf', 'cmhi0ddvh00r9k4982h6wy7rq', $$Déficit sensitif$$, $$[{"text":"Perte partielle ou totale de la sensibilité.","isCorrect":true},{"text":"Peut être superficielle, profonde ou mixte.","isCorrect":true},{"text":"Se traduit toujours par une hyperesthésie.","isCorrect":false,"justification":"Parfois hypo- ou anesthésie."},{"text":"Limitée aux territoires distaux.","isCorrect":false,"justification":"Variable."},{"text":"Indépendante des voies sensitives.","isCorrect":false,"justification":"Directement liée à leur lésion."}]$$::jsonb, $$Le déficit sensitif = atteinte des voies superficielles et/ou profondes.$$, 4, '2025-11-02T17:52:05.511Z');
INSERT INTO "Question" (id, "chapterId", "questionText", options, explanation, "orderIndex", "createdAt") VALUES ('cmhi0ddvs00rlk498jeqip0qs', 'cmhi0ddvh00r9k4982h6wy7rq', $$Types de sensibilité$$, $$[{"text":"Superficielle : douleur, température, toucher.","isCorrect":true},{"text":"Profonde : position, vibration.","isCorrect":true},{"text":"Interne : viscérale.","isCorrect":true},{"text":"Haptique : audition.","isCorrect":false,"justification":"Sensoriel auditif."},{"text":"Corticale : discrimination fine.","isCorrect":true}]$$::jsonb, $$Sensibilité = superficielle, profonde, viscérale, et intégrative (corticale).$$, 5, '2025-11-02T17:52:05.513Z');
INSERT INTO "Question" (id, "chapterId", "questionText", options, explanation, "orderIndex", "createdAt") VALUES ('cmhi0ddvu00rnk498xnv96y5j', 'cmhi0ddvh00r9k4982h6wy7rq', $$Syndrome sensitif périphérique$$, $$[{"text":"Distribution en « gants et chaussettes ».","isCorrect":true},{"text":"Atteinte unilatérale systématisée.","isCorrect":false,"justification":"Bilatérale symétrique."},{"text":"Aréflexie associée.","isCorrect":true},{"text":"Hypertonie spastique.","isCorrect":false,"justification":"Flasque."},{"text":"Babinski positif.","isCorrect":false,"justification":"Négatif."}]$$::jsonb, $$Sensitif périphérique = symétrique distal + aréflexie.$$, 6, '2025-11-02T17:52:05.514Z');
INSERT INTO "Question" (id, "chapterId", "questionText", options, explanation, "orderIndex", "createdAt") VALUES ('cmhi0ddvw00rpk4981qfkl1lt', 'cmhi0ddvh00r9k4982h6wy7rq', $$Syndrome sensitif central$$, $$[{"text":"Atteinte d’un hémicorps.","isCorrect":true},{"text":"Topographie radiculaire.","isCorrect":false,"justification":"Périphérique."},{"text":"Douleurs thalamiques possibles.","isCorrect":true},{"text":"Hypoesthésie croisée.","isCorrect":true},{"text":"ROT abolis.","isCorrect":false,"justification":"Normaux ou vifs."}]$$::jsonb, $$Sensitif central = hémihypoesthésie controlatérale, parfois douleur thalamique.$$, 7, '2025-11-02T17:52:05.516Z');
INSERT INTO "Question" (id, "chapterId", "questionText", options, explanation, "orderIndex", "createdAt") VALUES ('cmhi0ddvx00rrk49862y190gt', 'cmhi0ddvh00r9k4982h6wy7rq', $$Syndrome thalamique de Dejerine-Roussy$$, $$[{"text":"Hémianesthésie controlatérale.","isCorrect":true},{"text":"Douleurs intenses, brûlantes.","isCorrect":true},{"text":"ROT abolis.","isCorrect":false,"justification":"Conservés."},{"text":"Hypotonie permanente.","isCorrect":false,"justification":"Spasticité secondaire."},{"text":"Ataxie motrice.","isCorrect":false,"justification":"Non motrice."}]$$::jsonb, $$Thalamique = anesthésie + douleurs paradoxales controlatérales.$$, 8, '2025-11-02T17:52:05.518Z');
INSERT INTO "Question" (id, "chapterId", "questionText", options, explanation, "orderIndex", "createdAt") VALUES ('cmhi0ddvz00rtk498zfb7i6w0', 'cmhi0ddvh00r9k4982h6wy7rq', $$Syndrome de Brown-Séquard$$, $$[{"text":"Hémisection médullaire.","isCorrect":true},{"text":"Atteinte motrice homolatérale.","isCorrect":true},{"text":"Perte thermoalgique controlatérale.","isCorrect":true},{"text":"Perte proprioceptive controlatérale.","isCorrect":false,"justification":"Homolatérale."},{"text":"Babinski bilatéral.","isCorrect":false,"justification":"Unilatéral."}]$$::jsonb, $$Brown-Séquard = motricité et sensibilité dissociées croisées.$$, 9, '2025-11-02T17:52:05.519Z');
INSERT INTO "Question" (id, "chapterId", "questionText", options, explanation, "orderIndex", "createdAt") VALUES ('cmhi0ddw000rvk498cuxv96hb', 'cmhi0ddvh00r9k4982h6wy7rq', $$Déficit sensitif cortical$$, $$[{"text":"Atteinte pariétale controlatérale.","isCorrect":true},{"text":"Astéréognosie.","isCorrect":true},{"text":"Sensibilité élémentaire abolie.","isCorrect":false,"justification":"Conservée."},{"text":"Douleur intense permanente.","isCorrect":false,"justification":"Rare."},{"text":"Hypotonie.","isCorrect":false,"justification":"Pyramidal, pas sensitif."}]$$::jsonb, $$Cortical pariétal → déficit de reconnaissance sans perte élémentaire.$$, 10, '2025-11-02T17:52:05.521Z');
INSERT INTO "Question" (id, "chapterId", "questionText", options, explanation, "orderIndex", "createdAt") VALUES ('cmhi0ddw200rxk498ie09h2k1', 'cmhi0ddvh00r9k4982h6wy7rq', $$Atteinte radiculaire$$, $$[{"text":"Douleur en trajet radiculaire.","isCorrect":true},{"text":"Topographie en bande (dermatome).","isCorrect":true},{"text":"ROT abolis au niveau du segment atteint.","isCorrect":true},{"text":"Bilatérale symétrique.","isCorrect":false,"justification":"Unilatérale."},{"text":"Babinski positif.","isCorrect":false,"justification":"Absent."}]$$::jsonb, $$Radiculaire = douleur, hypoesthésie, aréflexie segmentaire.$$, 11, '2025-11-02T17:52:05.522Z');
INSERT INTO "Question" (id, "chapterId", "questionText", options, explanation, "orderIndex", "createdAt") VALUES ('cmhi0ddw300rzk4983n4nz09q', 'cmhi0ddvh00r9k4982h6wy7rq', $$Polyneuropathies sensitives$$, $$[{"text":"Atteinte distale bilatérale.","isCorrect":true},{"text":"Aréflexie distale.","isCorrect":true},{"text":"Douleurs en chaussettes.","isCorrect":true},{"text":"Hypotonie centrale.","isCorrect":false,"justification":"Distale périphérique."},{"text":"Atteinte toujours aiguë.","isCorrect":false,"justification":"Souvent chronique."}]$$::jsonb, $$Polyneuropathies = distales, bilatérales, symétriques, douloureuses.$$, 12, '2025-11-02T17:52:05.524Z');
INSERT INTO "Question" (id, "chapterId", "questionText", options, explanation, "orderIndex", "createdAt") VALUES ('cmhi0ddw500s1k49833mba22s', 'cmhi0ddvh00r9k4982h6wy7rq', $$Déficit moteur et sensitif mixte$$, $$[{"text":"Possible dans la moelle épinière.","isCorrect":true},{"text":"S’observe dans les lésions médullaires compressives.","isCorrect":true},{"text":"Toujours périphérique.","isCorrect":false,"justification":"Souvent central."},{"text":"Jamais associé à des troubles sphinctériens.","isCorrect":false,"justification":"Souvent présents."},{"text":"Limitée aux membres supérieurs.","isCorrect":false,"justification":"Variable."}]$$::jsonb, $$Mixte = atteinte médullaire souvent avec troubles sphinctériens.$$, 13, '2025-11-02T17:52:05.525Z');
INSERT INTO "Question" (id, "chapterId", "questionText", options, explanation, "orderIndex", "createdAt") VALUES ('cmhi0ddw800s3k498kl99znma', 'cmhi0ddvh00r9k4982h6wy7rq', $$Troubles de la sensibilité profonde$$, $$[{"text":"Perte de la proprioception.","isCorrect":true},{"text":"Romberg positif.","isCorrect":true},{"text":"Dysmétrie aggravée yeux fermés.","isCorrect":true},{"text":"Tremblement intentionnel.","isCorrect":false,"justification":"Cérébelleux."},{"text":"Sensibilité douloureuse abolie.","isCorrect":false,"justification":"Conservée."}]$$::jsonb, $$Sensibilité profonde atteinte → ataxie sensorielle avec Romberg +.$$, 14, '2025-11-02T17:52:05.528Z');
INSERT INTO "Question" (id, "chapterId", "questionText", options, explanation, "orderIndex", "createdAt") VALUES ('cmhi0ddw900s5k498ycfpa66w', 'cmhi0ddvh00r9k4982h6wy7rq', $$Troubles de la sensibilité superficielle$$, $$[{"text":"Hypoesthésie thermo-algique.","isCorrect":true},{"text":"Respect de la sensibilité vibratoire.","isCorrect":true},{"text":"Lésion du faisceau spinothalamique.","isCorrect":true},{"text":"Romberg positif.","isCorrect":false,"justification":"Proprioception."},{"text":"Babinski présent.","isCorrect":false,"justification":"Central moteur."}]$$::jsonb, $$Sensibilité superficielle = douleur/température, faisceau spinothalamique.$$, 15, '2025-11-02T17:52:05.530Z');
INSERT INTO "Question" (id, "chapterId", "questionText", options, explanation, "orderIndex", "createdAt") VALUES ('cmhi0ddwb00s7k498q4n28b0m', 'cmhi0ddvh00r9k4982h6wy7rq', $$Causes centrales de déficit mixte$$, $$[{"text":"AVC.","isCorrect":true},{"text":"Sclérose en plaques.","isCorrect":true},{"text":"Lésions médullaires traumatiques.","isCorrect":true},{"text":"Myasthénie.","isCorrect":false,"justification":"Jonction, pas centrale."},{"text":"Polyradiculonévrite.","isCorrect":false,"justification":"Périphérique."}]$$::jsonb, $$Les atteintes centrales combinent souvent moteur + sensitif.$$, 16, '2025-11-02T17:52:05.531Z');
INSERT INTO "Question" (id, "chapterId", "questionText", options, explanation, "orderIndex", "createdAt") VALUES ('cmhi0ddwd00s9k4982rxka8l1', 'cmhi0ddvh00r9k4982h6wy7rq', $$Causes périphériques$$, $$[{"text":"Diabète.","isCorrect":true},{"text":"Carence en vitamine B₁₂.","isCorrect":true},{"text":"Alcoolisme.","isCorrect":true},{"text":"SEP.","isCorrect":false,"justification":"Centrale."},{"text":"AVC.","isCorrect":false,"justification":"Central."}]$$::jsonb, $$Les causes périphériques = diabète, alcool, carences.$$, 17, '2025-11-02T17:52:05.533Z');
INSERT INTO "Question" (id, "chapterId", "questionText", options, explanation, "orderIndex", "createdAt") VALUES ('cmhi0ddwe00sbk498rwvwg3wk', 'cmhi0ddvh00r9k4982h6wy7rq', $$Examens complémentaires$$, $$[{"text":"EMG pour atteinte périphérique.","isCorrect":true},{"text":"IRM cérébrale et médullaire pour atteinte centrale.","isCorrect":true},{"text":"Ponction lombaire pour neuropathie inflammatoire.","isCorrect":true},{"text":"Scanner thoracique systématique.","isCorrect":false,"justification":"Non spécifique."},{"text":"EEG.","isCorrect":false,"justification":"Crises, pas déficits."}]$$::jsonb, $$Les explorations ciblent le niveau lésionnel (EMG ↔ périph., IRM ↔ central).$$, 18, '2025-11-02T17:52:05.534Z');
INSERT INTO "Question" (id, "chapterId", "questionText", options, explanation, "orderIndex", "createdAt") VALUES ('cmhi0ddwg00sdk498tcx512ci', 'cmhi0ddvh00r9k4982h6wy7rq', $$Évolution et pronostic$$, $$[{"text":"Dépendent de la cause.","isCorrect":true},{"text":"Peuvent régresser totalement.","isCorrect":true},{"text":"Sont toujours irréversibles.","isCorrect":false,"justification":"Certaines curables."},{"text":"N’impliquent jamais la rééducation.","isCorrect":false,"justification":"Essentielle."},{"text":"La plasticité neuronale favorise la récupération.","isCorrect":true}]$$::jsonb, $$Le pronostic dépend de l’étiologie et de la plasticité neuronale, d’où l’importance de la rééducation.$$, 19, '2025-11-02T17:52:05.536Z');
INSERT INTO "Chapter" (id, "subjectId", title, description, "orderIndex", "pdfUrl", "createdAt") VALUES ('cmhi0ddwi00sfk4987sgge76b', 'cmhi0ddn900j1k4988obeo56w', $$Chapitre 9 – Syndromes neuropsychiatriques$$, NULL, 9, NULL, '2025-11-02T17:52:05.539Z');
INSERT INTO "Question" (id, "chapterId", "questionText", options, explanation, "orderIndex", "createdAt") VALUES ('cmhi0ddwk00shk498235mlphu', 'cmhi0ddwi00sfk4987sgge76b', $$Définition$$, $$[{"text":"Ensemble de troubles psychiques d’origine cérébrale organique.","isCorrect":true},{"text":"Ne concernent que les affections psychiatriques pures.","isCorrect":false,"justification":"Ils sont neurologiques avec retentissement mental."},{"text":"Englobent confusion, démence, syndrome frontal.","isCorrect":true},{"text":"Relèvent toujours d’une cause psychogène.","isCorrect":false,"justification":"Cause organique."},{"text":"N’entraînent jamais de troubles cognitifs.","isCorrect":false,"justification":"Fréquents."}]$$::jsonb, $$Les syndromes neuropsychiatriques traduisent une atteinte cérébrale affectant le comportement et la cognition.$$, 0, '2025-11-02T17:52:05.540Z');
INSERT INTO "Question" (id, "chapterId", "questionText", options, explanation, "orderIndex", "createdAt") VALUES ('cmhi0ddwm00sjk498wbd7f0gf', 'cmhi0ddwi00sfk4987sgge76b', $$Syndrome confusionnel$$, $$[{"text":"Trouble aigu de la conscience et de l’attention.","isCorrect":true},{"text":"Début brutal et réversible.","isCorrect":true},{"text":"Début insidieux et chronique.","isCorrect":false,"justification":"C’est la démence."},{"text":"Hallucinations rares.","isCorrect":false,"justification":"Fréquentes, visuelles."},{"text":"Orientation spatio-temporelle conservée.","isCorrect":false,"justification":"Altérée."}]$$::jsonb, $$La confusion = état aigu, réversible, avec désorientation et troubles attentionnels.$$, 1, '2025-11-02T17:52:05.543Z');
INSERT INTO "Question" (id, "chapterId", "questionText", options, explanation, "orderIndex", "createdAt") VALUES ('cmhi0ddwp00slk4980qzv8ger', 'cmhi0ddwi00sfk4987sgge76b', $$Causes du syndrome confusionnel$$, $$[{"text":"Encéphalopathie métabolique.","isCorrect":true},{"text":"Infection (méningo-encéphalite, sepsis).","isCorrect":true},{"text":"Traumatisme crânien.","isCorrect":true},{"text":"Crise d’épilepsie.","isCorrect":true},{"text":"Dépression majeure.","isCorrect":false,"justification":"Psychique, pas confusionnelle."}]$$::jsonb, $$Les causes de confusion sont organiques, toxiques, métaboliques ou infectieuses.$$, 2, '2025-11-02T17:52:05.545Z');
INSERT INTO "Question" (id, "chapterId", "questionText", options, explanation, "orderIndex", "createdAt") VALUES ('cmhi0ddwr00snk498axy1o1fy', 'cmhi0ddwi00sfk4987sgge76b', $$Syndrome frontal$$, $$[{"text":"Troubles du comportement et de l’initiative.","isCorrect":true},{"text":"Réduction des inhibitions sociales.","isCorrect":true},{"text":"Apathie ou désinhibition.","isCorrect":true},{"text":"Atteinte du cortex pariétal.","isCorrect":false,"justification":"Frontal."},{"text":"Absence de trouble intellectuel.","isCorrect":false,"justification":"Perturbation du raisonnement."}]$$::jsonb, $$Le syndrome frontal = troubles du comportement, du jugement et de l’initiative.$$, 3, '2025-11-02T17:52:05.547Z');
INSERT INTO "Question" (id, "chapterId", "questionText", options, explanation, "orderIndex", "createdAt") VALUES ('cmhi0ddwt00spk498orh2k8j1', 'cmhi0ddwi00sfk4987sgge76b', $$Signes cliniques du syndrome frontal$$, $$[{"text":"Familiarité excessive.","isCorrect":true},{"text":"Vulgarité verbale.","isCorrect":true},{"text":"Comportement puéril.","isCorrect":true},{"text":"Apraxie idéomotrice.","isCorrect":false,"justification":"Pariétal."},{"text":"Hallucinations auditives.","isCorrect":false,"justification":"Psychotique."}]$$::jsonb, $$Frontal = désinhibition, conduite sociale altérée, perte du contrôle critique.$$, 4, '2025-11-02T17:52:05.549Z');
INSERT INTO "Question" (id, "chapterId", "questionText", options, explanation, "orderIndex", "createdAt") VALUES ('cmhi0ddwu00srk498jods5ezn', 'cmhi0ddwi00sfk4987sgge76b', $$Syndrome démentiel$$, $$[{"text":"Trouble chronique et progressif des fonctions cognitives.","isCorrect":true},{"text":"Désorientation dans le temps et l’espace.","isCorrect":true},{"text":"Hallucinations visuelles constantes.","isCorrect":false,"justification":"Accessoires."},{"text":"Mémoire préservée.","isCorrect":false,"justification":"Altérée."},{"text":"Réversible avec traitement.","isCorrect":false,"justification":"Irréversible le plus souvent."}]$$::jsonb, $$La démence = trouble global, chronique, irréversible des fonctions supérieures.$$, 5, '2025-11-02T17:52:05.551Z');
INSERT INTO "Question" (id, "chapterId", "questionText", options, explanation, "orderIndex", "createdAt") VALUES ('cmhi0ddww00stk498l1u5lmz5', 'cmhi0ddwi00sfk4987sgge76b', $$Distinguer démence et confusion$$, $$[{"text":"Confusion = aiguë, démence = chronique.","isCorrect":true},{"text":"Confusion = réversible, démence = irréversible.","isCorrect":true},{"text":"Démence = hallucinations visuelles.","isCorrect":false,"justification":"Possible mais non spécifique."},{"text":"Confusion = mémoire intacte.","isCorrect":false,"justification":"Altérée par inattention."},{"text":"Démence = conscience fluctuante.","isCorrect":false,"justification":"Stable."}]$$::jsonb, $$Confusion = aiguë, fluctuante, Démence = chronique, stable.$$, 6, '2025-11-02T17:52:05.552Z');
INSERT INTO "Question" (id, "chapterId", "questionText", options, explanation, "orderIndex", "createdAt") VALUES ('cmhi0ddwy00svk498go8bevhz', 'cmhi0ddwi00sfk4987sgge76b', $$Syndrome de Korsakoff$$, $$[{"text":"Amnésie antérograde sévère.","isCorrect":true},{"text":"Contexte d’éthylisme chronique.","isCorrect":true},{"text":"Hallucinations auditives.","isCorrect":false,"justification":"Non."},{"text":"Confabulations (fausses histoires).","isCorrect":true},{"text":"Atteinte du cervelet.","isCorrect":false,"justification":"Corps mamillaires et thalamus."}]$$::jsonb, $$Korsakoff = amnésie antérograde + confabulations, sur carence en B₁ (alcoolisme).$$, 7, '2025-11-02T17:52:05.554Z');
INSERT INTO "Question" (id, "chapterId", "questionText", options, explanation, "orderIndex", "createdAt") VALUES ('cmhi0ddwz00sxk498sgtspssv', 'cmhi0ddwi00sfk4987sgge76b', $$Syndrome de Wernicke$$, $$[{"text":"Triade : ophtalmoplégie, ataxie, confusion.","isCorrect":true},{"text":"Due à une carence en vitamine B₁.","isCorrect":true},{"text":"Toujours réversible.","isCorrect":false,"justification":"Peut évoluer vers Korsakoff."},{"text":"Survient après sevrage prolongé.","isCorrect":false,"justification":"Pendant alcoolisme actif."},{"text":"Touche les lobes frontaux.","isCorrect":false,"justification":"Tronc et diencéphale."}]$$::jsonb, $$Wernicke = urgence carentielle, à traiter par vitamine B₁ IV immédiate.$$, 8, '2025-11-02T17:52:05.556Z');
INSERT INTO "Question" (id, "chapterId", "questionText", options, explanation, "orderIndex", "createdAt") VALUES ('cmhi0ddx100szk498a66br0hx', 'cmhi0ddwi00sfk4987sgge76b', $$Syndrome dépressif pseudo-démentiel$$, $$[{"text":"Démence due à la dépression.","isCorrect":true},{"text":"Réversible sous antidépresseurs.","isCorrect":true},{"text":"Confusion aiguë.","isCorrect":false,"justification":"Subaiguë."},{"text":"Amnésie sélective.","isCorrect":true},{"text":"Hypotonie faciale et lenteur psychomotrice.","isCorrect":true}]$$::jsonb, $$Pseudo-démence = dépression masquée imitant une démence.$$, 9, '2025-11-02T17:52:05.558Z');
INSERT INTO "Question" (id, "chapterId", "questionText", options, explanation, "orderIndex", "createdAt") VALUES ('cmhi0ddx400t1k498dz88ys50', 'cmhi0ddwi00sfk4987sgge76b', $$Syndrome de lobe temporal$$, $$[{"text":"Hallucinations olfactives.","isCorrect":true},{"text":"Crises partielles complexes.","isCorrect":true},{"text":"Troubles de la mémoire épisodique.","isCorrect":true},{"text":"Apraxie idéatoire.","isCorrect":false,"justification":"Pariétal."},{"text":"Hémianopsie bilatérale.","isCorrect":false,"justification":"Controlatérale."}]$$::jsonb, $$Temporal = hallucinations olfactives, troubles mnésiques, crises épileptiques.$$, 10, '2025-11-02T17:52:05.560Z');
INSERT INTO "Question" (id, "chapterId", "questionText", options, explanation, "orderIndex", "createdAt") VALUES ('cmhi0ddx700t3k498awr807h6', 'cmhi0ddwi00sfk4987sgge76b', $$Syndrome de lobe pariétal$$, $$[{"text":"Astéréognosie.","isCorrect":true},{"text":"Héminégligence controlatérale.","isCorrect":true},{"text":"Agraphie, acalculie (syndrome de Gerstmann).","isCorrect":true},{"text":"Aphasie de Wernicke.","isCorrect":false,"justification":"Temporal."},{"text":"Apraxie idéomotrice.","isCorrect":true}]$$::jsonb, $$Pariétal = troubles de reconnaissance, négligence, apraxies.$$, 11, '2025-11-02T17:52:05.563Z');
INSERT INTO "Question" (id, "chapterId", "questionText", options, explanation, "orderIndex", "createdAt") VALUES ('cmhi0ddx900t5k498jtfhy9yc', 'cmhi0ddwi00sfk4987sgge76b', $$Syndrome de lobe occipital$$, $$[{"text":"Cécité corticale.","isCorrect":true},{"text":"Hallucinations visuelles.","isCorrect":true},{"text":"Hémianopsie latérale homonyme.","isCorrect":true},{"text":"Agnosie visuelle.","isCorrect":true},{"text":"Aphasie motrice.","isCorrect":false,"justification":"Frontal."}]$$::jsonb, $$Occipital = troubles visuels purs ou intégratifs.$$, 12, '2025-11-02T17:52:05.565Z');
INSERT INTO "Question" (id, "chapterId", "questionText", options, explanation, "orderIndex", "createdAt") VALUES ('cmhi0ddxb00t7k4984q6iq60k', 'cmhi0ddwi00sfk4987sgge76b', $$Troubles du comportement$$, $$[{"text":"Désinhibition sociale.","isCorrect":true},{"text":"Agressivité ou apathie.","isCorrect":true},{"text":"Mutisme akinétique (lésions frontales médiales).","isCorrect":true},{"text":"Troubles sensitifs profonds.","isCorrect":false,"justification":"Affectif, pas sensitif."},{"text":"Hyperréflexie.","isCorrect":false,"justification":"Pyramidal."}]$$::jsonb, $$Les lésions frontales perturbent le comportement social et la motivation.$$, 13, '2025-11-02T17:52:05.567Z');
INSERT INTO "Question" (id, "chapterId", "questionText", options, explanation, "orderIndex", "createdAt") VALUES ('cmhi0ddxe00t9k498q0otp2wt', 'cmhi0ddwi00sfk4987sgge76b', $$Troubles de la mémoire$$, $$[{"text":"Amnésie antérograde : oubli des faits récents.","isCorrect":true},{"text":"Amnésie rétrograde : oubli des faits anciens.","isCorrect":true},{"text":"Amnésie psychogène : réversible.","isCorrect":true},{"text":"Toujours localisée au cortex moteur.","isCorrect":false,"justification":"Temporal et hippocampe."},{"text":"Toujours irréversible.","isCorrect":false,"justification":"Souvent partielle."}]$$::jsonb, $$Types d’amnésies : antérograde, rétrograde, psychogène selon la topographie.$$, 14, '2025-11-02T17:52:05.570Z');
INSERT INTO "Question" (id, "chapterId", "questionText", options, explanation, "orderIndex", "createdAt") VALUES ('cmhi0ddxg00tbk49883lo6fcb', 'cmhi0ddwi00sfk4987sgge76b', $$Syndrome démentiel de type Alzheimer$$, $$[{"text":"Début insidieux et progressif.","isCorrect":true},{"text":"Troubles de mémoire antérograde.","isCorrect":true},{"text":"Troubles du langage (aphasie).","isCorrect":true},{"text":"Réversibilité complète.","isCorrect":false,"justification":"Irréversible."},{"text":"Hallucinations olfactives.","isCorrect":false,"justification":"Temporal secondaire."}]$$::jsonb, $$Alzheimer = démence progressive, amnésie antérograde, aphasie, désorientation.$$, 15, '2025-11-02T17:52:05.572Z');
INSERT INTO "Question" (id, "chapterId", "questionText", options, explanation, "orderIndex", "createdAt") VALUES ('cmhi0ddxi00tdk498be71gcbz', 'cmhi0ddwi00sfk4987sgge76b', $$Syndrome de Pick (frontal temporal)$$, $$[{"text":"Début précoce (50–60 ans).","isCorrect":true},{"text":"Troubles du comportement initiaux.","isCorrect":true},{"text":"Démence tardive après 80 ans.","isCorrect":false,"justification":"Précoce."},{"text":"Troubles mnésiques isolés.","isCorrect":false,"justification":"Comportementaux."},{"text":"Lésions occipitales diffuses.","isCorrect":false,"justification":"Frontales."}]$$::jsonb, $$Maladie de Pick = démence frontale précoce, désinhibition et perte d’empathie.$$, 16, '2025-11-02T17:52:05.574Z');
INSERT INTO "Question" (id, "chapterId", "questionText", options, explanation, "orderIndex", "createdAt") VALUES ('cmhi0ddxk00tfk4982361rq3n', 'cmhi0ddwi00sfk4987sgge76b', $$Démence vasculaire$$, $$[{"text":"Installation en paliers.","isCorrect":true},{"text":"Antécédents d’AVC multiples.","isCorrect":true},{"text":"Confusion aiguë réversible.","isCorrect":false,"justification":"Chronique."},{"text":"Troubles moteurs associés.","isCorrect":true},{"text":"Hallucinations auditives.","isCorrect":false,"justification":"Non typiques."}]$$::jsonb, $$Démence vasculaire = paliers évolutifs, AVC multiples, signes moteurs associés.$$, 17, '2025-11-02T17:52:05.577Z');
INSERT INTO "Question" (id, "chapterId", "questionText", options, explanation, "orderIndex", "createdAt") VALUES ('cmhi0ddxm00thk49839g0nif0', 'cmhi0ddwi00sfk4987sgge76b', $$Étiologies infectieuses$$, $$[{"text":"VIH.","isCorrect":true},{"text":"Encéphalite herpétique.","isCorrect":true},{"text":"Neurosyphilis.","isCorrect":true},{"text":"SEP.","isCorrect":false,"justification":"Inflammatoire non infectieuse."},{"text":"Méningite bactérienne.","isCorrect":true}]$$::jsonb, $$Les infections chroniques ou aiguës peuvent causer des syndromes neuropsychiatriques.$$, 18, '2025-11-02T17:52:05.579Z');
INSERT INTO "Question" (id, "chapterId", "questionText", options, explanation, "orderIndex", "createdAt") VALUES ('cmhi0ddxo00tjk498c39jjpq8', 'cmhi0ddwi00sfk4987sgge76b', $$Prise en charge générale$$, $$[{"text":"Traiter la cause organique.","isCorrect":true},{"text":"Soutien psychologique.","isCorrect":true},{"text":"Rééducation cognitive.","isCorrect":true},{"text":"Isolement systématique.","isCorrect":false,"justification":"Contre-indiqué."},{"text":"Multidisciplinarité essentielle.","isCorrect":true}]$$::jsonb, $$La prise en charge doit être étiologique, psychologique et rééducative, dans une approche pluridisciplinaire.$$, 19, '2025-11-02T17:52:05.580Z');
INSERT INTO "Subject" (id, title, description, semester, tags, "totalQCM", "createdAt", views) VALUES ('cmhi0ddxt00tkk498snuvbsi9', $$Sémiologie Pédiatrique$$, $$Cours de Sémiologie Pédiatrique$$, 'DCEM1', ARRAY[$$DCEM1$$, $$Sémiologie$$, $$Sémiologie Pédiatrique$$]::text[], 95, '2025-11-02T17:52:05.585Z', 0);
INSERT INTO "Chapter" (id, "subjectId", title, description, "orderIndex", "pdfUrl", "createdAt") VALUES ('cmhi0ddxx00tmk498as23gopf', 'cmhi0ddxt00tkk498snuvbsi9', $$Chapitre 1 – Principes généraux de la consultation pédiatrique$$, NULL, 1, NULL, '2025-11-02T17:52:05.589Z');
INSERT INTO "Question" (id, "chapterId", "questionText", options, explanation, "orderIndex", "createdAt") VALUES ('cmhi0ddxy00tok498lg5p5zls', 'cmhi0ddxx00tmk498as23gopf', $$Accueil de l’enfant$$, $$[{"text":"L’enfant doit être interrogé avant les parents.","isCorrect":false,"justification":"L’ordre dépend de l’âge et de la situation."},{"text":"La mise en confiance est essentielle pour la qualité de l’examen.","isCorrect":true},{"text":"Les pleurs doivent être interrompus par contrainte.","isCorrect":false,"justification":"Il faut attendre le calme."},{"text":"La présence du parent sécurise l’enfant.","isCorrect":true},{"text":"L’enfant doit être examiné sans prévenir.","isCorrect":false,"justification":"Préparer le geste évite la peur."}]$$::jsonb, $$Une consultation pédiatrique efficace repose sur calme, confiance et accompagnement parental.$$, 0, '2025-11-02T17:52:05.590Z');
INSERT INTO "Question" (id, "chapterId", "questionText", options, explanation, "orderIndex", "createdAt") VALUES ('cmhi0ddy000tqk498pwldpdrm', 'cmhi0ddxx00tmk498as23gopf', $$Anamnèse pédiatrique$$, $$[{"text":"Les antécédents familiaux sont secondaires.","isCorrect":false,"justification":"Ils sont majeurs (génétiques, infectieux)."},{"text":"Les habitudes alimentaires doivent être précisées.","isCorrect":true},{"text":"Les vaccinations ne sont pas pertinentes.","isCorrect":false,"justification":"Elles font partie de l’anamnèse."},{"text":"Le développement psychomoteur doit être exploré.","isCorrect":true},{"text":"Le contexte social n’a aucun intérêt.","isCorrect":false,"justification":"Facteur important de santé infantile."}]$$::jsonb, $$L’anamnèse pédiatrique est globale, intégrant milieu, croissance et prévention.$$, 1, '2025-11-02T17:52:05.592Z');
INSERT INTO "Question" (id, "chapterId", "questionText", options, explanation, "orderIndex", "createdAt") VALUES ('cmhi0ddy300tsk498ntoej6y1', 'cmhi0ddxx00tmk498as23gopf', $$Conduite de l’entretien$$, $$[{"text":"Le langage médical doit être privilégié avec les parents.","isCorrect":false,"justification":"Utiliser un langage simple."},{"text":"Le ton doit être rassurant et neutre.","isCorrect":true},{"text":"L’entretien peut se limiter à un seul parent.","isCorrect":false,"justification":"Les deux si possible."},{"text":"L’écoute active améliore la coopération.","isCorrect":true},{"text":"Interrompre souvent permet de cadrer l’entretien.","isCorrect":false,"justification":"Favoriser l’expression."}]$$::jsonb, $$Une bonne communication = écoute + clarté + empathie.$$, 2, '2025-11-02T17:52:05.595Z');
INSERT INTO "Question" (id, "chapterId", "questionText", options, explanation, "orderIndex", "createdAt") VALUES ('cmhi0ddy500tuk498n577z8na', 'cmhi0ddxx00tmk498as23gopf', $$Observation de l’enfant$$, $$[{"text":"L’observation précède l’examen.","isCorrect":true},{"text":"L’attitude, la démarche et les mimiques sont à noter.","isCorrect":true},{"text":"La position de l’enfant dans les bras n’apporte rien.","isCorrect":false,"justification":"Très parlante chez le nourrisson."},{"text":"Le pleur n’a aucune valeur sémiologique.","isCorrect":false,"justification":"Peut indiquer douleur ou détresse."},{"text":"Les interactions avec les parents sont à évaluer.","isCorrect":true}]$$::jsonb, $$L’observation fournit des indices diagnostiques avant tout contact.$$, 3, '2025-11-02T17:52:05.597Z');
INSERT INTO "Question" (id, "chapterId", "questionText", options, explanation, "orderIndex", "createdAt") VALUES ('cmhi0ddy700twk498md09p6sm', 'cmhi0ddxx00tmk498as23gopf', $$Comportement et relation$$, $$[{"text":"L’enfant doit rester passif.","isCorrect":false,"justification":"Participation souhaitable."},{"text":"Le jeu facilite l’examen.","isCorrect":true},{"text":"L’examinateur doit garder une attitude ludique.","isCorrect":true},{"text":"Les pleurs doivent interrompre l’examen.","isCorrect":false,"justification":"S’adapter, pas forcer."},{"text":"Les encouragements renforcent la coopération.","isCorrect":true}]$$::jsonb, $$Le jeu et la bienveillance rendent l’examen moins angoissant et plus fiable.$$, 4, '2025-11-02T17:52:05.599Z');
INSERT INTO "Question" (id, "chapterId", "questionText", options, explanation, "orderIndex", "createdAt") VALUES ('cmhi0ddy900tyk4988fnyge3j', 'cmhi0ddxx00tmk498as23gopf', $$Conditions matérielles$$, $$[{"text":"L’éclairage doit être tamisé.","isCorrect":false,"justification":"Bonne lumière nécessaire."},{"text":"La température ambiante doit être confortable.","isCorrect":true},{"text":"Le matériel doit être prêt avant l’enfant.","isCorrect":true},{"text":"Les instruments froids rassurent.","isCorrect":false,"justification":"Les réchauffer au besoin."},{"text":"L’intimité est inutile.","isCorrect":false,"justification":"Respect indispensable."}]$$::jsonb, $$Une bonne préparation de la salle favorise la confiance et la précision de l’examen.$$, 5, '2025-11-02T17:52:05.601Z');
INSERT INTO "Question" (id, "chapterId", "questionText", options, explanation, "orderIndex", "createdAt") VALUES ('cmhi0ddyb00u0k498dlsg2rle', 'cmhi0ddxx00tmk498as23gopf', $$Vaccinations$$, $$[{"text":"Leur vérification n’entre pas dans la consultation.","isCorrect":false,"justification":"Toujours à contrôler."},{"text":"Le carnet vaccinal doit être demandé systématiquement.","isCorrect":true},{"text":"Les vaccinations protègent aussi la collectivité.","isCorrect":true},{"text":"Les rappels ne concernent que le nourrisson.","isCorrect":false,"justification":"Jusqu’à l’adolescence."},{"text":"Les contre-indications sont rares mais à connaitre.","isCorrect":true}]$$::jsonb, $$La consultation pédiatrique intègre le contrôle vaccinal et la prévention.$$, 6, '2025-11-02T17:52:05.603Z');
INSERT INTO "Question" (id, "chapterId", "questionText", options, explanation, "orderIndex", "createdAt") VALUES ('cmhi0ddyc00u2k4987eg47kvu', 'cmhi0ddxx00tmk498as23gopf', $$Développement psychomoteur$$, $$[{"text":"Les acquisitions sont similaires chez tous les enfants.","isCorrect":false,"justification":"Grande variabilité."},{"text":"La tenue de tête vers 3 mois est un repère.","isCorrect":true},{"text":"La station assise autonome vers 6–8 mois.","isCorrect":true},{"text":"La marche vers 24 mois chez tous.","isCorrect":false,"justification":"10–18 mois variable."},{"text":"Le langage vers 2 ans doit être complet.","isCorrect":false,"justification":"Début progressif."}]$$::jsonb, $$Le développement psychomoteur = repères dynamiques, pas rigides.$$, 7, '2025-11-02T17:52:05.605Z');
INSERT INTO "Question" (id, "chapterId", "questionText", options, explanation, "orderIndex", "createdAt") VALUES ('cmhi0ddye00u4k4982jw93oz7', 'cmhi0ddxx00tmk498as23gopf', $$Croissance$$, $$[{"text":"Le poids double à 6 mois.","isCorrect":true},{"text":"Le poids triple à 1 an.","isCorrect":true},{"text":"La taille augmente de 50 cm par an au cours de la 1ʳᵉ année.","isCorrect":false,"justification":"≈ 25 cm."},{"text":"Le périmètre crânien croît de 20 cm par an.","isCorrect":false,"justification":"≈ 12 cm la 1ʳᵉ année."},{"text":"La courbe de croissance se fait en cm/mois jusqu’à 2 ans.","isCorrect":true}]$$::jsonb, $$Croissance rapide 1ʳᵉ année → suivi pondéral, taille et PC réguliers.$$, 8, '2025-11-02T17:52:05.607Z');
INSERT INTO "Question" (id, "chapterId", "questionText", options, explanation, "orderIndex", "createdAt") VALUES ('cmhi0ddyh00u6k498hxlgi497', 'cmhi0ddxx00tmk498as23gopf', $$Anamnèse alimentaire$$, $$[{"text":"L’alimentation de l’enfant n’a pas d’impact sur sa croissance.","isCorrect":false,"justification":"Impact majeur."},{"text":"Le type de lait doit être identifié.","isCorrect":true},{"text":"Les troubles digestifs (nausées, diarrhée) sont à rechercher.","isCorrect":true},{"text":"Les carences en fer sont rares chez le nourrisson.","isCorrect":false,"justification":"Fréquentes."},{"text":"L’introduction des solides avant 4 mois est recommandée.","isCorrect":false,"justification":"À partir de 4–6 mois."}]$$::jsonb, $$L’anamnèse alimentaire évalue qualité et rythme nutritionnels.$$, 9, '2025-11-02T17:52:05.609Z');
INSERT INTO "Question" (id, "chapterId", "questionText", options, explanation, "orderIndex", "createdAt") VALUES ('cmhi0ddyj00u8k498rku8t3y5', 'cmhi0ddxx00tmk498as23gopf', $$Contexte familial$$, $$[{"text":"Les conditions de vie sont sans intérêt clinique.","isCorrect":false,"justification":"Elles influencent santé et développement."},{"text":"Le rang de naissance peut avoir un impact.","isCorrect":true},{"text":"Les maladies familiales héréditaires sont à rechercher.","isCorrect":true},{"text":"Le niveau d’éducation parental n’a aucune influence.","isCorrect":false,"justification":"Impact sur la prévention."},{"text":"Les antécédents de maltraitance doivent être écartés.","isCorrect":true}]$$::jsonb, $$L’environnement familial est un facteur déterminant de la santé enfantine.$$, 10, '2025-11-02T17:52:05.612Z');
INSERT INTO "Question" (id, "chapterId", "questionText", options, explanation, "orderIndex", "createdAt") VALUES ('cmhi0ddym00uak498foyyh76k', 'cmhi0ddxx00tmk498as23gopf', $$Communication avec les parents$$, $$[{"text":"L’entretien doit être directif.","isCorrect":false,"justification":"Ouvert et adapté."},{"text":"Expliquer chaque geste avant de le faire.","isCorrect":true},{"text":"Les parents sont impliqués dans l’examen.","isCorrect":true},{"text":"Les remarques critiques sont souhaitables.","isCorrect":false,"justification":"Empathie nécessaire."},{"text":"Les questions parentales doivent être limitées.","isCorrect":false,"justification":"Au contraire, encouragées."}]$$::jsonb, $$La communication parent-médecin = explications + empathie + partenariat.$$, 11, '2025-11-02T17:52:05.614Z');
INSERT INTO "Question" (id, "chapterId", "questionText", options, explanation, "orderIndex", "createdAt") VALUES ('cmhi0ddyo00uck498dnqaw2hk', 'cmhi0ddxx00tmk498as23gopf', $$Douleur de l’enfant$$, $$[{"text":"L’enfant ne ressent pas la douleur comme l’adulte.","isCorrect":false,"justification":"Il la ressent dès la naissance."},{"text":"L’échelle de douleur doit être adaptée à l’âge.","isCorrect":true},{"text":"Le refus de s’alimenter peut être un signe de douleur.","isCorrect":true},{"text":"Les pleurs sont toujours psychogènes.","isCorrect":false,"justification":"Souvent réflexes."},{"text":"Le traitement antalgique n’est jamais urgent.","isCorrect":false,"justification":"Toujours prioritaire."}]$$::jsonb, $$L’évaluation et le soulagement de la douleur sont fondamentaux en pédiatrie.$$, 12, '2025-11-02T17:52:05.616Z');
INSERT INTO "Question" (id, "chapterId", "questionText", options, explanation, "orderIndex", "createdAt") VALUES ('cmhi0ddyr00uek498bzce1kpb', 'cmhi0ddxx00tmk498as23gopf', $$Particularités psychologiques$$, $$[{"text":"Le bébé a peur de l’étranger vers 9 mois.","isCorrect":true},{"text":"L’enfant d’âge scolaire comprend le motif de la consultation.","isCorrect":true},{"text":"L’adolescent refuse souvent l’autorité médicale.","isCorrect":true},{"text":"Les punitions favorisent l’observance.","isCorrect":false,"justification":"Dialogue préférable."},{"text":"L’approche doit être identique à tous les âges.","isCorrect":false,"justification":"Adaptée à la maturité."}]$$::jsonb, $$L’approche psychologique varie selon âge et niveau de compréhension.$$, 13, '2025-11-02T17:52:05.619Z');
INSERT INTO "Question" (id, "chapterId", "questionText", options, explanation, "orderIndex", "createdAt") VALUES ('cmhi0ddyt00ugk498tnj82v8m', 'cmhi0ddxx00tmk498as23gopf', $$Rôle du médecin pédiatre$$, $$[{"text":"Se limite au diagnostic et au traitement.","isCorrect":false,"justification":"Inclut prévention et éducation."},{"text":"Implique la surveillance de la croissance et du développement.","isCorrect":true},{"text":"Comprend le repérage de la maltraitance.","isCorrect":true},{"text":"Se focalise sur la maladie aiguë.","isCorrect":false,"justification":"Approche globale."},{"text":"Exclut la relation de confiance avec les parents.","isCorrect":false,"justification":"Centrale."}]$$::jsonb, $$Le pédiatre est un acteur de soin, prévention et développement intégral de l’enfant.$$, 14, '2025-11-02T17:52:05.622Z');
INSERT INTO "Chapter" (id, "subjectId", title, description, "orderIndex", "pdfUrl", "createdAt") VALUES ('cmhi0ddyx00uik4989pa0o3sv', 'cmhi0ddxt00tkk498snuvbsi9', $$Chapitre 2 – Examen physique de l’enfant$$, NULL, 2, NULL, '2025-11-02T17:52:05.625Z');
INSERT INTO "Question" (id, "chapterId", "questionText", options, explanation, "orderIndex", "createdAt") VALUES ('cmhi0ddz000ukk498g1w43wda', 'cmhi0ddyx00uik4989pa0o3sv', $$Préparation à l’examen$$, $$[{"text":"L’enfant doit être examiné à jeun.","isCorrect":false,"justification":"Pas nécessaire sauf examens digestifs."},{"text":"La salle doit être calme et chaude.","isCorrect":true},{"text":"Le matériel doit être prêt avant le contact avec l’enfant.","isCorrect":true},{"text":"Il faut commencer directement par l’auscultation.","isCorrect":false,"justification":"Observer d’abord."},{"text":"L’examen doit être réalisé sans les parents.","isCorrect":false,"justification":"Leur présence rassure."}]$$::jsonb, $$Un environnement adapté et rassurant est essentiel avant l’examen.$$, 0, '2025-11-02T17:52:05.628Z');
INSERT INTO "Question" (id, "chapterId", "questionText", options, explanation, "orderIndex", "createdAt") VALUES ('cmhi0ddz200umk4982fhoopjx', 'cmhi0ddyx00uik4989pa0o3sv', $$Ordre de l’examen$$, $$[{"text":"Commencer par les gestes les plus intrusifs.","isCorrect":false,"justification":"Toujours en dernier."},{"text":"Aller du simple vers le complexe.","isCorrect":true},{"text":"L’examen se termine par la mesure du poids.","isCorrect":false,"justification":"Poids au début."},{"text":"Adapter l’ordre selon la coopération de l’enfant.","isCorrect":true},{"text":"Le sommeil empêche tout examen.","isCorrect":false,"justification":"Profiter du sommeil pour observer respiration."}]$$::jsonb, $$L’examen pédiatrique = progressif, souple et individualisé.$$, 1, '2025-11-02T17:52:05.630Z');
INSERT INTO "Question" (id, "chapterId", "questionText", options, explanation, "orderIndex", "createdAt") VALUES ('cmhi0ddz500uok498r38yfpej', 'cmhi0ddyx00uik4989pa0o3sv', $$Inspection générale$$, $$[{"text":"Doit être réalisée après la palpation.","isCorrect":false,"justification":"Toujours avant."},{"text":"Évalue la conscience, le tonus, la coloration.","isCorrect":true},{"text":"L’attitude et les mouvements spontanés sont notés.","isCorrect":true},{"text":"Les pleurs sont inutiles à interpréter.","isCorrect":false,"justification":"Significatifs."},{"text":"Les proportions corporelles n’ont pas d’importance.","isCorrect":false,"justification":"Reflètent la croissance."}]$$::jsonb, $$L’inspection donne les premiers indices cliniques essentiels.$$, 2, '2025-11-02T17:52:05.633Z');
INSERT INTO "Question" (id, "chapterId", "questionText", options, explanation, "orderIndex", "createdAt") VALUES ('cmhi0ddz700uqk498o8frmkcw', 'cmhi0ddyx00uik4989pa0o3sv', $$Mesures anthropométriques$$, $$[{"text":"La taille se mesure debout dès la naissance.","isCorrect":false,"justification":"Allongé jusqu’à 2 ans."},{"text":"Le poids doit être comparé aux courbes de référence.","isCorrect":true},{"text":"Le périmètre crânien se mesure systématiquement.","isCorrect":true},{"text":"L’IMC n’a aucune utilité en pédiatrie.","isCorrect":false,"justification":"Indicateur d’obésité."},{"text":"Les courbes de croissance sont facultatives.","isCorrect":false,"justification":"Indispensables."}]$$::jsonb, $$Les mesures anthropométriques évaluent croissance et nutrition.$$, 3, '2025-11-02T17:52:05.636Z');
INSERT INTO "Question" (id, "chapterId", "questionText", options, explanation, "orderIndex", "createdAt") VALUES ('cmhi0ddza00usk49846bwtq3k', 'cmhi0ddyx00uik4989pa0o3sv', $$Examen de la peau$$, $$[{"text":"Les lésions cutanées sont rares chez l’enfant.","isCorrect":false,"justification":"Très fréquentes."},{"text":"La couleur de la peau reflète l’état hémodynamique.","isCorrect":true},{"text":"La déshydratation s’évalue par le pli cutané.","isCorrect":true},{"text":"Les angiomes congénitaux doivent être ignorés.","isCorrect":false,"justification":"À noter et surveiller."},{"text":"Le tégument n’a pas de valeur sémiologique.","isCorrect":false,"justification":"Très informative."}]$$::jsonb, $$La peau est un miroir de l’état général et circulatoire.$$, 4, '2025-11-02T17:52:05.638Z');
INSERT INTO "Question" (id, "chapterId", "questionText", options, explanation, "orderIndex", "createdAt") VALUES ('cmhi0ddzc00uuk498wooc2at2', 'cmhi0ddyx00uik4989pa0o3sv', $$Examen de la tête$$, $$[{"text":"Les fontanelles doivent être palpées.","isCorrect":true},{"text":"La fermeture précoce traduit une microcéphalie.","isCorrect":true},{"text":"La macrocrânie est sans signification.","isCorrect":false,"justification":"Peut traduire HIC."},{"text":"La symétrie faciale n’a pas d’intérêt.","isCorrect":false,"justification":"Évaluée systématiquement."},{"text":"Les bosses pariétales sont toujours pathologiques.","isCorrect":false,"justification":"Peuvent être post-traumatiques bénignes."}]$$::jsonb, $$L’examen du crâne évalue croissance et anomalies morphologiques.$$, 5, '2025-11-02T17:52:05.640Z');
INSERT INTO "Question" (id, "chapterId", "questionText", options, explanation, "orderIndex", "createdAt") VALUES ('cmhi0ddzf00uwk4987qek4iga', 'cmhi0ddyx00uik4989pa0o3sv', $$Yeux et vision$$, $$[{"text":"Le réflexe photomoteur doit être recherché.","isCorrect":true},{"text":"Le strabisme est toujours physiologique.","isCorrect":false,"justification":"Normal < 3 mois seulement."},{"text":"Le fond d’œil est inutile chez le nourrisson.","isCorrect":false,"justification":"Important si prématurité ou rétinopathie."},{"text":"Le test de fixation visuelle se fait dès 2 mois.","isCorrect":true},{"text":"L’œil rouge chronique est bénin.","isCorrect":false,"justification":"Peut signaler glaucome ou infection."}]$$::jsonb, $$L’examen oculaire dépiste strabisme, cataracte, infections précoces.$$, 6, '2025-11-02T17:52:05.643Z');
INSERT INTO "Question" (id, "chapterId", "questionText", options, explanation, "orderIndex", "createdAt") VALUES ('cmhi0ddzi00uyk4989aww4isk', 'cmhi0ddyx00uik4989pa0o3sv', $$Oreilles et audition$$, $$[{"text":"Le réflexe cochléo-palpébral est inutile.","isCorrect":false,"justification":"Recherché dès la naissance."},{"text":"Le tympan doit être translucide et mobile.","isCorrect":true},{"text":"L’otite séreuse entraîne une hypoacousie.","isCorrect":true},{"text":"Le test auditif est réservé à l’adolescence.","isCorrect":false,"justification":"Dépistage néonatal obligatoire."},{"text":"Les bouchons de cérumen n’existent pas chez l’enfant.","isCorrect":false,"justification":"Fréquents."}]$$::jsonb, $$Vérifier tympan, audition et réflexes auditifs précocement.$$, 7, '2025-11-02T17:52:05.646Z');
INSERT INTO "Question" (id, "chapterId", "questionText", options, explanation, "orderIndex", "createdAt") VALUES ('cmhi0ddzk00v0k498pw53a0rw', 'cmhi0ddyx00uik4989pa0o3sv', $$Nez et bouche$$, $$[{"text":"L’obstruction nasale du nourrisson peut entraîner une détresse.","isCorrect":true},{"text":"Les végétations sont toujours congénitales.","isCorrect":false,"justification":"Acquises."},{"text":"Les aphtes sont spécifiques de l’immunodépression.","isCorrect":false,"justification":"Pas forcément."},{"text":"Le frein de langue doit être observé.","isCorrect":true},{"text":"La dentition débute vers 1 an.","isCorrect":true}]$$::jsonb, $$Cavité buccale et nez → respiration, alimentation, phonation.$$, 8, '2025-11-02T17:52:05.648Z');
INSERT INTO "Question" (id, "chapterId", "questionText", options, explanation, "orderIndex", "createdAt") VALUES ('cmhi0ddzm00v2k4988330ow2s', 'cmhi0ddyx00uik4989pa0o3sv', $$Cou et thyroïde$$, $$[{"text":"Les adénopathies cervicales sont toujours pathologiques.","isCorrect":false,"justification":"Souvent réactionnelles."},{"text":"La thyroïde est normalement non palpable.","isCorrect":true},{"text":"La mobilité du cou doit être vérifiée.","isCorrect":true},{"text":"Les torticolis congénitaux sont rares.","isCorrect":false,"justification":"Assez fréquents (sternocléidomastoïdien)."},{"text":"L’examen veineux cervical est inutile.","isCorrect":false,"justification":"Permet dépister obstacle vasculaire."}]$$::jsonb, $$Le cou = mobilité + masses + adénopathies + thyroïde.$$, 9, '2025-11-02T17:52:05.651Z');
INSERT INTO "Question" (id, "chapterId", "questionText", options, explanation, "orderIndex", "createdAt") VALUES ('cmhi0ddzp00v4k4980y6zis5a', 'cmhi0ddyx00uik4989pa0o3sv', $$Thorax et respiration$$, $$[{"text":"La fréquence respiratoire n’a pas d’importance.","isCorrect":false,"justification":"Indice vital essentiel."},{"text":"Les tirages sous-costaux sont signe de détresse.","isCorrect":true},{"text":"L’auscultation recherche des râles, sibilants, ronchi.","isCorrect":true},{"text":"Le thorax en tonneau est typique de l’asthme chronique.","isCorrect":true},{"text":"L’asymétrie respiratoire est normale.","isCorrect":false,"justification":"Pathologique."}]$$::jsonb, $$Thorax = symétrie, FR, tirage, bruits respiratoires.$$, 10, '2025-11-02T17:52:05.653Z');
INSERT INTO "Question" (id, "chapterId", "questionText", options, explanation, "orderIndex", "createdAt") VALUES ('cmhi0ddzr00v6k498pv7d0w6l', 'cmhi0ddyx00uik4989pa0o3sv', $$Cœur et circulation$$, $$[{"text":"Les souffles systoliques sont toujours pathologiques.","isCorrect":false,"justification":"Parfois fonctionnels."},{"text":"Les pouls périphériques doivent être palpés.","isCorrect":true},{"text":"La fréquence cardiaque normale varie avec l’âge.","isCorrect":true},{"text":"Les cyanoses périphériques n’ont aucun intérêt.","isCorrect":false,"justification":"Souvent signe d’hypoxie."},{"text":"Le rythme cardiaque du nourrisson est irrégulier.","isCorrect":true}]$$::jsonb, $$Cœur = souffles, pouls, cyanose, fréquence adaptée à l’âge.$$, 11, '2025-11-02T17:52:05.655Z');
INSERT INTO "Question" (id, "chapterId", "questionText", options, explanation, "orderIndex", "createdAt") VALUES ('cmhi0ddzt00v8k4983eidycw2', 'cmhi0ddyx00uik4989pa0o3sv', $$Abdomen$$, $$[{"text":"Le foie est toujours pathologique s’il dépasse le rebord costal.","isCorrect":false,"justification":"Peut dépasser de 1–2 cm normal."},{"text":"La rate est toujours palpable.","isCorrect":false,"justification":"Seulement si splénomégalie."},{"text":"Le bruit hydroaérique est absent normalement.","isCorrect":false,"justification":"Présent."},{"text":"L’inspection et la palpation sont essentielles.","isCorrect":true},{"text":"La hernie ombilicale du nourrisson est bénigne.","isCorrect":true}]$$::jsonb, $$Abdomen = inspection + palpation douce + surveillance hernies.$$, 12, '2025-11-02T17:52:05.658Z');
INSERT INTO "Question" (id, "chapterId", "questionText", options, explanation, "orderIndex", "createdAt") VALUES ('cmhi0ddzw00vak498y6773t1c', 'cmhi0ddyx00uik4989pa0o3sv', $$Organes génitaux$$, $$[{"text":"Le testicule non palpable après 6 mois nécessite surveillance.","isCorrect":true},{"text":"Le phimosis est toujours chirurgical.","isCorrect":false,"justification":"Souvent physiologique jusqu’à 3–4 ans."},{"text":"L’hydrocèle est toujours urgente.","isCorrect":false,"justification":"Fréquente, bénigne avant 2 ans."},{"text":"Chez la fille, l’hymen doit être décrit.","isCorrect":true},{"text":"L’absence d’orifice anal est bénigne.","isCorrect":false,"justification":"Urgence chirurgicale."}]$$::jsonb, $$Examen génital = testicules, orifices, anomalies congénitales.$$, 13, '2025-11-02T17:52:05.660Z');
INSERT INTO "Question" (id, "chapterId", "questionText", options, explanation, "orderIndex", "createdAt") VALUES ('cmhi0ddzy00vck498in06a5mx', 'cmhi0ddyx00uik4989pa0o3sv', $$Appareil locomoteur$$, $$[{"text":"L’examen articulaire est inutile chez l’enfant.","isCorrect":false,"justification":"Essentiel."},{"text":"La marche doit être observée.","isCorrect":true},{"text":"Les anomalies de hanches doivent être recherchées.","isCorrect":true},{"text":"L’hypotonie est un signe normal.","isCorrect":false,"justification":"Pathologique."},{"text":"Les réflexes ostéotendineux n’existent pas chez le nourrisson.","isCorrect":false,"justification":"Présents."}]$$::jsonb, $$Locomoteur = posture, marche, tonus, symétrie.$$, 14, '2025-11-02T17:52:05.662Z');
INSERT INTO "Question" (id, "chapterId", "questionText", options, explanation, "orderIndex", "createdAt") VALUES ('cmhi0de0000vek498vfg3vhhb', 'cmhi0ddyx00uik4989pa0o3sv', $$Système nerveux$$, $$[{"text":"L’état de conscience se juge sur le Glasgow adulte.","isCorrect":false,"justification":"Score adapté pédiatrique."},{"text":"Les réflexes archaïques sont normaux chez le nouveau-né.","isCorrect":true},{"text":"Les convulsions fébriles sont fréquentes.","isCorrect":true},{"text":"Le tonus passif est sans intérêt.","isCorrect":false,"justification":"Très utile."},{"text":"Les réflexes cutanés plantaires ne sont jamais observés.","isCorrect":false,"justification":"Présents, Babinski normal < 2 ans."}]$$::jsonb, $$SNC = réflexes, tonus, conscience, crises, archaïsmes.$$, 15, '2025-11-02T17:52:05.664Z');
INSERT INTO "Question" (id, "chapterId", "questionText", options, explanation, "orderIndex", "createdAt") VALUES ('cmhi0de0200vgk498oxzsd2y2', 'cmhi0ddyx00uik4989pa0o3sv', $$Squelette et croissance osseuse$$, $$[{"text":"Les courbures rachidiennes sont fixes dès la naissance.","isCorrect":false,"justification":"Se développent avec la marche."},{"text":"Le rachitisme est lié à la carence en vitamine D.","isCorrect":true},{"text":"Les déformations des membres doivent être recherchées.","isCorrect":true},{"text":"La fermeture des cartilages de croissance à 2 ans est normale.","isCorrect":false,"justification":"Tardive (adolescence)."},{"text":"La taille doit être suivie régulièrement.","isCorrect":true}]$$::jsonb, $$Croissance osseuse = vitamine D, déformations, suivi longitudinal.$$, 16, '2025-11-02T17:52:05.666Z');
INSERT INTO "Question" (id, "chapterId", "questionText", options, explanation, "orderIndex", "createdAt") VALUES ('cmhi0de0400vik498fz6nwodi', 'cmhi0ddyx00uik4989pa0o3sv', $$Température et tension$$, $$[{"text":"La fièvre est définie par T° > 38°C.","isCorrect":true},{"text":"L’hypothermie est toujours bénigne.","isCorrect":false,"justification":"Grave chez nourrisson."},{"text":"La tension se mesure dès la naissance.","isCorrect":true},{"text":"L’hypotension est normale chez l’enfant.","isCorrect":false,"justification":"À interpréter selon âge."},{"text":"L’élévation tensionnelle est rare.","isCorrect":false,"justification":"Possible (néphro, endocrino)."}]$$::jsonb, $$Surveillance T° et PA adaptée à l’âge.$$, 17, '2025-11-02T17:52:05.668Z');
INSERT INTO "Question" (id, "chapterId", "questionText", options, explanation, "orderIndex", "createdAt") VALUES ('cmhi0de0500vkk498frjlixsx', 'cmhi0ddyx00uik4989pa0o3sv', $$Évaluation de la douleur$$, $$[{"text":"La douleur de l’enfant est subjective et négligeable.","isCorrect":false,"justification":"Objectivable et importante."},{"text":"L’échelle des visages (Wong-Baker) s’utilise dès 3 ans.","isCorrect":true},{"text":"Le comportement (pleurs, agitation) guide l’évaluation.","isCorrect":true},{"text":"Le traitement antalgique est différé.","isCorrect":false,"justification":"Immédiat."},{"text":"L’absence de pleurs exclut la douleur.","isCorrect":false,"justification":"Faux."}]$$::jsonb, $$La douleur s’évalue par âge et comportement → traiter vite.$$, 18, '2025-11-02T17:52:05.670Z');
INSERT INTO "Question" (id, "chapterId", "questionText", options, explanation, "orderIndex", "createdAt") VALUES ('cmhi0de0700vmk498q7se6t2f', 'cmhi0ddyx00uik4989pa0o3sv', $$Conclusion générale$$, $$[{"text":"L’examen pédiatrique est rapide et standardisé.","isCorrect":false,"justification":"Lent, individualisé."},{"text":"Il combine observation, mesure et palpation.","isCorrect":true},{"text":"Il tient compte de l’âge, du développement et du comportement.","isCorrect":true},{"text":"Il peut se faire sans les parents.","isCorrect":false,"justification":"Toujours avec eux."},{"text":"Il néglige l’environnement psychologique.","isCorrect":false,"justification":"Essentiel."}]$$::jsonb, $$L’examen pédiatrique = global, doux, individualisé et évolutif.$$, 19, '2025-11-02T17:52:05.671Z');
INSERT INTO "Chapter" (id, "subjectId", title, description, "orderIndex", "pdfUrl", "createdAt") VALUES ('cmhi0de0a00vok4982o5k0ha1', 'cmhi0ddxt00tkk498snuvbsi9', $$Chapitre 3 – Examens complémentaires en pédiatrie$$, NULL, 3, NULL, '2025-11-02T17:52:05.674Z');
INSERT INTO "Question" (id, "chapterId", "questionText", options, explanation, "orderIndex", "createdAt") VALUES ('cmhi0de0c00vqk498ab9w2qq8', 'cmhi0de0a00vok4982o5k0ha1', $$Indication des examens complémentaires$$, $$[{"text":"Les examens doivent précéder l’examen clinique.","isCorrect":false,"justification":"Toujours après l’examen."},{"text":"Leur prescription doit être justifiée par une hypothèse diagnostique.","isCorrect":true},{"text":"Ils remplacent l’observation et l’interrogatoire.","isCorrect":false,"justification":"Ils complètent la clinique."},{"text":"Ils sont systématiques chez l’enfant malade.","isCorrect":false,"justification":"Individualisés selon le cas."},{"text":"Leur interprétation dépend de l’âge.","isCorrect":true}]$$::jsonb, $$L’examen complémentaire est guidé par la clinique et interprété selon l’âge.$$, 0, '2025-11-02T17:52:05.676Z');
INSERT INTO "Question" (id, "chapterId", "questionText", options, explanation, "orderIndex", "createdAt") VALUES ('cmhi0de0e00vsk4982n4zj52o', 'cmhi0de0a00vok4982o5k0ha1', $$Examens biologiques courants$$, $$[{"text":"L’hémogramme est inutile en pédiatrie.","isCorrect":false,"justification":"Fondamental pour infections, anémies."},{"text":"L’ionogramme explore le bilan hydrique.","isCorrect":true},{"text":"La CRP évalue l’inflammation.","isCorrect":true},{"text":"La glycémie est sans intérêt.","isCorrect":false,"justification":"Indispensable (hypo/hyperglycémie)."},{"text":"La bilirubine ne se dose que chez l’adulte.","isCorrect":false,"justification":"Très utile chez le nouveau-né."}]$$::jsonb, $$Les examens biologiques sont simples, orientés, et d’interprétation pédiatrique.$$, 1, '2025-11-02T17:52:05.679Z');
INSERT INTO "Question" (id, "chapterId", "questionText", options, explanation, "orderIndex", "createdAt") VALUES ('cmhi0de0g00vuk4989thllkzw', 'cmhi0de0a00vok4982o5k0ha1', $$Prélèvements sanguins$$, $$[{"text":"Toujours réalisés sur veine périphérique.","isCorrect":false,"justification":"Capillaire ou veineux selon besoin."},{"text":"Nécessitent du matériel adapté à l’enfant.","isCorrect":true},{"text":"La douleur du geste n’est pas à anticiper.","isCorrect":false,"justification":"Préparer et soulager."},{"text":"Les prélèvements sont souvent inutiles.","isCorrect":false,"justification":"Ciblés mais essentiels."},{"text":"L’étiquetage rigoureux évite les erreurs.","isCorrect":true}]$$::jsonb, $$Les prélèvements exigent adaptation, rigueur et analgésie.$$, 2, '2025-11-02T17:52:05.681Z');
INSERT INTO "Question" (id, "chapterId", "questionText", options, explanation, "orderIndex", "createdAt") VALUES ('cmhi0de0i00vwk498ovln8fyu', 'cmhi0de0a00vok4982o5k0ha1', $$Urines et selles$$, $$[{"text":"Le recueil urinaire est identique à celui de l’adulte.","isCorrect":false,"justification":"Poche adhésive ou ponction."},{"text":"L’analyse d’urine peut détecter une infection.","isCorrect":true},{"text":"La bandelette urinaire est souvent utilisée.","isCorrect":true},{"text":"Les selles n’ont aucun intérêt.","isCorrect":false,"justification":"Recherche infection, malabsorption."},{"text":"L’examen parasitologique est rare.","isCorrect":false,"justification":"Fréquent selon contexte."}]$$::jsonb, $$Urines/selles = infections, digestions, parasitoses.$$, 3, '2025-11-02T17:52:05.683Z');
INSERT INTO "Question" (id, "chapterId", "questionText", options, explanation, "orderIndex", "createdAt") VALUES ('cmhi0de0k00vyk4981w2qj984', 'cmhi0de0a00vok4982o5k0ha1', $$Bilan inflammatoire$$, $$[{"text":"La VS et la CRP sont inutiles chez l’enfant.","isCorrect":false,"justification":"Indispensables en pédiatrie."},{"text":"La CRP s’élève précocement.","isCorrect":true},{"text":"La VS varie avec l’âge.","isCorrect":true},{"text":"Une CRP basse exclut toute infection.","isCorrect":false,"justification":"Pas absolu."},{"text":"La procalcitonine aide au diagnostic bactérien.","isCorrect":true}]$$::jsonb, $$VS/CRP/PCT = tri infectieux bactérien vs viral.$$, 4, '2025-11-02T17:52:05.685Z');
INSERT INTO "Question" (id, "chapterId", "questionText", options, explanation, "orderIndex", "createdAt") VALUES ('cmhi0de0n00w0k4981q0s7swt', 'cmhi0de0a00vok4982o5k0ha1', $$Bilan infectieux$$, $$[{"text":"L’hémoculture n’a pas d’intérêt chez l’enfant.","isCorrect":false,"justification":"Vitale en septicémie."},{"text":"Le prélèvement doit être stérile.","isCorrect":true},{"text":"La numération leucocytaire oriente le diagnostic.","isCorrect":true},{"text":"La culture urinaire n’est jamais indiquée.","isCorrect":false,"justification":"Fréquente."},{"text":"La ponction lombaire ne se fait jamais.","isCorrect":false,"justification":"Indiquée si méningite suspectée."}]$$::jsonb, $$Bilan infectieux = NFS + hémoculture + PL + urines selon contexte.$$, 5, '2025-11-02T17:52:05.687Z');
INSERT INTO "Question" (id, "chapterId", "questionText", options, explanation, "orderIndex", "createdAt") VALUES ('cmhi0de0p00w2k4985d689atg', 'cmhi0de0a00vok4982o5k0ha1', $$Ponction lombaire$$, $$[{"text":"Contre-indiquée si hypertension intracrânienne.","isCorrect":true},{"text":"Permet le diagnostic des méningites.","isCorrect":true},{"text":"Réalisée sans asepsie stricte.","isCorrect":false,"justification":"Asepsie rigoureuse obligatoire."},{"text":"Peut être faite chez tout nourrisson fébrile sans raison.","isCorrect":false,"justification":"Selon signes neurologiques."},{"text":"Nécessite surveillance post-geste.","isCorrect":true}]$$::jsonb, $$PL = outil diagnostique majeur, avec précautions strictes.$$, 6, '2025-11-02T17:52:05.689Z');
INSERT INTO "Question" (id, "chapterId", "questionText", options, explanation, "orderIndex", "createdAt") VALUES ('cmhi0de0r00w4k498iz1wm6rm', 'cmhi0de0a00vok4982o5k0ha1', $$Examens d’imagerie$$, $$[{"text":"La radiographie thoracique est proscrite.","isCorrect":false,"justification":"Indiquée si suspicion respiratoire."},{"text":"L’échographie est non invasive.","isCorrect":true},{"text":"Le scanner est première intention pour tout traumatisme crânien.","isCorrect":false,"justification":"Selon gravité."},{"text":"L’IRM est privilégiée pour les tissus mous et le cerveau.","isCorrect":true},{"text":"La scintigraphie osseuse est un examen de routine.","isCorrect":false,"justification":"Spécialisée."}]$$::jsonb, $$Imagerie = Rx, Echo, IRM selon âge et indication.$$, 7, '2025-11-02T17:52:05.692Z');
INSERT INTO "Question" (id, "chapterId", "questionText", options, explanation, "orderIndex", "createdAt") VALUES ('cmhi0de0u00w6k498tjugk2xp', 'cmhi0de0a00vok4982o5k0ha1', $$Radioprotection$$, $$[{"text":"L’enfant est plus sensible aux rayonnements.","isCorrect":true},{"text":"Le port de protection plombée est facultatif.","isCorrect":false,"justification":"Obligatoire."},{"text":"Les examens doivent être limités au strict nécessaire.","isCorrect":true},{"text":"Le scanner peut être répété sans risque.","isCorrect":false,"justification":"Accumulation dangereuse."},{"text":"L’échographie ne comporte aucun risque.","isCorrect":true}]$$::jsonb, $$Radioprotection = minimiser dose et fréquence d’exposition.$$, 8, '2025-11-02T17:52:05.694Z');
INSERT INTO "Question" (id, "chapterId", "questionText", options, explanation, "orderIndex", "createdAt") VALUES ('cmhi0de0x00w8k498uf9yjh7d', 'cmhi0de0a00vok4982o5k0ha1', $$ECG et cœur de l’enfant$$, $$[{"text":"L’ECG est identique à celui de l’adulte.","isCorrect":false,"justification":"Axes et fréquences différents."},{"text":"Permet d’évaluer rythme, conduction, hypertrophie.","isCorrect":true},{"text":"Les arythmies sinusales sont physiologiques.","isCorrect":true},{"text":"Ne doit pas être utilisé avant 10 ans.","isCorrect":false,"justification":"Dès la naissance si indication."},{"text":"L’ECG ne sert pas au dépistage sportif.","isCorrect":false,"justification":"Recommandé."}]$$::jsonb, $$ECG pédiatrique = rythme, conduction, hypertrophie selon l’âge.$$, 9, '2025-11-02T17:52:05.697Z');
INSERT INTO "Question" (id, "chapterId", "questionText", options, explanation, "orderIndex", "createdAt") VALUES ('cmhi0de0z00wak4986op594ma', 'cmhi0de0a00vok4982o5k0ha1', $$EEG pédiatrique$$, $$[{"text":"Utile pour suspicion d’épilepsie.","isCorrect":true},{"text":"Toujours pathologique chez le nouveau-né.","isCorrect":false,"justification":"Physiologique variable."},{"text":"Nécessite parfois sédation légère.","isCorrect":true},{"text":"Permet d’explorer le sommeil.","isCorrect":true},{"text":"Remplace l’imagerie cérébrale.","isCorrect":false,"justification":"Complémentaire."}]$$::jsonb, $$EEG = épilepsie, troubles du sommeil, encéphalopathies.$$, 10, '2025-11-02T17:52:05.699Z');
INSERT INTO "Question" (id, "chapterId", "questionText", options, explanation, "orderIndex", "createdAt") VALUES ('cmhi0de1100wck498739nzfr9', 'cmhi0de0a00vok4982o5k0ha1', $$Examens auditifs et visuels$$, $$[{"text":"Réservés à l’âge scolaire.","isCorrect":false,"justification":"Dépistage néonatal obligatoire."},{"text":"Audiogramme = test de l’audition.","isCorrect":true},{"text":"Le test du réflexe rouge dépiste la cataracte congénitale.","isCorrect":true},{"text":"Le tympanogramme mesure la vision.","isCorrect":false,"justification":"Mobilité du tympan."},{"text":"Les troubles visuels précoces sont bénins.","isCorrect":false,"justification":"Urgence parfois."}]$$::jsonb, $$Dépistage auditif et visuel = prévention du retard de développement.$$, 11, '2025-11-02T17:52:05.702Z');
INSERT INTO "Question" (id, "chapterId", "questionText", options, explanation, "orderIndex", "createdAt") VALUES ('cmhi0de1400wek4988elzii78', 'cmhi0de0a00vok4982o5k0ha1', $$Examens digestifs$$, $$[{"text":"L’échographie abdominale est le 1er examen.","isCorrect":true},{"text":"Le lavement baryté est sans risque.","isCorrect":false,"justification":"Contre-indiqué si suspicion perforation."},{"text":"Le test de Graham explore l’intestin grêle.","isCorrect":false,"justification":"Ancien, peu utilisé."},{"text":"La fibroscopie est toujours réalisée sans anesthésie.","isCorrect":false,"justification":"Sous anesthésie générale."},{"text":"Les examens digestifs doivent être justifiés.","isCorrect":true}]$$::jsonb, $$Examens digestifs = imagerie douce, anesthésie, justification clinique.$$, 12, '2025-11-02T17:52:05.704Z');
INSERT INTO "Question" (id, "chapterId", "questionText", options, explanation, "orderIndex", "createdAt") VALUES ('cmhi0de1600wgk498vr6wzgp2', 'cmhi0de0a00vok4982o5k0ha1', $$Examens urinaires$$, $$[{"text":"L’échographie rénale est systématique.","isCorrect":false,"justification":"Selon troubles urinaires."},{"text":"Le cystogramme rétrograde explore reflux vésico-urétéral.","isCorrect":true},{"text":"La bandelette détecte leucocytes et nitrites.","isCorrect":true},{"text":"L’ECBU ne s’indique jamais avant 5 ans.","isCorrect":false,"justification":"Dès la naissance si fièvre inexpliquée."},{"text":"Les anomalies urinaires ne concernent que les garçons.","isCorrect":false,"justification":"Les deux sexes."}]$$::jsonb, $$Explorations urinaires = infection, reflux, malformations.$$, 13, '2025-11-02T17:52:05.707Z');
INSERT INTO "Question" (id, "chapterId", "questionText", options, explanation, "orderIndex", "createdAt") VALUES ('cmhi0de1900wik498v12n9vam', 'cmhi0de0a00vok4982o5k0ha1', $$Synthèse générale$$, $$[{"text":"Les examens complètent la clinique.","isCorrect":true},{"text":"Ils sont toujours systématiques.","isCorrect":false,"justification":"Guidés par suspicion."},{"text":"Leur interprétation dépend de l’âge et du contexte.","isCorrect":true},{"text":"Ils remplacent l’observation.","isCorrect":false,"justification":"Jamais."},{"text":"Leur répétition n’a aucun risque.","isCorrect":false,"justification":"À limiter."}]$$::jsonb, $$Examens complémentaires = outils précis et adaptés à chaque enfant.$$, 14, '2025-11-02T17:52:05.709Z');
INSERT INTO "Chapter" (id, "subjectId", title, description, "orderIndex", "pdfUrl", "createdAt") VALUES ('cmhi0de1d00wkk498c6ui2ed7', 'cmhi0ddxt00tkk498snuvbsi9', $$Chapitre 4 – Examen du nouveau-né$$, NULL, 4, NULL, '2025-11-02T17:52:05.713Z');
INSERT INTO "Question" (id, "chapterId", "questionText", options, explanation, "orderIndex", "createdAt") VALUES ('cmhi0de1f00wmk4989s0sal2x', 'cmhi0de1d00wkk498c6ui2ed7', $$Objectifs de l’examen néonatal$$, $$[{"text":"Détecter uniquement les maladies infectieuses.","isCorrect":false,"justification":"Cible toutes les anomalies congénitales et fonctionnelles."},{"text":"Évaluer la vitalité, la croissance et la maturité.","isCorrect":true},{"text":"Se limite à l’aspect externe.","isCorrect":false,"justification":"Inclut examen interne et réflexes."},{"text":"Permet d’établir un lien mère–enfant.","isCorrect":true},{"text":"N’a aucune valeur pour la prévention.","isCorrect":false,"justification":"Crucial pour dépistage précoce."}]$$::jsonb, $$Examen néonatal = bilan global vitalité + croissance + anomalies.$$, 0, '2025-11-02T17:52:05.715Z');
INSERT INTO "Question" (id, "chapterId", "questionText", options, explanation, "orderIndex", "createdAt") VALUES ('cmhi0de1h00wok4984saw6mx8', 'cmhi0de1d00wkk498c6ui2ed7', $$Score d’Apgar$$, $$[{"text":"Se calcule à 1 minute et 5 minutes.","isCorrect":true},{"text":"Évalue fréquence cardiaque, respiration, tonus, couleur, réactivité.","isCorrect":true},{"text":"Un score de 10 traduit une asphyxie sévère.","isCorrect":false,"justification":"Score bas traduit détresse."},{"text":"Se base sur un prélèvement sanguin.","isCorrect":false,"justification":"Observation clinique."},{"text":"Un score < 7 impose une réanimation.","isCorrect":true}]$$::jsonb, $$Apgar = évaluation rapide de l’adaptation néonatale.$$, 1, '2025-11-02T17:52:05.718Z');
INSERT INTO "Question" (id, "chapterId", "questionText", options, explanation, "orderIndex", "createdAt") VALUES ('cmhi0de1j00wqk4986r7n3wxn', 'cmhi0de1d00wkk498c6ui2ed7', $$Poids et taille$$, $$[{"text":"Poids moyen à terme ≈ 2,5 à 3,5 kg.","isCorrect":true},{"text":"Taille moyenne ≈ 50 cm.","isCorrect":true},{"text":"Poids < 2 kg définit la macrosomie.","isCorrect":false,"justification":"Hypotrophie."},{"text":"Un poids > 4 kg évoque diabète maternel.","isCorrect":true},{"text":"La taille ne varie pas selon le sexe.","isCorrect":false,"justification":"Légère différence."}]$$::jsonb, $$Données de croissance = référence de maturité et de nutrition.$$, 2, '2025-11-02T17:52:05.720Z');
INSERT INTO "Question" (id, "chapterId", "questionText", options, explanation, "orderIndex", "createdAt") VALUES ('cmhi0de1l00wsk498o5kuyo7t', 'cmhi0de1d00wkk498c6ui2ed7', $$Aspect général du nouveau-né$$, $$[{"text":"La posture en flexion est normale.","isCorrect":true},{"text":"Les mouvements spontanés sont rares.","isCorrect":false,"justification":"Présents et symétriques."},{"text":"La coloration cutanée doit être rosée.","isCorrect":true},{"text":"Les acrocyanoses sont toujours pathologiques.","isCorrect":false,"justification":"Physiologiques transitoires."},{"text":"Les malformations visibles sont négligeables.","isCorrect":false,"justification":"À rechercher systématiquement."}]$$::jsonb, $$Observation initiale = posture, tonus, coloration, symétrie.$$, 3, '2025-11-02T17:52:05.722Z');
INSERT INTO "Question" (id, "chapterId", "questionText", options, explanation, "orderIndex", "createdAt") VALUES ('cmhi0de1o00wuk498twnsc1yu', 'cmhi0de1d00wkk498c6ui2ed7', $$Peau et annexes$$, $$[{"text":"Le vernix caseosa est pathologique.","isCorrect":false,"justification":"Physiologique, protecteur."},{"text":"Le lanugo disparaît progressivement.","isCorrect":true},{"text":"L’ictère précoce (avant 24h) est bénin.","isCorrect":false,"justification":"Toujours pathologique."},{"text":"L’érythème toxique du nouveau-né est bénin.","isCorrect":true},{"text":"Les angiomes plans sont sans gravité.","isCorrect":true}]$$::jsonb, $$Peau = indice de maturité et d’adaptation cutanée.$$, 4, '2025-11-02T17:52:05.724Z');
INSERT INTO "Question" (id, "chapterId", "questionText", options, explanation, "orderIndex", "createdAt") VALUES ('cmhi0de1q00wwk4982ddclc8w', 'cmhi0de1d00wkk498c6ui2ed7', $$Tête et crâne$$, $$[{"text":"La fontanelle antérieure ferme à 6 mois.","isCorrect":false,"justification":"12–18 mois."},{"text":"La postérieure ferme avant 2 mois.","isCorrect":true},{"text":"L’asymétrie du crâne (moulage) est physiologique.","isCorrect":true},{"text":"Une bosse sérosanguine croise les sutures.","isCorrect":false,"justification":"Non (caput succédanéum oui)."},{"text":"Le périmètre crânien est inutile.","isCorrect":false,"justification":"Essentiel pour croissance."}]$$::jsonb, $$Crâne = fontanelles, moulage, périmètre, symétrie.$$, 5, '2025-11-02T17:52:05.727Z');
INSERT INTO "Question" (id, "chapterId", "questionText", options, explanation, "orderIndex", "createdAt") VALUES ('cmhi0de1t00wyk4982cbfba5h', 'cmhi0de1d00wkk498c6ui2ed7', $$Yeux$$, $$[{"text":"Le réflexe photomoteur doit être présent.","isCorrect":true},{"text":"Le réflexe rouge est recherché systématiquement.","isCorrect":true},{"text":"Le strabisme permanent est normal.","isCorrect":false,"justification":"Transitoire possible seulement."},{"text":"L’écoulement purulent est fréquent et bénin.","isCorrect":false,"justification":"Peut évoquer conjonctivite néonatale."},{"text":"La vision est absente à la naissance.","isCorrect":false,"justification":"Perçoit formes et lumières."}]$$::jsonb, $$Œil = réflexes + dépistage cataracte et infection.$$, 6, '2025-11-02T17:52:05.729Z');
INSERT INTO "Question" (id, "chapterId", "questionText", options, explanation, "orderIndex", "createdAt") VALUES ('cmhi0de1v00x0k498dlifbuos', 'cmhi0de1d00wkk498c6ui2ed7', $$Oreilles et audition$$, $$[{"text":"L’implantation basse peut évoquer une malformation.","isCorrect":true},{"text":"Le dépistage auditif est obligatoire à la maternité.","isCorrect":true},{"text":"L’otite néonatale est bénigne.","isCorrect":false,"justification":"Grave, à traiter."},{"text":"Les réflexes auditifs ne se testent qu’à 1 an.","isCorrect":false,"justification":"Dès la naissance."},{"text":"Le tympan est toujours opaque.","isCorrect":false,"justification":"Translucide normalement."}]$$::jsonb, $$Oreilles = forme, implantation, audition précoce.$$, 7, '2025-11-02T17:52:05.731Z');
INSERT INTO "Question" (id, "chapterId", "questionText", options, explanation, "orderIndex", "createdAt") VALUES ('cmhi0de1x00x2k4989thscrnf', 'cmhi0de1d00wkk498c6ui2ed7', $$Nez et bouche$$, $$[{"text":"Le nouveau-né respire par la bouche.","isCorrect":false,"justification":"Respiration nasale exclusive."},{"text":"L’obstruction des choanes est une urgence.","isCorrect":true},{"text":"Le palais doit être palpé systématiquement.","isCorrect":true},{"text":"Le frein de langue n’a aucun intérêt.","isCorrect":false,"justification":"Recherche d’ankyloglossie."},{"text":"Les dents néonatales sont toujours pathologiques.","isCorrect":false,"justification":"Parfois physiologiques."}]$$::jsonb, $$Bouche/nez = perméabilité, succion, anomalies palatines.$$, 8, '2025-11-02T17:52:05.734Z');
INSERT INTO "Question" (id, "chapterId", "questionText", options, explanation, "orderIndex", "createdAt") VALUES ('cmhi0de2000x4k498ckzfsn0z', 'cmhi0de1d00wkk498c6ui2ed7', $$Cou et thorax$$, $$[{"text":"Le cou doit être mobile et libre.","isCorrect":true},{"text":"Un goitre néonatal est bénin.","isCorrect":false,"justification":"Souvent pathologique (thyroïde maternelle)."},{"text":"Les seins hypertrophiés peuvent être normaux.","isCorrect":true},{"text":"Les tirages respiratoires sont sans gravité.","isCorrect":false,"justification":"Signes de détresse."},{"text":"La clavicule doit être palpée à la recherche de fracture.","isCorrect":true}]$$::jsonb, $$Cou/thorax = mobilité, respiration, fractures obstétricales.$$, 9, '2025-11-02T17:52:05.736Z');
INSERT INTO "Question" (id, "chapterId", "questionText", options, explanation, "orderIndex", "createdAt") VALUES ('cmhi0de2200x6k4981rws3hv0', 'cmhi0de1d00wkk498c6ui2ed7', $$Cœur et circulation$$, $$[{"text":"Le souffle cardiaque est toujours pathologique.","isCorrect":false,"justification":"Souvent fonctionnel au début."},{"text":"La fréquence cardiaque normale ≈ 120–160 bpm.","isCorrect":true},{"text":"Les extrémités froides traduisent souvent un choc.","isCorrect":true},{"text":"La cyanose centrale est toujours normale.","isCorrect":false,"justification":"Signale cardiopathie ou détresse."},{"text":"La palpation du pouls fémoral est inutile.","isCorrect":false,"justification":"Dépiste coarctation."}]$$::jsonb, $$Cœur = souffle, FC, pouls, coloration.$$, 10, '2025-11-02T17:52:05.738Z');
INSERT INTO "Question" (id, "chapterId", "questionText", options, explanation, "orderIndex", "createdAt") VALUES ('cmhi0de2400x8k498er35wdw7', 'cmhi0de1d00wkk498c6ui2ed7', $$Abdomen$$, $$[{"text":"Le foie est souvent palpable.","isCorrect":true},{"text":"L’ombilic infecté (omphalite) est bénin.","isCorrect":false,"justification":"Grave chez nouveau-né."},{"text":"Les reins ne sont jamais palpables.","isCorrect":false,"justification":"Parfois si hypertrophiés."},{"text":"Les vomissements bilieux sont banals.","isCorrect":false,"justification":"Toujours pathologiques."},{"text":"L’abdomen distendu peut révéler occlusion.","isCorrect":true}]$$::jsonb, $$Abdomen = foie palpable, vigilance ombilicale et bilieuse.$$, 11, '2025-11-02T17:52:05.740Z');
INSERT INTO "Question" (id, "chapterId", "questionText", options, explanation, "orderIndex", "createdAt") VALUES ('cmhi0de2700xak498fyx5cn0n', 'cmhi0de1d00wkk498c6ui2ed7', $$Organes génitaux$$, $$[{"text":"Chez le garçon, testicules palpables en bourse.","isCorrect":true},{"text":"L’hydrocèle est toujours urgente.","isCorrect":false,"justification":"Bénigne la 1ʳᵉ année."},{"text":"Chez la fille, leucorrhées physiologiques possibles.","isCorrect":true},{"text":"L’hymen imperforé n’a pas de conséquence.","isCorrect":false,"justification":"À surveiller."},{"text":"L’ambiguïté sexuelle impose exploration.","isCorrect":true}]$$::jsonb, $$Génitaux = testicules, hydrocèle, ambiguïté, leucorrhée.$$, 12, '2025-11-02T17:52:05.743Z');
INSERT INTO "Question" (id, "chapterId", "questionText", options, explanation, "orderIndex", "createdAt") VALUES ('cmhi0de2900xck498cve381ou', 'cmhi0de1d00wkk498c6ui2ed7', $$Membres et hanches$$, $$[{"text":"La symétrie des plis fessiers est à vérifier.","isCorrect":true},{"text":"Le signe d’Ortolani dépiste la luxation congénitale.","isCorrect":true},{"text":"La limitation d’abduction des hanches est normale.","isCorrect":false,"justification":"Signe de luxation."},{"text":"Le réflexe de marche automatique n’a aucun intérêt.","isCorrect":false,"justification":"Évalue intégrité motrice."},{"text":"Le tonus doit être flasque.","isCorrect":false,"justification":"Tonus flexion."}]$$::jsonb, $$Hanches = symétrie, abduction, réflexe moteur.$$, 13, '2025-11-02T17:52:05.745Z');
INSERT INTO "Question" (id, "chapterId", "questionText", options, explanation, "orderIndex", "createdAt") VALUES ('cmhi0de2b00xek498musy3ccq', 'cmhi0de1d00wkk498c6ui2ed7', $$Membres supérieurs$$, $$[{"text":"Les mains doivent être observées ouvertes.","isCorrect":true},{"text":"La préhension réflexe doit être présente.","isCorrect":true},{"text":"Les mouvements asymétriques sont normaux.","isCorrect":false,"justification":"Pathologiques."},{"text":"Les doigts surnuméraires sont fréquents et bénins.","isCorrect":false,"justification":"Anomalies congénitales."},{"text":"Les cyanoses unilatérales sont normales.","isCorrect":false,"justification":"Trouble circulatoire."}]$$::jsonb, $$Mains = préhension, symétrie, anomalies digitales.$$, 14, '2025-11-02T17:52:05.747Z');
INSERT INTO "Question" (id, "chapterId", "questionText", options, explanation, "orderIndex", "createdAt") VALUES ('cmhi0de2d00xgk498jfsqkvfv', 'cmhi0de1d00wkk498c6ui2ed7', $$Système nerveux$$, $$[{"text":"Le réflexe de Moro est un signe pathologique.","isCorrect":false,"justification":"Physiologique (intégrité motrice)."},{"text":"Le réflexe de succion doit être présent.","isCorrect":true},{"text":"Le Babinski est toujours anormal.","isCorrect":false,"justification":"Normal < 2 ans."},{"text":"Le tonus axial et périphérique doit être noté.","isCorrect":true},{"text":"Le réflexe de redressement est absent à la naissance.","isCorrect":true}]$$::jsonb, $$SNC = réflexes archaïques et tonus global.$$, 15, '2025-11-02T17:52:05.750Z');
INSERT INTO "Question" (id, "chapterId", "questionText", options, explanation, "orderIndex", "createdAt") VALUES ('cmhi0de2f00xik4986a4vep5w', 'cmhi0de1d00wkk498c6ui2ed7', $$Dos et colonne$$, $$[{"text":"L’inspection du rachis est inutile.","isCorrect":false,"justification":"Recherche spina bifida."},{"text":"La symétrie des épaules est à vérifier.","isCorrect":true},{"text":"Le sacral dimple profond est bénin.","isCorrect":false,"justification":"Explorer (IRM possible)."},{"text":"Les mouvements de flexion/extension sont limités.","isCorrect":false,"justification":"Souples normalement."},{"text":"La palpation des épineuses est possible.","isCorrect":true}]$$::jsonb, $$Rachis = intégrité, symétrie, malformations.$$, 16, '2025-11-02T17:52:05.752Z');
INSERT INTO "Question" (id, "chapterId", "questionText", options, explanation, "orderIndex", "createdAt") VALUES ('cmhi0de2h00xkk498zol44zr5', 'cmhi0de1d00wkk498c6ui2ed7', $$Système ostéo-articulaire$$, $$[{"text":"Les fractures obstétricales sont rares.","isCorrect":false,"justification":"Assez fréquentes (clavicule, humérus)."},{"text":"La mobilité articulaire doit être testée doucement.","isCorrect":true},{"text":"Les déformations congénitales (pieds bots) sont à dépister.","isCorrect":true},{"text":"Les luxations traumatiques sont courantes.","isCorrect":false,"justification":"Exceptionnelles."},{"text":"Le tonus articulaire est sans intérêt.","isCorrect":false,"justification":"Renseigne sur hypotonie/hypertonie."}]$$::jsonb, $$Ostéo-articulaire = mobilité, fractures, anomalies congénitales.$$, 17, '2025-11-02T17:52:05.754Z');
INSERT INTO "Question" (id, "chapterId", "questionText", options, explanation, "orderIndex", "createdAt") VALUES ('cmhi0de2j00xmk498a0ju05y0', 'cmhi0de1d00wkk498c6ui2ed7', $$Examen digestif et anal$$, $$[{"text":"L’anus doit être visible et perméable.","isCorrect":true},{"text":"La recherche du méconium est secondaire.","isCorrect":false,"justification":"Essentielle dès 24 h."},{"text":"L’absence d’orifice anal est rare et bénigne.","isCorrect":false,"justification":"Urgence chirurgicale."},{"text":"La distension abdominale est anodine.","isCorrect":false,"justification":"Peut traduire occlusion."},{"text":"Le toucher rectal n’a jamais d’indication.","isCorrect":false,"justification":"Parfois nécessaire."}]$$::jsonb, $$Examen anal = perméabilité, méconium, anomalies.$$, 18, '2025-11-02T17:52:05.755Z');
INSERT INTO "Question" (id, "chapterId", "questionText", options, explanation, "orderIndex", "createdAt") VALUES ('cmhi0de2l00xok498z3v2hmjx', 'cmhi0de1d00wkk498c6ui2ed7', $$Système respiratoire$$, $$[{"text":"Le nouveau-né respire par la bouche.","isCorrect":false,"justification":"Respiration nasale."},{"text":"Le rythme respiratoire normal ≈ 30–60/min.","isCorrect":true},{"text":"Les pauses respiratoires prolongées sont normales.","isCorrect":false,"justification":"Apnées pathologiques."},{"text":"Le tirage intercostal est un signe de détresse.","isCorrect":true},{"text":"Les bruits laryngés ne nécessitent jamais d’évaluation.","isCorrect":false,"justification":"À explorer."}]$$::jsonb, $$Respiration = fréquence, régularité, tirage, apnées.$$, 19, '2025-11-02T17:52:05.757Z');
INSERT INTO "Question" (id, "chapterId", "questionText", options, explanation, "orderIndex", "createdAt") VALUES ('cmhi0de2n00xqk498quueb3ub', 'cmhi0de1d00wkk498c6ui2ed7', $$Examen neurologique de la vigilance$$, $$[{"text":"L’état de veille est absent à la naissance.","isCorrect":false,"justification":"Alternance veille-sommeil."},{"text":"La réactivité aux stimulations est à noter.","isCorrect":true},{"text":"Les cris doivent être évalués.","isCorrect":true},{"text":"Les mouvements spontanés n’ont pas de valeur.","isCorrect":false,"justification":"Renseignent sur intégrité motrice."},{"text":"Le sommeil profond empêche tout examen.","isCorrect":false,"justification":"Observation utile."}]$$::jsonb, $$Vigilance = réactivité + cris + motricité spontanée.$$, 20, '2025-11-02T17:52:05.760Z');
INSERT INTO "Question" (id, "chapterId", "questionText", options, explanation, "orderIndex", "createdAt") VALUES ('cmhi0de2p00xsk4983tsjmogw', 'cmhi0de1d00wkk498c6ui2ed7', $$Malformations à dépister$$, $$[{"text":"L’absence de choanes est une urgence.","isCorrect":true},{"text":"La fente palatine passe souvent inaperçue.","isCorrect":true},{"text":"L’hydrocéphalie se repère au périmètre crânien.","isCorrect":true},{"text":"Les cardiopathies congénitales n’ont pas de signes précoces.","isCorrect":false,"justification":"Cyanose, souffle."},{"text":"Les anomalies des membres sont rares.","isCorrect":false,"justification":"Fréquentes."}]$$::jsonb, $$Dépistage = anomalies craniofaciales, cardiaques, digestives,$$, 21, '2025-11-02T17:52:05.762Z');
INSERT INTO "Question" (id, "chapterId", "questionText", options, explanation, "orderIndex", "createdAt") VALUES ('cmhi0de2s00xuk498dmczj3o1', 'cmhi0de1d00wkk498c6ui2ed7', $$Réflexes archaïques$$, $$[{"text":"Le grasping (préhen­sion) disparaît vers 3 mois.","isCorrect":true},{"text":"Le réflexe de succion persiste jusqu’à 2 ans.","isCorrect":false,"justification":"Disparaît vers 3–4 mois."},{"text":"Le réflexe de marche automatique persiste toute la vie.","isCorrect":false,"justification":"Disparaît à 2 mois."},{"text":"Le réflexe tonique du cou disparaît vers 6 mois.","isCorrect":true},{"text":"L’absence de réflexes n’a pas de valeur.","isCorrect":false,"justification":"Peut indiquer lésion neurologique."}]$$::jsonb, $$Les réflexes archaïques = signes de maturation neurologique et dépistage précoce.$$, 22, '2025-11-02T17:52:05.764Z');
INSERT INTO "Question" (id, "chapterId", "questionText", options, explanation, "orderIndex", "createdAt") VALUES ('cmhi0de2u00xwk498liwtng3z', 'cmhi0de1d00wkk498c6ui2ed7', $$Maturité et vitalité$$, $$[{"text":"La peau ridée et les ongles longs traduisent une prématurité.","isCorrect":false,"justification":"Signes de postmaturité."},{"text":"L’hypotonie globale indique souvent une souffrance néonatale.","isCorrect":true},{"text":"Le cri fort et spontané est un bon signe de vitalité.","isCorrect":true},{"text":"La cyanose généralisée est normale.","isCorrect":false,"justification":"Pathologique."},{"text":"L’hypothermie est rare à la naissance.","isCorrect":false,"justification":"Fréquente si mauvaise adaptation."}]$$::jsonb, $$Maturité = tonus, cri, thermorégulation, coloration.$$, 23, '2025-11-02T17:52:05.766Z');
INSERT INTO "Question" (id, "chapterId", "questionText", options, explanation, "orderIndex", "createdAt") VALUES ('cmhi0de2w00xyk49823p3zpor', 'cmhi0de1d00wkk498c6ui2ed7', $$Synthèse de l’examen du nouveau-né$$, $$[{"text":"L’examen néonatal vise seulement à rechercher les anomalies génétiques.","isCorrect":false,"justification":"Il évalue tout l’état général."},{"text":"Il comprend la vérification des réflexes et de la vitalité.","isCorrect":true},{"text":"Il doit être réalisé immédiatement après la naissance et répété.","isCorrect":true},{"text":"L’anamnèse maternelle n’a aucune importance.","isCorrect":false,"justification":"Essentielle (pathologies, médicaments)."},{"text":"La surveillance du poids est accessoire.","isCorrect":false,"justification":"Indispensable."}]$$::jsonb, $$L’examen néonatal = clé de dépistage précoce et de suivi postnatal.$$, 24, '2025-11-02T17:52:05.768Z');
INSERT INTO "Chapter" (id, "subjectId", title, description, "orderIndex", "pdfUrl", "createdAt") VALUES ('cmhi0de2z00y0k4980r45otfa', 'cmhi0ddxt00tkk498snuvbsi9', $$Chapitre 5 – Examens complémentaires spécifiques du nouveau-né$$, NULL, 5, NULL, '2025-11-02T17:52:05.771Z');
INSERT INTO "Question" (id, "chapterId", "questionText", options, explanation, "orderIndex", "createdAt") VALUES ('cmhi0de3100y2k498q6nl5n4q', 'cmhi0de2z00y0k4980r45otfa', $$Principes généraux$$, $$[{"text":"Les examens complémentaires sont systématiques chez tout nouveau-né.","isCorrect":false,"justification":"Réalisés selon le contexte."},{"text":"Ils visent à confirmer les anomalies détectées à l’examen clinique.","isCorrect":true},{"text":"Ils remplacent l’examen physique.","isCorrect":false,"justification":"Le complètent."},{"text":"Ils ne concernent que les nouveau-nés prématurés.","isCorrect":false,"justification":"Tous peuvent être concernés."},{"text":"Leur interprétation dépend de l’âge gestationnel.","isCorrect":true}]$$::jsonb, $$Les examens du nouveau-né sont ciblés, interprétés selon âge et contexte.$$, 0, '2025-11-02T17:52:05.773Z');
INSERT INTO "Question" (id, "chapterId", "questionText", options, explanation, "orderIndex", "createdAt") VALUES ('cmhi0de3400y4k4981i0aixjl', 'cmhi0de2z00y0k4980r45otfa', $$Hémogramme néonatal$$, $$[{"text":"Le taux d’hémoglobine est identique à l’adulte.","isCorrect":false,"justification":"Plus élevé à la naissance."},{"text":"Les polynucléaires neutrophiles sont prédominants.","isCorrect":true},{"text":"L’hématocrite normal ≈ 50–60 %.","isCorrect":true},{"text":"L’hémoglobine fœtale disparaît à 24 h.","isCorrect":false,"justification":"Persiste plusieurs mois."},{"text":"Une polyglobulie traduit toujours une infection.","isCorrect":false,"justification":"Peut être adaptation ou diabète maternel."}]$$::jsonb, $$Hémogramme = Hb élevée, HbF présente, N neutrophilie physiologique.$$, 1, '2025-11-02T17:52:05.776Z');
INSERT INTO "Question" (id, "chapterId", "questionText", options, explanation, "orderIndex", "createdAt") VALUES ('cmhi0de3600y6k4980o215zuv', 'cmhi0de2z00y0k4980r45otfa', $$Numération plaquettaire$$, $$[{"text":"Le seuil normal est > 150 000/mm³.","isCorrect":true},{"text":"Une thrombopénie peut indiquer une infection materno-fœtale.","isCorrect":true},{"text":"Les plaquettes varient peu dans la première semaine.","isCorrect":true},{"text":"Une thrombocytose traduit toujours un saignement.","isCorrect":false,"justification":"Réactionnelle souvent."},{"text":"Les plaquettes ne jouent aucun rôle dans l’hémostase.","isCorrect":false,"justification":"Essentielles."}]$$::jsonb, $$Plaquettes = 150–400k, anomalies → infection, asphyxie, CIVD.$$, 2, '2025-11-02T17:52:05.779Z');
INSERT INTO "Question" (id, "chapterId", "questionText", options, explanation, "orderIndex", "createdAt") VALUES ('cmhi0de3800y8k498xddd2mwf', 'cmhi0de2z00y0k4980r45otfa', $$Glycémie du nouveau-né$$, $$[{"text":"La glycémie normale ≥ 0,80 g/L dès la naissance.","isCorrect":false,"justification":"Normale ≈ 0,40–0,70 g/L."},{"text":"L’hypoglycémie < 0,40 g/L est fréquente.","isCorrect":true},{"text":"Survient surtout chez les enfants de mères diabétiques.","isCorrect":true},{"text":"Est sans conséquence neurologique.","isCorrect":false,"justification":"Peut causer convulsions, coma."},{"text":"Nécessite une surveillance précoce.","isCorrect":true}]$$::jsonb, $$Hypoglycémie = urgence neurologique néonatale fréquente.$$, 3, '2025-11-02T17:52:05.781Z');
INSERT INTO "Question" (id, "chapterId", "questionText", options, explanation, "orderIndex", "createdAt") VALUES ('cmhi0de3c00yak498g4255xf2', 'cmhi0de2z00y0k4980r45otfa', $$Ionogramme sanguin$$, $$[{"text":"Le sodium néonatal normal ≈ 135–145 mmol/L.","isCorrect":true},{"text":"Le potassium < 3,0 mmol/L est physiologique.","isCorrect":false,"justification":"Hypokaliémie pathologique."},{"text":"La déshydratation hypernatrémique est rare.","isCorrect":false,"justification":"Fréquente si allaitement inadéquat."},{"text":"La calcémie doit être surveillée chez les prématurés.","isCorrect":true},{"text":"L’hypocalcémie peut provoquer des tremblements.","isCorrect":true}]$$::jsonb, $$Ionogramme = surveillance hydrique et électrolytique rigoureuse.$$, 4, '2025-11-02T17:52:05.784Z');
INSERT INTO "Question" (id, "chapterId", "questionText", options, explanation, "orderIndex", "createdAt") VALUES ('cmhi0de3e00yck498thii21t4', 'cmhi0de2z00y0k4980r45otfa', $$Bilan hépatique$$, $$[{"text":"L’ictère physiologique débute avant 12 h.","isCorrect":false,"justification":"Toujours pathologique si précoce."},{"text":"La bilirubine indirecte est majoritaire dans l’ictère physiologique.","isCorrect":true},{"text":"L’ictère nucléaire survient pour bilirubine > 25 mg/dL.","isCorrect":true},{"text":"L’élévation des transaminases est sans signification.","isCorrect":false,"justification":"Peut traduire hépatite néonatale."},{"text":"Le dosage de bilirubine est inutile.","isCorrect":false,"justification":"Indispensable."}]$$::jsonb, $$Bilan hépatique = prévention ictère pathologique et encéphalopathie.$$, 5, '2025-11-02T17:52:05.786Z');
INSERT INTO "Question" (id, "chapterId", "questionText", options, explanation, "orderIndex", "createdAt") VALUES ('cmhi0de3g00yek4983e50tkle', 'cmhi0de2z00y0k4980r45otfa', $$Examens infectieux$$, $$[{"text":"Le prélèvement du liquide gastrique recherche une infection maternelle.","isCorrect":true},{"text":"Les hémocultures sont inutiles en néonatalogie.","isCorrect":false,"justification":"Essentielles en suspicion de sepsis."},{"text":"La CRP se négative lentement.","isCorrect":false,"justification":"Baisse rapide si traitement efficace."},{"text":"Les ponctions lombaires sont contre-indiquées.","isCorrect":false,"justification":"Indiquées si méningite suspectée."},{"text":"Le prélèvement d’urine peut se faire par ponction sus-pubienne.","isCorrect":true}]$$::jsonb, $$Infection néonatale = PL + hémoculture + CRP.$$, 6, '2025-11-02T17:52:05.788Z');
INSERT INTO "Question" (id, "chapterId", "questionText", options, explanation, "orderIndex", "createdAt") VALUES ('cmhi0de3i00ygk498p3e3h79z', 'cmhi0de2z00y0k4980r45otfa', $$Examens d’imagerie$$, $$[{"text":"L’échographie cérébrale est possible par la fontanelle.","isCorrect":true},{"text":"Le scanner est examen de première intention.","isCorrect":false,"justification":"Échographie préférée."},{"text":"L’échographie abdominale dépiste les malformations viscérales.","isCorrect":true},{"text":"La radiographie thoracique est inutile.","isCorrect":false,"justification":"Indiquée pour détresse respiratoire."},{"text":"L’échographie cardiaque détecte les cardiopathies congénitales.","isCorrect":true}]$$::jsonb, $$Imagerie néonatale = écho, Rx, fontanelle ouverte = fenêtre diagnostique.$$, 7, '2025-11-02T17:52:05.790Z');
INSERT INTO "Question" (id, "chapterId", "questionText", options, explanation, "orderIndex", "createdAt") VALUES ('cmhi0de3l00yik498lxt5r17c', 'cmhi0de2z00y0k4980r45otfa', $$Bilan neurologique$$, $$[{"text":"L’électroencéphalogramme (EEG) est inutile chez le nouveau-né.","isCorrect":false,"justification":"Utile en encéphalopathie ou convulsions."},{"text":"L’échographie transfontanellaire évalue les ventricules.","isCorrect":true},{"text":"L’IRM est réalisée en première intention.","isCorrect":false,"justification":"Après échographie."},{"text":"Le tonus, la posture et les réflexes suffisent pour juger la maturation.","isCorrect":true},{"text":"Le réflexe de Moro indique un trouble cérébelleux.","isCorrect":false,"justification":"Rachidien."}]$$::jsonb, $$Bilan neuro = EEG + écho + examen clinique.$$, 8, '2025-11-02T17:52:05.793Z');
INSERT INTO "Question" (id, "chapterId", "questionText", options, explanation, "orderIndex", "createdAt") VALUES ('cmhi0de3n00ykk498z1keufef', 'cmhi0de2z00y0k4980r45otfa', $$Examens métaboliques$$, $$[{"text":"Le dépistage néonatal est réalisé à 1 semaine.","isCorrect":false,"justification":"J2–J3."},{"text":"Le test de Guthrie recherche plusieurs maladies métaboliques.","isCorrect":true},{"text":"Il se fait sur sang capillaire au talon.","isCorrect":true},{"text":"Il détecte uniquement la phénylcétonurie.","isCorrect":false,"justification":"Aussi hypothyroïdie, drépanocytose, MCAD, etc."},{"text":"Il est optionnel selon les régions.","isCorrect":false,"justification":"Obligatoire."}]$$::jsonb, $$Test de Guthrie = dépistage précoce obligatoire maladies métaboliques.$$, 9, '2025-11-02T17:52:05.795Z');
INSERT INTO "Question" (id, "chapterId", "questionText", options, explanation, "orderIndex", "createdAt") VALUES ('cmhi0de3p00ymk498f4sdsorv', 'cmhi0de2z00y0k4980r45otfa', $$Exploration cardio-pulmonaire$$, $$[{"text":"La saturation en O₂ est inutile.","isCorrect":false,"justification":"Vitale à la naissance."},{"text":"Le dépistage des cardiopathies se fait par oxymétrie.","isCorrect":true},{"text":"L’ECG n’a pas de valeur chez le nouveau-né.","isCorrect":false,"justification":"Interprétation spécifique."},{"text":"L’échocardiographie évalue les shunts et malformations.","isCorrect":true},{"text":"L’auscultation seule suffit.","isCorrect":false,"justification":"Toujours combinée à l’imagerie."}]$$::jsonb, $$Cœur/poumon = oxymétrie + ECG + écho pour dépistage.$$, 10, '2025-11-02T17:52:05.798Z');
INSERT INTO "Question" (id, "chapterId", "questionText", options, explanation, "orderIndex", "createdAt") VALUES ('cmhi0de3r00yok498hum2h67u', 'cmhi0de2z00y0k4980r45otfa', $$Examens urinaires et rénaux$$, $$[{"text":"L’échographie rénale est systématique chez tout nouveau-né.","isCorrect":false,"justification":"Réservée si anomalie anténatale."},{"text":"La créatinine reflète la fonction rénale maternelle au début.","isCorrect":true},{"text":"L’oligurie < 1 mL/kg/h est anormale.","isCorrect":true},{"text":"Le dosage d’urée est inutile.","isCorrect":false,"justification":"Utile dans IR."},{"text":"La diurèse se calcule sans peser les couches.","isCorrect":false,"justification":"Pesée nécessaire."}]$$::jsonb, $$Rein = diurèse, créatinine, échographie selon contexte.$$, 11, '2025-11-02T17:52:05.800Z');
INSERT INTO "Question" (id, "chapterId", "questionText", options, explanation, "orderIndex", "createdAt") VALUES ('cmhi0de3t00yqk498qqfc0zhj', 'cmhi0de2z00y0k4980r45otfa', $$Examens digestifs$$, $$[{"text":"L’échographie abdominale détecte les occlusions.","isCorrect":true},{"text":"Le lavement opaque est indiqué systématiquement.","isCorrect":false,"justification":"Selon indication (atrésie, Hirschsprung)."},{"text":"Le transit baryté se fait sans préparation.","isCorrect":false,"justification":"Sous surveillance."},{"text":"La recherche d’air sous diaphragme se fait à la radio.","isCorrect":true},{"text":"Le test de Graham est utilisé couramment.","isCorrect":false,"justification":"Obsolète."}]$$::jsonb, $$Imagerie digestive = écho + Rx ciblées selon signes.$$, 12, '2025-11-02T17:52:05.802Z');
INSERT INTO "Question" (id, "chapterId", "questionText", options, explanation, "orderIndex", "createdAt") VALUES ('cmhi0de3w00ysk498lscxkkjp', 'cmhi0de2z00y0k4980r45otfa', $$Examens endocriniens$$, $$[{"text":"Le dosage de TSH détecte l’hypothyroïdie congénitale.","isCorrect":true},{"text":"Ce dépistage fait partie du test de Guthrie.","isCorrect":true},{"text":"L’insuline est dosée en routine.","isCorrect":false,"justification":"Non systématique."},{"text":"Le cortisol est toujours bas à la naissance.","isCorrect":false,"justification":"Variable selon stress."},{"text":"L’hypoglycémie peut être endocrine.","isCorrect":true}]$$::jsonb, $$Endocrino = TSH obligatoire, autres dosages selon contexte.$$, 13, '2025-11-02T17:52:05.804Z');
INSERT INTO "Question" (id, "chapterId", "questionText", options, explanation, "orderIndex", "createdAt") VALUES ('cmhi0de3y00yuk498vw6poq4g', 'cmhi0de2z00y0k4980r45otfa', $$Radiologie osseuse$$, $$[{"text":"Permet d’évaluer la maturation squelettique.","isCorrect":true},{"text":"L’âge osseux du poignet est utile après 1 an.","isCorrect":true},{"text":"Les radiographies répétées sont sans danger.","isCorrect":false,"justification":"À limiter."},{"text":"Les fractures néonatales sont exceptionnelles.","isCorrect":false,"justification":"Fréquentes (clavicule, humérus)."},{"text":"Les malformations osseuses sont visibles à l’échographie.","isCorrect":true}]$$::jsonb, $$Os = âge osseux, fractures, anomalies détectées tôt.$$, 14, '2025-11-02T17:52:05.806Z');
INSERT INTO "Question" (id, "chapterId", "questionText", options, explanation, "orderIndex", "createdAt") VALUES ('cmhi0de4000ywk498lzco79hd', 'cmhi0de2z00y0k4980r45otfa', $$Examens hémostatiques$$, $$[{"text":"Le temps de Quick et le TCA évaluent la coagulation.","isCorrect":true},{"text":"Les troubles de la coagulation sont rares chez le nouveau-né.","isCorrect":false,"justification":"Relativement fréquents."},{"text":"La carence en vitamine K est une cause d’hémorragie.","isCorrect":true},{"text":"L’administration de vitamine K est optionnelle.","isCorrect":false,"justification":"Systématique."},{"text":"Les hémorragies du nouveau-né sont toujours traumatiques.","isCorrect":false,"justification":"Parfois métaboliques."}]$$::jsonb, $$Coagulation = Quick/TCA + vitamine K obligatoire.$$, 15, '2025-11-02T17:52:05.809Z');
INSERT INTO "Question" (id, "chapterId", "questionText", options, explanation, "orderIndex", "createdAt") VALUES ('cmhi0de4300yyk498h47wkai9', 'cmhi0de2z00y0k4980r45otfa', $$Électrolytes et bilan hydrique$$, $$[{"text":"L’hypokaliémie entraîne des convulsions.","isCorrect":false,"justification":"Troubles du rythme cardiaque."},{"text":"L’hypernatrémie est liée à une perte d’eau.","isCorrect":true},{"text":"La surveillance du poids reflète l’état hydrique.","isCorrect":true},{"text":"La perte physiologique de poids > 15 % est normale.","isCorrect":false,"justification":"> 10 % = pathologique."},{"text":"L’hyperhydratation est fréquente en maternité.","isCorrect":false,"justification":"Déshydratation plus courante."}]$$::jsonb, $$Bilan hydrique = Na, K, poids quotidien à surveiller.$$, 16, '2025-11-02T17:52:05.811Z');
INSERT INTO "Question" (id, "chapterId", "questionText", options, explanation, "orderIndex", "createdAt") VALUES ('cmhi0de4500z0k498hiy7vw67', 'cmhi0de2z00y0k4980r45otfa', $$Dépistages néonataux obligatoires$$, $$[{"text":"Réalisés à J7.","isCorrect":false,"justification":"J2–J3."},{"text":"Incluent phénylcétonurie, hypothyroïdie, drépanocytose.","isCorrect":true},{"text":"L’échantillon se fait sur sang capillaire.","isCorrect":true},{"text":"L’absence de test n’a pas de conséquence.","isCorrect":false,"justification":"Retard de diagnostic grave."},{"text":"Tous les pays ont les mêmes dépistages.","isCorrect":false,"justification":"Varie selon législation."}]$$::jsonb, $$Dépistage = phénylcétonurie, TSH, drépanocytose, test obligatoire à J2–3.$$, 17, '2025-11-02T17:52:05.813Z');
INSERT INTO "Question" (id, "chapterId", "questionText", options, explanation, "orderIndex", "createdAt") VALUES ('cmhi0de4700z2k4987fr52d3j', 'cmhi0de2z00y0k4980r45otfa', $$Surveillance post-natale$$, $$[{"text":"Le suivi biologique est inutile après sortie.","isCorrect":false,"justification":"Surveillance étroite les 1ers jours."},{"text":"La bilirubine et la glycémie sont contrôlées.","isCorrect":true},{"text":"Le poids doit être vérifié quotidiennement.","isCorrect":true},{"text":"La diurèse et les selles n’ont pas d’importance.","isCorrect":false,"justification":"Indicateurs vitaux."},{"text":"La température doit être stable > 36,5 °C.","isCorrect":true}]$$::jsonb, $$Surveillance post-natale = poids, glycémie, bilirubine, température.$$, 18, '2025-11-02T17:52:05.815Z');
INSERT INTO "Question" (id, "chapterId", "questionText", options, explanation, "orderIndex", "createdAt") VALUES ('cmhi0de4900z4k4988ro2wozi', 'cmhi0de2z00y0k4980r45otfa', $$Synthèse finale$$, $$[{"text":"Les examens néonataux sont systématiques et identiques pour tous.","isCorrect":false,"justification":"Adaptés à chaque cas."},{"text":"Ils permettent un dépistage précoce des anomalies.","isCorrect":true},{"text":"Leur interprétation nécessite de connaître l’âge gestationnel.","isCorrect":true},{"text":"Ils remplacent l’examen clinique.","isCorrect":false,"justification":"Complémentaires."},{"text":"Leur répétition quotidienne est toujours indiquée.","isCorrect":false,"justification":"Selon évolution."}]$$::jsonb, $$Examens néonataux spécifiques = surveillance ciblée + dépistage vital précoce.$$, 19, '2025-11-02T17:52:05.817Z');
INSERT INTO "Subject" (id, title, description, semester, tags, "totalQCM", "createdAt", views) VALUES ('cmhi0de4f00z5k498w3hbsriy', $$Sémiologie Rénale et Urologique$$, $$Cours de Sémiologie Rénale et Urologique$$, 'DCEM1', ARRAY[$$DCEM1$$, $$Sémiologie$$, $$Sémiologie Rénale et Urologique$$]::text[], 70, '2025-11-02T17:52:05.823Z', 0);
INSERT INTO "Chapter" (id, "subjectId", title, description, "orderIndex", "pdfUrl", "createdAt") VALUES ('cmhi0de4k00z7k4983p6biee5', 'cmhi0de4f00z5k498w3hbsriy', $$CHAPITRE 3 – INSUFFISANCE RÉNALE$$, NULL, 1, NULL, '2025-11-02T17:52:05.828Z');
INSERT INTO "Question" (id, "chapterId", "questionText", options, explanation, "orderIndex", "createdAt") VALUES ('cmhi0de5a00zvk498v5ha776l', 'cmhi0de4k00z7k4983p6biee5', $$Manifestations cliniques$$, $$[{"text":"Asthénie et anorexie.","isCorrect":true},{"text":"Crampes, insomnie.","isCorrect":true},{"text":"HTA fréquente.","isCorrect":true},{"text":"Œdèmes inflammatoires.","isCorrect":false,"justification":"Faux : œdèmes blancs, mous, non inflammatoires."},{"text":"Troubles neuro (encéphalopathie).","isCorrect":true}]$$::jsonb, $$IRC = asthénie + HTA + encéphalopathie urémique.$$, 11, '2025-11-02T17:52:05.854Z');
INSERT INTO "Question" (id, "chapterId", "questionText", options, explanation, "orderIndex", "createdAt") VALUES ('cmhi0de5c00zxk498zcieuk46', 'cmhi0de4k00z7k4983p6biee5', $$Manifestations cutanées$$, $$[{"text":"Peau pâle et sèche.","isCorrect":true},{"text":"Prurit intense.","isCorrect":true},{"text":"Givre urémique.","isCorrect":true},{"text":"Érythème facial.","isCorrect":false,"justification":"Faux : non typique de l’IRC."},{"text":"Ulcérations douloureuses.","isCorrect":false,"justification":"Faux : rares et tardives."}]$$::jsonb, $$Peau = pâleur + prurit + dépôts urémiques.$$, 12, '2025-11-02T17:52:05.856Z');
INSERT INTO "Question" (id, "chapterId", "questionText", options, explanation, "orderIndex", "createdAt") VALUES ('cmhi0de5e00zzk498ec0fuyhz', 'cmhi0de4k00z7k4983p6biee5', $$Manifestations digestives$$, $$[{"text":"Nausées et vomissements.","isCorrect":true},{"text":"Haleine ammoniacale.","isCorrect":true},{"text":"Diarrhée urémique.","isCorrect":true},{"text":"Saignements digestifs fréquents.","isCorrect":true},{"text":"Appétit conservé.","isCorrect":false,"justification":"Faux : anorexie fréquente."}]$$::jsonb, $$Digestif = anorexie + vomissements + haleine ammoniacale.$$, 13, '2025-11-02T17:52:05.859Z');
INSERT INTO "Question" (id, "chapterId", "questionText", options, explanation, "orderIndex", "createdAt") VALUES ('cmhi0de5h0101k498tdd7pvsc', 'cmhi0de4k00z7k4983p6biee5', $$Manifestations cardio-pulmonaires$$, $$[{"text":"HTA constante.","isCorrect":true},{"text":"OAP possible.","isCorrect":true},{"text":"Péricardite urémique.","isCorrect":true},{"text":"Hypotension.","isCorrect":false,"justification":"Faux : c’est l’hypertension qui prédomine."},{"text":"Tachycardie sinusale.","isCorrect":true}]$$::jsonb, $$IRC = HTA + OAP + péricardite.$$, 14, '2025-11-02T17:52:05.861Z');
INSERT INTO "Question" (id, "chapterId", "questionText", options, explanation, "orderIndex", "createdAt") VALUES ('cmhi0de5j0103k4986o1jdrhm', 'cmhi0de4k00z7k4983p6biee5', $$Troubles métaboliques$$, $$[{"text":"Acidose métabolique.","isCorrect":true},{"text":"Hyperkaliémie.","isCorrect":true},{"text":"Hypocalcémie.","isCorrect":true},{"text":"Hyperphosphorémie.","isCorrect":true},{"text":"Hypoprotéinémie.","isCorrect":true}]$$::jsonb, $$Troubles métaboliques = acidose, hyperK, Ca↓, P↑, protéines↓.$$, 15, '2025-11-02T17:52:05.863Z');
INSERT INTO "Question" (id, "chapterId", "questionText", options, explanation, "orderIndex", "createdAt") VALUES ('cmhi0de4m00z9k4989654cj6f', 'cmhi0de4k00z7k4983p6biee5', $$Définition générale$$, $$[{"text":"Diminution du débit de filtration glomérulaire (DFG).","isCorrect":true},{"text":"Altération aiguë ou chronique de la fonction rénale.","isCorrect":true},{"text":"Anurie dans tous les cas.","isCorrect":false,"justification":"Certaines formes sont oliguriques ou non oligurique (NTA, IRC débutante)."},{"text":"Réversible dans l’IRA.","isCorrect":true},{"text":"Toujours irréversible.","isCorrect":false,"justification":"Faux : seule l’IRC est irréversible, pas l’IRA."}]$$::jsonb, $$Insuffisance rénale = baisse du DFG, réversible (IRA) ou non (IRC).$$, 0, '2025-11-02T17:52:05.830Z');
INSERT INTO "Question" (id, "chapterId", "questionText", options, explanation, "orderIndex", "createdAt") VALUES ('cmhi0de4o00zbk4989rbaj4ax', 'cmhi0de4k00z7k4983p6biee5', $$Insuffisance rénale aiguë (IRA)$$, $$[{"text":"Installation rapide (heures à jours).","isCorrect":true},{"text":"Élévation d’urée et créatinine.","isCorrect":true},{"text":"État stable pendant des années.","isCorrect":false,"justification":"Faux : l’IRA évolue en quelques heures/jours, pas chronique."},{"text":"Réversible si cause corrigée.","isCorrect":true},{"text":"Touche surtout les glomérules.","isCorrect":false,"justification":"Faux : le plus souvent tubulaire (nécrose tubulaire)."}]$$::jsonb, $$IRA = atteinte réversible, rapide, souvent tubulaire.$$, 1, '2025-11-02T17:52:05.832Z');
INSERT INTO "Question" (id, "chapterId", "questionText", options, explanation, "orderIndex", "createdAt") VALUES ('cmhi0de4q00zdk498iinb0we6', 'cmhi0de4k00z7k4983p6biee5', $$Insuffisance rénale chronique (IRC)$$, $$[{"text":"DFG < 60 mL/min depuis > 3 mois.","isCorrect":true},{"text":"Progression lente.","isCorrect":true},{"text":"Réversible en 24 h.","isCorrect":false,"justification":"Faux : l’IRC est irréversible et progressive."},{"text":"Complications métaboliques multiples.","isCorrect":true},{"text":"Se manifeste souvent par des œdèmes aigus.","isCorrect":false,"justification":"Faux : œdèmes chroniques et progressifs."}]$$::jsonb, $$IRC = irréversible, lente, souvent silencieuse longtemps.$$, 2, '2025-11-02T17:52:05.834Z');
INSERT INTO "Question" (id, "chapterId", "questionText", options, explanation, "orderIndex", "createdAt") VALUES ('cmhi0de4s00zfk49828y9bu81', 'cmhi0de4k00z7k4983p6biee5', $$Étiologies de l’IRA$$, $$[{"text":"Prérénales : hypovolémie, choc, déshydratation.","isCorrect":true},{"text":"Rénales : nécrose tubulaire aiguë.","isCorrect":true},{"text":"Postrénales : obstacle urinaire.","isCorrect":true},{"text":"Congénitales.","isCorrect":false,"justification":"Faux : les causes congénitales donnent IRC, pas IRA."},{"text":"Toxiques : AINS, aminosides.","isCorrect":true}]$$::jsonb, $$IRA = prérénale, rénale, postrénale ou toxique.$$, 3, '2025-11-02T17:52:05.836Z');
INSERT INTO "Question" (id, "chapterId", "questionText", options, explanation, "orderIndex", "createdAt") VALUES ('cmhi0de4u00zhk498bmw8n2y8', 'cmhi0de4k00z7k4983p6biee5', $$IRA prérénale$$, $$[{"text":"DFG effondré par hypoperfusion.","isCorrect":true},{"text":"Réversible à la réhydratation.","isCorrect":true},{"text":"Sodium urinaire > 40 mmol/L.","isCorrect":false,"justification":"Faux : dans l’IRA prérénale, Na⁺ < 20 mmol/L (tubule fonctionnel)."},{"text":"Osmolarité urinaire élevée.","isCorrect":true},{"text":"Cylindres granuleux abondants.","isCorrect":false,"justification":"Faux : typiques d’une nécrose tubulaire aiguë."}]$$::jsonb, $$Prérénale = hypoperfusion sans atteinte tubulaire.$$, 4, '2025-11-02T17:52:05.838Z');
INSERT INTO "Question" (id, "chapterId", "questionText", options, explanation, "orderIndex", "createdAt") VALUES ('cmhi0de4w00zjk498pxkhx3lx', 'cmhi0de4k00z7k4983p6biee5', $$IRA rénale$$, $$[{"text":"Nécrose tubulaire fréquente.","isCorrect":true},{"text":"Cylindres granuleux présents.","isCorrect":true},{"text":"Sodium urinaire bas.","isCorrect":false,"justification":"Faux : Na⁺ > 40 mmol/L (perte de contrôle tubulaire)."},{"text":"Urée/Créatinine < 20.","isCorrect":true},{"text":"Réversible sans traitement.","isCorrect":false,"justification":"Faux : nécessite prise en charge rapide."}]$$::jsonb, $$Rénale = lésion du parenchyme tubulaire.$$, 5, '2025-11-02T17:52:05.841Z');
INSERT INTO "Question" (id, "chapterId", "questionText", options, explanation, "orderIndex", "createdAt") VALUES ('cmhi0de4z00zlk4989b4y9lwa', 'cmhi0de4k00z7k4983p6biee5', $$IRA postrénale$$, $$[{"text":"Due à obstacle urinaire.","isCorrect":true},{"text":"Globe vésical présent.","isCorrect":true},{"text":"Dilatation pyélocalicielle à l’écho.","isCorrect":true},{"text":"Polyurie initiale.","isCorrect":false,"justification":"Faux : phase initiale oligurique, polyurie après désobstacle."},{"text":"Réversible après levée d’obstacle.","isCorrect":true}]$$::jsonb, $$Postrénale = obstruction → levée = guérison.$$, 6, '2025-11-02T17:52:05.843Z');
INSERT INTO "Question" (id, "chapterId", "questionText", options, explanation, "orderIndex", "createdAt") VALUES ('cmhi0de5100znk498d7aku1v1', 'cmhi0de4k00z7k4983p6biee5', $$Signes biologiques de l’IRA$$, $$[{"text":"Urée et créatinine augmentées.","isCorrect":true},{"text":"Hyperkaliémie.","isCorrect":true},{"text":"Acidose métabolique.","isCorrect":true},{"text":"Hyponatrémie de dilution.","isCorrect":true},{"text":"Hypocalcémie rare.","isCorrect":false,"justification":"Faux : fréquente (rétention phosphate)."}]$$::jsonb, $$IRA = urée↑, K⁺↑, acide, Na⁺↓, Ca²⁺↓.$$, 7, '2025-11-02T17:52:05.845Z');
INSERT INTO "Question" (id, "chapterId", "questionText", options, explanation, "orderIndex", "createdAt") VALUES ('cmhi0de5300zpk498xmic27ut', 'cmhi0de4k00z7k4983p6biee5', $$Complications aiguës$$, $$[{"text":"Hyperkaliémie.","isCorrect":true},{"text":"Œdème aigu du poumon (OAP).","isCorrect":true},{"text":"Convulsions urémiques.","isCorrect":true},{"text":"Hypotension sévère.","isCorrect":true},{"text":"Hypothermie fréquente.","isCorrect":false,"justification":"Faux : l’IRA ne s’accompagne pas d’hypothermie."}]$$::jsonb, $$IRA sévère = hyperK + OAP + encéphalopathie.$$, 8, '2025-11-02T17:52:05.847Z');
INSERT INTO "Question" (id, "chapterId", "questionText", options, explanation, "orderIndex", "createdAt") VALUES ('cmhi0de5500zrk498mkz25gch', 'cmhi0de4k00z7k4983p6biee5', $$Insuffisance rénale chronique (IRC)$$, $$[{"text":"DFG < 60 mL/min durable.","isCorrect":true},{"text":"Rétention d’urée et créatinine.","isCorrect":true},{"text":"Polyurie initiale.","isCorrect":true},{"text":"Peau sèche, prurit, haleine urémique.","isCorrect":true},{"text":"Réversible par réhydratation.","isCorrect":false,"justification":"Faux : non réversible."}]$$::jsonb, $$IRC = altération lente, irréversible, symptômes cutanés et métaboliques.$$, 9, '2025-11-02T17:52:05.850Z');
INSERT INTO "Question" (id, "chapterId", "questionText", options, explanation, "orderIndex", "createdAt") VALUES ('cmhi0de5800ztk498vronzhg7', 'cmhi0de4k00z7k4983p6biee5', $$Causes principales de l’IRC$$, $$[{"text":"Glomérulonéphrites chroniques.","isCorrect":true},{"text":"Néphropathie diabétique.","isCorrect":true},{"text":"Polykystose rénale.","isCorrect":true},{"text":"Lithiase simple.","isCorrect":false,"justification":"Faux : rarement cause d’IRC seule."},{"text":"Pyélonéphrite chronique.","isCorrect":true}]$$::jsonb, $$IRC = lésions glomérulaires, infectieuses, métaboliques.$$, 10, '2025-11-02T17:52:05.852Z');
INSERT INTO "Question" (id, "chapterId", "questionText", options, explanation, "orderIndex", "createdAt") VALUES ('cmhi0de5l0105k49841nw7a2r', 'cmhi0de4k00z7k4983p6biee5', $$Anémie rénale$$, $$[{"text":"Normochrome normocytaire.","isCorrect":true},{"text":"Secondaire à déficit en EPO.","isCorrect":true},{"text":"Régénérative.","isCorrect":false,"justification":"Faux : arégénérative (moelle non stimulée)."},{"text":"Aggravée par carence martiale.","isCorrect":true},{"text":"Corrigée par EPO.","isCorrect":true}]$$::jsonb, $$Anémie de l’IRC = défaut d’EPO, arégénérative, corrigée par EPO.$$, 16, '2025-11-02T17:52:05.865Z');
INSERT INTO "Question" (id, "chapterId", "questionText", options, explanation, "orderIndex", "createdAt") VALUES ('cmhi0de5o0107k498jy2fwq7x', 'cmhi0de4k00z7k4983p6biee5', $$Troubles phosphocalciques$$, $$[{"text":"Hypocalcémie.","isCorrect":true},{"text":"Hyperphosphorémie.","isCorrect":true},{"text":"Hyperparathyroïdie secondaire.","isCorrect":true},{"text":"Ostéomalacie.","isCorrect":true},{"text":"Calcification vasculaire.","isCorrect":true}]$$::jsonb, $$IRC = hyperP, hypoCa → hyperparathyroïdie.$$, 17, '2025-11-02T17:52:05.868Z');
INSERT INTO "Question" (id, "chapterId", "questionText", options, explanation, "orderIndex", "createdAt") VALUES ('cmhi0de5q0109k498phsswdc1', 'cmhi0de4k00z7k4983p6biee5', $$Syndrome urémique$$, $$[{"text":"Troubles digestifs.","isCorrect":true},{"text":"Neuropathie périphérique.","isCorrect":true},{"text":"Encéphalopathie.","isCorrect":true},{"text":"Nausées, vomissements.","isCorrect":true},{"text":"Rémission spontanée.","isCorrect":false,"justification":"Faux : sans dialyse, évolution fatale."}]$$::jsonb, $$Urémie = intoxication métabolique terminale.$$, 18, '2025-11-02T17:52:05.870Z');
INSERT INTO "Question" (id, "chapterId", "questionText", options, explanation, "orderIndex", "createdAt") VALUES ('cmhi0de5s010bk498rgjb6oox', 'cmhi0de4k00z7k4983p6biee5', $$Critères de gravité de l’IRA$$, $$[{"text":"Oligurie/anurie.","isCorrect":true},{"text":"Hyperkaliémie > 6,5 mmol/L.","isCorrect":true},{"text":"Acidose sévère.","isCorrect":true},{"text":"OAP ou œdème cérébral.","isCorrect":true},{"text":"Coma urémique.","isCorrect":true}]$$::jsonb, $$Gravité = troubles hydroélectrolytiques majeurs.$$, 19, '2025-11-02T17:52:05.872Z');
INSERT INTO "Question" (id, "chapterId", "questionText", options, explanation, "orderIndex", "createdAt") VALUES ('cmhi0de5u010dk498ogdgf505', 'cmhi0de4k00z7k4983p6biee5', $$Traitement de l’IRA$$, $$[{"text":"Corriger la cause.","isCorrect":true},{"text":"Réhydratation si hypovolémie.","isCorrect":true},{"text":"Dialyse selon gravité.","isCorrect":true},{"text":"Antibiothérapie systématique.","isCorrect":false,"justification":"Faux : seulement si infection suspectée."},{"text":"Surveillance ionique continue.","isCorrect":true}]$$::jsonb, $$IRA = cause + correction métabolique + dialyse si besoin.$$, 20, '2025-11-02T17:52:05.874Z');
INSERT INTO "Question" (id, "chapterId", "questionText", options, explanation, "orderIndex", "createdAt") VALUES ('cmhi0de5x010fk49859gl19vh', 'cmhi0de4k00z7k4983p6biee5', $$Traitement de l’IRC$$, $$[{"text":"Contrôle de la TA.","isCorrect":true},{"text":"Régime pauvre en protéines et sel.","isCorrect":true},{"text":"Correction anémie par EPO.","isCorrect":true},{"text":"Restriction hydrique stricte.","isCorrect":false,"justification":"Faux : dépend de la diurèse."},{"text":"Supplémentation en vitamine D.","isCorrect":true}]$$::jsonb, $$IRC = traitement conservateur + correction complications.$$, 21, '2025-11-02T17:52:05.877Z');
INSERT INTO "Question" (id, "chapterId", "questionText", options, explanation, "orderIndex", "createdAt") VALUES ('cmhi0de5y010hk498zb750vid', 'cmhi0de4k00z7k4983p6biee5', $$Indications de la dialyse$$, $$[{"text":"Hyperkaliémie réfractaire.","isCorrect":true},{"text":"Acidose sévère.","isCorrect":true},{"text":"OAP.","isCorrect":true},{"text":"Nausées simples.","isCorrect":false,"justification":"Faux : symptômes mineurs ≠ indication."},{"text":"Coma urémique.","isCorrect":true}]$$::jsonb, $$Dialyse = indiquée pour troubles vitaux.$$, 22, '2025-11-02T17:52:05.879Z');
INSERT INTO "Question" (id, "chapterId", "questionText", options, explanation, "orderIndex", "createdAt") VALUES ('cmhi0de60010jk498hsxnu6gc', 'cmhi0de4k00z7k4983p6biee5', $$Techniques d’épuration$$, $$[{"text":"Hémodialyse.","isCorrect":true},{"text":"Dialyse péritonéale.","isCorrect":true},{"text":"Hémofiltration.","isCorrect":true},{"text":"Ultrafiltration isolée.","isCorrect":true},{"text":"Transplantation hépatique.","isCorrect":false,"justification":"Faux : rénale, pas hépatique."}]$$::jsonb, $$Épuration = hemodialyse ou DP selon patient.$$, 23, '2025-11-02T17:52:05.880Z');
INSERT INTO "Question" (id, "chapterId", "questionText", options, explanation, "orderIndex", "createdAt") VALUES ('cmhi0de61010lk498ea4g9744', 'cmhi0de4k00z7k4983p6biee5', $$Synthèse finale$$, $$[{"text":"L’IRA est toujours irréversible.","isCorrect":false,"justification":"Faux : souvent réversible."},{"text":"L’IRC guérit spontanément.","isCorrect":false,"justification":"Faux : irréversible."},{"text":"L’urémie n’a aucun danger vital.","isCorrect":false,"justification":"Faux : menace vitale."},{"text":"La dialyse corrige la cause.","isCorrect":false,"justification":"Faux : corrige les effets, pas la cause."},{"text":"Le DFG augmente en IRC.","isCorrect":false,"justification":"Faux : diminue progressivement."}]$$::jsonb, $$Aucun vrai → piège pour vérifier la rigueur de raisonnement.$$, 24, '2025-11-02T17:52:05.882Z');
INSERT INTO "Chapter" (id, "subjectId", title, description, "orderIndex", "pdfUrl", "createdAt") VALUES ('cmhi0de64010nk498n0v5ajqf', 'cmhi0de4f00z5k498w3hbsriy', $$Chapitre 1 – Examen clinique du malade en néphrologie$$, NULL, 2, NULL, '2025-11-02T17:52:05.884Z');
INSERT INTO "Question" (id, "chapterId", "questionText", options, explanation, "orderIndex", "createdAt") VALUES ('cmhi0de65010pk498yuw54z59', 'cmhi0de64010nk498n0v5ajqf', $$Objectif de l’examen néphrologique$$, $$[{"text":"Rechercher les signes d’insuffisance rénale.","isCorrect":true},{"text":"Identifier les anomalies urinaires.","isCorrect":true},{"text":"Se limiter à l’examen abdominal.","isCorrect":false,"justification":"Faux : l’évaluation néphrologique est générale (cardio-vasculaire, œdèmes, état général)."},{"text":"Évaluer le retentissement général.","isCorrect":true},{"text":"Ignorer les antécédents médicaux.","isCorrect":false,"justification":"Faux : ils orientent souvent le diagnostic (cardiopathie, diabète, AINS…)."}]$$::jsonb, $$Objectif = déterminer l’origine et le retentissement des troubles rénaux.$$, 0, '2025-11-02T17:52:05.886Z');
INSERT INTO "Question" (id, "chapterId", "questionText", options, explanation, "orderIndex", "createdAt") VALUES ('cmhi0de67010rk498gb9ixhmo', 'cmhi0de64010nk498n0v5ajqf', $$Interrogatoire néphrologique$$, $$[{"text":"Recherche les douleurs lombaires et troubles urinaires.","isCorrect":true},{"text":"Néglige les antécédents obstétricaux.","isCorrect":false,"justification":"Faux : grossesses et accouchements peuvent laisser des séquelles urinaires."},{"text":"Précise le mode d’installation et la chronologie.","isCorrect":true},{"text":"Écarte la notion de fièvre.","isCorrect":false,"justification":"Faux : la fièvre oriente vers une infection urinaire ou pyélonéphrite."},{"text":"Doit aborder les habitudes médicamenteuses.","isCorrect":true}]$$::jsonb, $$Interrogatoire = douleurs, diurèse, antécédents, fièvre et toxicité médicamenteuse.$$, 1, '2025-11-02T17:52:05.888Z');
INSERT INTO "Question" (id, "chapterId", "questionText", options, explanation, "orderIndex", "createdAt") VALUES ('cmhi0de69010tk498djidq8c5', 'cmhi0de64010nk498n0v5ajqf', $$Douleurs lombaires$$, $$[{"text":"Toujours bilatérales.","isCorrect":false,"justification":"Faux : souvent unilatérales (colique néphrétique)."},{"text":"Coliques néphrétiques = irradiations vers organes génitaux.","isCorrect":true},{"text":"Dorsalgies inflammatoires = pyélonéphrite.","isCorrect":true},{"text":"Absence de douleur = rein normal.","isCorrect":false,"justification":"Faux : beaucoup de néphropathies sont indolores."},{"text":"Douleur fixe + fièvre = infection rénale.","isCorrect":true}]$$::jsonb, $$Lombalgie = douleur colique (calcul) ou fixe (infection).$$, 2, '2025-11-02T17:52:05.889Z');
INSERT INTO "Question" (id, "chapterId", "questionText", options, explanation, "orderIndex", "createdAt") VALUES ('cmhi0de6b010vk498ljroid3f', 'cmhi0de64010nk498n0v5ajqf', $$Troubles urinaires$$, $$[{"text":"Oligurie < 400 mL/24 h.","isCorrect":true},{"text":"Polyurie > 3 L/24 h.","isCorrect":true},{"text":"Hématurie = sang dans les urines.","isCorrect":true},{"text":"Pyurie = glucose urinaire.","isCorrect":false,"justification":"Faux : pyurie = leucocytes dans les urines."},{"text":"Dysurie = jet accéléré.","isCorrect":false,"justification":"Faux : c’est un jet ralenti et difficile."}]$$::jsonb, $$Troubles urinaires = variations de débit, couleur, et signes inflammatoires.$$, 3, '2025-11-02T17:52:05.891Z');
INSERT INTO "Question" (id, "chapterId", "questionText", options, explanation, "orderIndex", "createdAt") VALUES ('cmhi0de6d010xk498aehxm47b', 'cmhi0de64010nk498n0v5ajqf', $$Œdèmes rénaux$$, $$[{"text":"Blancs, mous, déclives.","isCorrect":true},{"text":"Indolores.","isCorrect":true},{"text":"Durs et inflammatoires.","isCorrect":false,"justification":"Faux : ils sont souples et non inflammatoires."},{"text":"Matinaux au visage.","isCorrect":true},{"text":"Accompagnés de protéinurie.","isCorrect":true}]$$::jsonb, $$Œdème rénal = blanc, mou, matinal → protéinurie.$$, 4, '2025-11-02T17:52:05.894Z');
INSERT INTO "Question" (id, "chapterId", "questionText", options, explanation, "orderIndex", "createdAt") VALUES ('cmhi0de6f010zk498fclquohu', 'cmhi0de64010nk498n0v5ajqf', $$Examen de la région lombaire$$, $$[{"text":"Voussure lombaire.","isCorrect":true},{"text":"Palpation rénale toujours possible.","isCorrect":false,"justification":"Faux : rein souvent impalpable chez l’adulte obèse."},{"text":"Ballottement rénal.","isCorrect":true},{"text":"Douleur provoquée = infection.","isCorrect":true},{"text":"Percussion douloureuse : colique ou pyélonéphrite.","isCorrect":true}]$$::jsonb, $$Région lombaire = mobilité et douleur orientent le diagnostic.$$, 5, '2025-11-02T17:52:05.896Z');
INSERT INTO "Question" (id, "chapterId", "questionText", options, explanation, "orderIndex", "createdAt") VALUES ('cmhi0de6h0111k498fzinr42u', 'cmhi0de64010nk498n0v5ajqf', $$Palpation rénale$$, $$[{"text":"En position assise.","isCorrect":false,"justification":"Faux : en décubitus dorsal."},{"text":"Bimanuelle : main postérieure et antérieure.","isCorrect":true},{"text":"Rein normal palpable.","isCorrect":false,"justification":"Faux : seulement chez sujets minces."},{"text":"Masse ferme = rein pathologique.","isCorrect":true},{"text":"Mobilité respiratoire.","isCorrect":true}]$$::jsonb, $$Palpation bi-manuelle = recherche de masse respirante et ferme.$$, 6, '2025-11-02T17:52:05.898Z');
INSERT INTO "Question" (id, "chapterId", "questionText", options, explanation, "orderIndex", "createdAt") VALUES ('cmhi0de6j0113k498cm8p44d6', 'cmhi0de64010nk498n0v5ajqf', $$Globe vésical$$, $$[{"text":"Masse sus-pubienne dure.","isCorrect":true},{"text":"Matité convexe vers le haut.","isCorrect":true},{"text":"Ballottement hydrique.","isCorrect":true},{"text":"Disparaît après miction.","isCorrect":true},{"text":"Visible uniquement latéral.","isCorrect":false,"justification":"Faux : visible en décubitus dorsal."}]$$::jsonb, $$Globe vésical = rétention urinaire → urgence urologique.$$, 7, '2025-11-02T17:52:05.900Z');
INSERT INTO "Question" (id, "chapterId", "questionText", options, explanation, "orderIndex", "createdAt") VALUES ('cmhi0de6l0115k4985bm0wfy7', 'cmhi0de64010nk498n0v5ajqf', $$Toucher pelvien$$, $$[{"text":"TR : prostate, douleur, volume.","isCorrect":true},{"text":"TV : masse ou douleur pelvienne.","isCorrect":true},{"text":"Permet d’évaluer la vessie.","isCorrect":true},{"text":"Strictement contre-indiqué.","isCorrect":false,"justification":"Faux : utile dans le bilan urologique."},{"text":"Oriente le siège de l’obstacle.","isCorrect":true}]$$::jsonb, $$Touchers pelviens = évaluation basse appareil urinaire.$$, 8, '2025-11-02T17:52:05.901Z');
INSERT INTO "Question" (id, "chapterId", "questionText", options, explanation, "orderIndex", "createdAt") VALUES ('cmhi0de6n0117k498able3wa3', 'cmhi0de64010nk498n0v5ajqf', $$Signes fonctionnels urinaires (5 justes)$$, $$[{"text":"Pollakiurie diurne/nocturne.","isCorrect":true},{"text":"Brûlures mictionnelles.","isCorrect":true},{"text":"Hématurie macroscopique.","isCorrect":true},{"text":"Pyurie et urines troubles.","isCorrect":true},{"text":"Jet faible et intermittent.","isCorrect":true}]$$::jsonb, $$Tous ces signes = syndrome urinaire typique.$$, 9, '2025-11-02T17:52:05.903Z');
INSERT INTO "Question" (id, "chapterId", "questionText", options, explanation, "orderIndex", "createdAt") VALUES ('cmhi0de6o0119k498b5wacluu', 'cmhi0de64010nk498n0v5ajqf', $$Interprétation de la diurèse$$, $$[{"text":"Oligurie = IR fonctionnelle.","isCorrect":true},{"text":"Polyurie = atteinte tubulaire.","isCorrect":true},{"text":"Anurie = obstacle ou nécrose tubulaire.","isCorrect":true},{"text":"Diurèse normale ≈ 1-2 L/24 h.","isCorrect":true},{"text":"< 200 mL = polyurie.","isCorrect":false,"justification":"Faux : < 200 mL = anurie."}]$$::jsonb, $$La diurèse oriente vers le type d’atteinte rénale.$$, 10, '2025-11-02T17:52:05.905Z');
INSERT INTO "Question" (id, "chapterId", "questionText", options, explanation, "orderIndex", "createdAt") VALUES ('cmhi0de6q011bk498t9a64226', 'cmhi0de64010nk498n0v5ajqf', $$Examen des urines$$, $$[{"text":"Couleur, aspect, densité, pH, PU, HU.","isCorrect":true},{"text":"Bandelette = dépistage rapide.","isCorrect":true},{"text":"ECBU = infection.","isCorrect":true},{"text":"Microscopie = cylindres/cristaux.","isCorrect":true},{"text":"Indépendant du contexte.","isCorrect":false,"justification":"Faux : résultats à interpréter selon clinique."}]$$::jsonb, $$Analyse urinaire = clé du diagnostic néphrologique.$$, 11, '2025-11-02T17:52:05.907Z');
INSERT INTO "Question" (id, "chapterId", "questionText", options, explanation, "orderIndex", "createdAt") VALUES ('cmhi0de6s011dk498u4e8ivc7', 'cmhi0de64010nk498n0v5ajqf', $$Examens biologiques$$, $$[{"text":"Urée/créatinine = filtration.","isCorrect":true},{"text":"Ionogramme (Na, K, Cl, HCO₃).","isCorrect":true},{"text":"PU > 3 g/L = néphrotique.","isCorrect":true},{"text":"Urée basse = IRC.","isCorrect":false,"justification":"Faux : urée élevée dans l’IRC."},{"text":"Hb ↑ en IRC.","isCorrect":false,"justification":"Faux : anémie normochrome."}]$$::jsonb, $$Biologie = fonction rénale et troubles ioniques.$$, 12, '2025-11-02T17:52:05.908Z');
INSERT INTO "Question" (id, "chapterId", "questionText", options, explanation, "orderIndex", "createdAt") VALUES ('cmhi0de6v011fk498sjapsmrg', 'cmhi0de64010nk498n0v5ajqf', $$Imagerie rénale$$, $$[{"text":"Échographie = première intention.","isCorrect":true},{"text":"Scanner = lithiase/masses.","isCorrect":true},{"text":"IRM = exploration vasculaire.","isCorrect":true},{"text":"UIV courante.","isCorrect":false,"justification":"Faux : examen désuet."},{"text":"Radiographie simple = diagnostic complet.","isCorrect":false,"justification":"Faux : ne montre pas les reins."}]$$::jsonb, $$Imagerie = écho en 1er, scanner/IRM selon cas.$$, 13, '2025-11-02T17:52:05.911Z');
INSERT INTO "Question" (id, "chapterId", "questionText", options, explanation, "orderIndex", "createdAt") VALUES ('cmhi0de6x011hk498rhh9pd1s', 'cmhi0de64010nk498n0v5ajqf', $$Synthèse globale$$, $$[{"text":"Examen clinique secondaire à la biologie.","isCorrect":false,"justification":"Faux : c’est l’inverse."},{"text":"Urines inutiles.","isCorrect":false,"justification":"Faux : élément majeur."},{"text":"Rein jamais palpable.","isCorrect":false,"justification":"Faux : parfois palpable."},{"text":"ECBU inutile.","isCorrect":false,"justification":"Faux : test de base."},{"text":"Palpation lombaire contre-indiquée.","isCorrect":false,"justification":"Faux : au contraire, essentielle."}]$$::jsonb, $$Aucun item vrai → rappel du rôle central de l’examen clinique.$$, 14, '2025-11-02T17:52:05.914Z');
INSERT INTO "Chapter" (id, "subjectId", title, description, "orderIndex", "pdfUrl", "createdAt") VALUES ('cmhi0de72011jk498lqf7opk2', 'cmhi0de4f00z5k498w3hbsriy', $$Chapitre 2 – Les principaux syndromes en néphrologie$$, NULL, 3, NULL, '2025-11-02T17:52:05.918Z');
INSERT INTO "Question" (id, "chapterId", "questionText", options, explanation, "orderIndex", "createdAt") VALUES ('cmhi0de84012hk49879rj9m92', 'cmhi0de72011jk498lqf7opk2', $$Glomérulonéphrite post-streptococcique$$, $$[{"text":"Survient après angine ou impétigo.","isCorrect":true},{"text":"Œdèmes matinaux.","isCorrect":true},{"text":"Hématurie macroscopique.","isCorrect":true},{"text":"Complément C3 bas.","isCorrect":true},{"text":"Évolution favorable en 2–3 semaines.","isCorrect":true}]$$::jsonb, $$Post-strepto = HU, œdèmes, HTA, guérison complète.$$, 16, '2025-11-02T17:52:05.956Z');
INSERT INTO "Question" (id, "chapterId", "questionText", options, explanation, "orderIndex", "createdAt") VALUES ('cmhi0de86012jk49866zs6pfa', 'cmhi0de72011jk498lqf7opk2', $$Causes médicamenteuses d’atteinte rénale$$, $$[{"text":"AINS.","isCorrect":true},{"text":"Aminosides.","isCorrect":true},{"text":"Diurétiques de l’anse.","isCorrect":true},{"text":"IEC.","isCorrect":true},{"text":"Paracétamol.","isCorrect":false,"justification":"Rarement néphrotoxique."}]$$::jsonb, $$Médicaments = AINS, aminosides, IEC.$$, 17, '2025-11-02T17:52:05.958Z');
INSERT INTO "Question" (id, "chapterId", "questionText", options, explanation, "orderIndex", "createdAt") VALUES ('cmhi0de89012lk4984uiz7qf3', 'cmhi0de72011jk498lqf7opk2', $$Manifestations extrarénales$$, $$[{"text":"Œdèmes.","isCorrect":true},{"text":"HTA.","isCorrect":true},{"text":"Anémie.","isCorrect":true},{"text":"Acidose métabolique.","isCorrect":true},{"text":"Hyperglycémie.","isCorrect":false,"justification":"Non spécifique."}]$$::jsonb, $$Extrarenales = œdèmes, HTA, anémie, acidose.$$, 18, '2025-11-02T17:52:05.961Z');
INSERT INTO "Question" (id, "chapterId", "questionText", options, explanation, "orderIndex", "createdAt") VALUES ('cmhi0de8b012nk498danidc3d', 'cmhi0de72011jk498lqf7opk2', $$Syndrome néphrotique de l’enfant$$, $$[{"text":"Idiopathique (lésions minimes).","isCorrect":true},{"text":"Corticosensible.","isCorrect":true},{"text":"Œdèmes massifs et ascite.","isCorrect":true},{"text":"Protéinurie < 1 g/L.","isCorrect":false,"justification":"> 3 g/L."},{"text":"Hypoalbuminémie.","isCorrect":true}]$$::jsonb, $$Enfant = syndrome à lésions minimes, corticosensible.$$, 19, '2025-11-02T17:52:05.964Z');
INSERT INTO "Question" (id, "chapterId", "questionText", options, explanation, "orderIndex", "createdAt") VALUES ('cmhi0de8d012pk498gab9g90a', 'cmhi0de72011jk498lqf7opk2', $$Syndrome de Fanconi$$, $$[{"text":"Perte urinaire de glucose, phosphates, acides aminés.","isCorrect":true},{"text":"Acidose métabolique.","isCorrect":true},{"text":"PU massive.","isCorrect":false,"justification":"Faible."},{"text":"Hypokaliémie.","isCorrect":true},{"text":"Ostéomalacie secondaire.","isCorrect":true}]$$::jsonb, $$Fanconi = trouble tubulaire global.$$, 20, '2025-11-02T17:52:05.966Z');
INSERT INTO "Question" (id, "chapterId", "questionText", options, explanation, "orderIndex", "createdAt") VALUES ('cmhi0de8g012rk498n9kel1am', 'cmhi0de72011jk498lqf7opk2', $$Néphropathie diabétique$$, $$[{"text":"Microalbuminurie initiale.","isCorrect":true},{"text":"Évolution vers PU massive.","isCorrect":true},{"text":"HTA associée.","isCorrect":true},{"text":"Glucose urinaire absent.","isCorrect":false,"justification":"Présent."},{"text":"Traitement par contrôle glycémique et IEC.","isCorrect":true}]$$::jsonb, $$Diabétique = microalbuminurie → IR.$$, 21, '2025-11-02T17:52:05.968Z');
INSERT INTO "Question" (id, "chapterId", "questionText", options, explanation, "orderIndex", "createdAt") VALUES ('cmhi0de8i012tk498uuyz7v9j', 'cmhi0de72011jk498lqf7opk2', $$Amylose rénale$$, $$[{"text":"PU massive.","isCorrect":true},{"text":"Hypoalbuminémie.","isCorrect":true},{"text":"HTA absente.","isCorrect":true},{"text":"Macroglossie.","isCorrect":true},{"text":"Anurie précoce.","isCorrect":false,"justification":"Progressive."}]$$::jsonb, $$Amylose = syndrome néphrotique sans HTA.$$, 22, '2025-11-02T17:52:05.970Z');
INSERT INTO "Question" (id, "chapterId", "questionText", options, explanation, "orderIndex", "createdAt") VALUES ('cmhi0de8k012vk4985bhus5ea', 'cmhi0de72011jk498lqf7opk2', $$Lupus érythémateux disséminé$$, $$[{"text":"Protéinurie.","isCorrect":true},{"text":"Hématurie.","isCorrect":true},{"text":"Cylindres hématiques.","isCorrect":true},{"text":"Complément normal.","isCorrect":false,"justification":"Diminué."},{"text":"Atteinte glomérulaire fréquente.","isCorrect":true}]$$::jsonb, $$Lupus = néphrite avec PU, HU, C3↓.$$, 23, '2025-11-02T17:52:05.972Z');
INSERT INTO "Question" (id, "chapterId", "questionText", options, explanation, "orderIndex", "createdAt") VALUES ('cmhi0de8m012xk4983db2qyiy', 'cmhi0de72011jk498lqf7opk2', $$Syndrome néphrotique secondaire$$, $$[{"text":"Diabète.","isCorrect":true},{"text":"Amylose.","isCorrect":true},{"text":"Lupus.","isCorrect":true},{"text":"VIH.","isCorrect":true},{"text":"Médicaments (AINS).","isCorrect":true}]$$::jsonb, $$Secondaire = maladie systémique ou toxique.$$, 24, '2025-11-02T17:52:05.974Z');
INSERT INTO "Question" (id, "chapterId", "questionText", options, explanation, "orderIndex", "createdAt") VALUES ('cmhi0de8o012zk4981kclfluw', 'cmhi0de72011jk498lqf7opk2', $$Syndrome vasculaire rénal$$, $$[{"text":"HTA sévère.","isCorrect":true},{"text":"Bruit abdominal systolique.","isCorrect":true},{"text":"Atrophie rénale unilatérale.","isCorrect":true},{"text":"Hyperkaliémie.","isCorrect":false,"justification":"Faux : l’hypoperfusion rénale stimule la rénine, ce qui augmente l’aldostérone et provoque une hypokaliémie, pas une hyperkaliémie."},{"text":"Aggravation sous IEC.","isCorrect":true}]$$::jsonb, $$Le syndrome vasculaire rénal se manifeste par HTA, souffle lombaire, rein atrophique, et aggravation sous IEC.$$, 25, '2025-11-02T17:52:05.977Z');
INSERT INTO "Question" (id, "chapterId", "questionText", options, explanation, "orderIndex", "createdAt") VALUES ('cmhi0de8r0131k4982th0cno6', 'cmhi0de72011jk498lqf7opk2', $$Néphropathie interstitielle chronique$$, $$[{"text":"Polyurie.","isCorrect":true},{"text":"Protéinurie faible.","isCorrect":true},{"text":"Acidose métabolique.","isCorrect":true},{"text":"HTA modérée.","isCorrect":true},{"text":"Œdèmes importants.","isCorrect":false,"justification":"Faux : les œdèmes sont rares car la protéinurie est faible et la rétention sodée limitée."}]$$::jsonb, $$La néphropathie interstitielle chronique se traduit par polyurie, PU faible, acidose métabolique et HTA modérée.$$, 26, '2025-11-02T17:52:05.979Z');
INSERT INTO "Question" (id, "chapterId", "questionText", options, explanation, "orderIndex", "createdAt") VALUES ('cmhi0de76011nk4982atdtnyo', 'cmhi0de72011jk498lqf7opk2', $$Syndrome néphrotique impur$$, $$[{"text":"Présence d’hématurie.","isCorrect":true},{"text":"HTA fréquente.","isCorrect":true},{"text":"Insuffisance rénale associée.","isCorrect":true},{"text":"Pas d’œdèmes.","isCorrect":false,"justification":"Présents."},{"text":"Hypoalbuminémie absente.","isCorrect":false,"justification":"Présente."}]$$::jsonb, $$Impur = syndrome néphrotique + HU/HTA/IR.$$, 1, '2025-11-02T17:52:05.923Z');
INSERT INTO "Question" (id, "chapterId", "questionText", options, explanation, "orderIndex", "createdAt") VALUES ('cmhi0de74011lk498rj2scf37', 'cmhi0de72011jk498lqf7opk2', $$Syndrome néphrotique pur$$, $$[{"text":"Protéinurie > 3 g/24 h.","isCorrect":true},{"text":"Hypoalbuminémie < 30 g/L.","isCorrect":true},{"text":"Œdèmes mous, blancs, indolores.","isCorrect":true},{"text":"Hématurie macroscopique.","isCorrect":false,"justification":"Absente dans le pur."},{"text":"Hyperlipidémie associée.","isCorrect":true}]$$::jsonb, $$Néphrotique pur = PU + hypoalbuminémie + œdèmes + hyperlipidémie.$$, 0, '2025-11-02T17:52:05.921Z');
INSERT INTO "Question" (id, "chapterId", "questionText", options, explanation, "orderIndex", "createdAt") VALUES ('cmhi0de79011pk498u8fxe4d9', 'cmhi0de72011jk498lqf7opk2', $$Caractéristiques biochimiques$$, $$[{"text":"Protéinurie sélective (albumine).","isCorrect":true},{"text":"Hypoalbuminémie < 30 g/L.","isCorrect":true},{"text":"Cholestérolémie > 4 g/L.","isCorrect":true},{"text":"Urée diminuée.","isCorrect":false,"justification":"Normale ou élevée."},{"text":"Lipides urinaires rares.","isCorrect":false,"justification":"Présents (corps gras ovales)."}]$$::jsonb, $$Néphrotique = PU massive + hypoalbuminémie + hyperlipidémie.$$, 2, '2025-11-02T17:52:05.925Z');
INSERT INTO "Question" (id, "chapterId", "questionText", options, explanation, "orderIndex", "createdAt") VALUES ('cmhi0de7b011rk498x2gl6jua', 'cmhi0de72011jk498lqf7opk2', $$Syndrome néphritique aigu$$, $$[{"text":"Début brutal après infection streptococcique.","isCorrect":true},{"text":"Hématurie macroscopique.","isCorrect":true},{"text":"Oligurie.","isCorrect":true},{"text":"Œdèmes matinaux.","isCorrect":true},{"text":"Absence de fièvre.","isCorrect":false,"justification":"Fièvre fréquente."}]$$::jsonb, $$Néphritique aigu = HU + PU + œdèmes + HTA post-infectieuse.$$, 3, '2025-11-02T17:52:05.928Z');
INSERT INTO "Question" (id, "chapterId", "questionText", options, explanation, "orderIndex", "createdAt") VALUES ('cmhi0de7e011tk498626b1jli', 'cmhi0de72011jk498lqf7opk2', $$Urines du syndrome néphritique$$, $$[{"text":"Rouge fumé ou \"coca-cola\".","isCorrect":true},{"text":"Cylindres hématiques.","isCorrect":true},{"text":"Densité faible.","isCorrect":false,"justification":"Normale ou élevée."},{"text":"Protéinurie > 3 g/24 h.","isCorrect":false,"justification":"< 3 g."},{"text":"Bactériurie constante.","isCorrect":false,"justification":"Non spécifique."}]$$::jsonb, $$Urine "coca-cola" = hématurie glomérulaire.$$, 4, '2025-11-02T17:52:05.930Z');
INSERT INTO "Question" (id, "chapterId", "questionText", options, explanation, "orderIndex", "createdAt") VALUES ('cmhi0de7g011vk498odamrffr', 'cmhi0de72011jk498lqf7opk2', $$Syndrome néphritique$$, $$[{"text":"Hématurie.","isCorrect":true},{"text":"Oligurie.","isCorrect":true},{"text":"HTA.","isCorrect":true},{"text":"Œdèmes.","isCorrect":true},{"text":"Protéinurie modérée.","isCorrect":true}]$$::jsonb, $$5 justes → triade HU + PU + HTA + œdèmes + oligurie.$$, 5, '2025-11-02T17:52:05.932Z');
INSERT INTO "Question" (id, "chapterId", "questionText", options, explanation, "orderIndex", "createdAt") VALUES ('cmhi0de7i011xk498y521w5yu', 'cmhi0de72011jk498lqf7opk2', $$Glomérulonéphrite rapidement progressive$$, $$[{"text":"IR aiguë progressive.","isCorrect":true},{"text":"Cylindres hématiques.","isCorrect":true},{"text":"Hématurie macroscopique.","isCorrect":true},{"text":"Protéinurie minime.","isCorrect":false,"justification":"Souvent élevée."},{"text":"Évolution sur mois/années.","isCorrect":false,"justification":"Semaines."}]$$::jsonb, $$GNRP = IR rapidement évolutive avec HU/PU.$$, 6, '2025-11-02T17:52:05.934Z');
INSERT INTO "Question" (id, "chapterId", "questionText", options, explanation, "orderIndex", "createdAt") VALUES ('cmhi0de7k011zk498qyi56bqb', 'cmhi0de72011jk498lqf7opk2', $$Hématurie macroscopique récidivante$$, $$[{"text":"Urines rouges sans caillots.","isCorrect":true},{"text":"Récidivante après infection ORL.","isCorrect":true},{"text":"Douleur lombaire fréquente.","isCorrect":false,"justification":"Non spécifique."},{"text":"Glomérulopathie d’IgA.","isCorrect":true},{"text":"Hématurie post-infectieuse immédiate.","isCorrect":true}]$$::jsonb, $$Récidivante = glomérulonéphrite à IgA (Berger).$$, 7, '2025-11-02T17:52:05.936Z');
INSERT INTO "Question" (id, "chapterId", "questionText", options, explanation, "orderIndex", "createdAt") VALUES ('cmhi0de7m0121k498mdesl02r', 'cmhi0de72011jk498lqf7opk2', $$Glomérulonéphrite chronique$$, $$[{"text":"Protéinurie faible.","isCorrect":true},{"text":"HTA sévère.","isCorrect":true},{"text":"IR progressive.","isCorrect":true},{"text":"Œdèmes absents.","isCorrect":false,"justification":"Souvent présents."},{"text":"Anémie tardive.","isCorrect":true}]$$::jsonb, $$Chronique = PU faible, HTA, IR lente, anémie.$$, 8, '2025-11-02T17:52:05.938Z');
INSERT INTO "Question" (id, "chapterId", "questionText", options, explanation, "orderIndex", "createdAt") VALUES ('cmhi0de7o0123k498ebv32qgd', 'cmhi0de72011jk498lqf7opk2', $$Syndrome tubulo-interstitiel aigu$$, $$[{"text":"Polyurie initiale.","isCorrect":false,"justification":"Oligurie fréquente."},{"text":"Fièvre et éruption médicamenteuse.","isCorrect":true},{"text":"Éosinophilurie.","isCorrect":true},{"text":"PU et HU abondantes.","isCorrect":false,"justification":"Faibles."},{"text":"Régression après arrêt du médicament.","isCorrect":true}]$$::jsonb, $$Tubulo-interstitiel aigu = médicamenteux, réversible.$$, 9, '2025-11-02T17:52:05.940Z');
INSERT INTO "Question" (id, "chapterId", "questionText", options, explanation, "orderIndex", "createdAt") VALUES ('cmhi0de7q0125k498e6zuz957', 'cmhi0de72011jk498lqf7opk2', $$Nécrose tubulaire aiguë$$, $$[{"text":"Oligurie < 400 mL/24 h.","isCorrect":true},{"text":"Na+ urinaire < 20 mmol/L.","isCorrect":false,"justification":"> 40."},{"text":"Cylindres granuleux abondants.","isCorrect":true},{"text":"Phase polyurique de récupération.","isCorrect":true},{"text":"Réversible si traitement rapide.","isCorrect":true}]$$::jsonb, $$NTA = lésion tubulaire réversible, 3 phases.$$, 10, '2025-11-02T17:52:05.943Z');
INSERT INTO "Question" (id, "chapterId", "questionText", options, explanation, "orderIndex", "createdAt") VALUES ('cmhi0de7u0127k498yvmyqw89', 'cmhi0de72011jk498lqf7opk2', $$Syndrome tubulaire chronique$$, $$[{"text":"Polyurie + polydipsie.","isCorrect":true},{"text":"PU < 1 g/24 h.","isCorrect":true},{"text":"Acidose métabolique.","isCorrect":true},{"text":"Hypokaliémie fréquente.","isCorrect":true},{"text":"Hypercalcémie.","isCorrect":false,"justification":"Hypocalciurie."}]$$::jsonb, $$Tubulaire chronique = PU faible + acidose + polyurie.$$, 11, '2025-11-02T17:52:05.946Z');
INSERT INTO "Question" (id, "chapterId", "questionText", options, explanation, "orderIndex", "createdAt") VALUES ('cmhi0de7w0129k49812125p21', 'cmhi0de72011jk498lqf7opk2', $$Pyélonéphrite aiguë$$, $$[{"text":"Fièvre élevée et lombalgies unilatérales.","isCorrect":true},{"text":"Douleur à la percussion lombaire.","isCorrect":true},{"text":"Leucocyturie.","isCorrect":true},{"text":"Urine stérile.","isCorrect":false,"justification":"ECBU +++."},{"text":"Nécessite hospitalisation.","isCorrect":true}]$$::jsonb, $$Pyélonéphrite = fièvre + douleur + leucocyturie.$$, 12, '2025-11-02T17:52:05.948Z');
INSERT INTO "Question" (id, "chapterId", "questionText", options, explanation, "orderIndex", "createdAt") VALUES ('cmhi0de7y012bk4988j1476m0', 'cmhi0de72011jk498lqf7opk2', $$Pyélonéphrite chronique$$, $$[{"text":"Infection ascendante répétée.","isCorrect":true},{"text":"Cicatrices corticales.","isCorrect":true},{"text":"PU et HU faibles.","isCorrect":true},{"text":"Évolution vers IR chronique.","isCorrect":true},{"text":"Urines stériles.","isCorrect":false,"justification":"Souvent positives."}]$$::jsonb, $$Chronique = infections répétées + IR.$$, 13, '2025-11-02T17:52:05.950Z');
INSERT INTO "Question" (id, "chapterId", "questionText", options, explanation, "orderIndex", "createdAt") VALUES ('cmhi0de80012dk498nqdy305z', 'cmhi0de72011jk498lqf7opk2', $$Glomérulonéphrites secondaires$$, $$[{"text":"Lupus érythémateux disséminé.","isCorrect":true},{"text":"Diabète sucré.","isCorrect":true},{"text":"Amylose.","isCorrect":true},{"text":"VIH.","isCorrect":true},{"text":"Goutte.","isCorrect":false,"justification":"Atteinte tubulaire."}]$$::jsonb, $$Secondaires = maladies systémiques.$$, 14, '2025-11-02T17:52:05.952Z');
INSERT INTO "Question" (id, "chapterId", "questionText", options, explanation, "orderIndex", "createdAt") VALUES ('cmhi0de82012fk498reecj1c3', 'cmhi0de72011jk498lqf7opk2', $$Atteinte vasculaire rénale$$, $$[{"text":"HTA rénovasculaire.","isCorrect":true},{"text":"Bruit systolique lombaire.","isCorrect":true},{"text":"IR progressive.","isCorrect":true},{"text":"Hypotension.","isCorrect":false,"justification":"HTA."},{"text":"Angiographie rénale diagnostique.","isCorrect":true}]$$::jsonb, $$Vasculaire = HTA + IR + souffle rénal.$$, 15, '2025-11-02T17:52:05.954Z');
INSERT INTO "Question" (id, "chapterId", "questionText", options, explanation, "orderIndex", "createdAt") VALUES ('cmhi0de8t0133k498d9mf6dgs', 'cmhi0de72011jk498lqf7opk2', $$Syndrome urémique$$, $$[{"text":"Asthénie intense.","isCorrect":true},{"text":"Anorexie.","isCorrect":true},{"text":"Nausées et vomissements.","isCorrect":true},{"text":"Haleine ammoniacale.","isCorrect":true},{"text":"Coma possible.","isCorrect":true}]$$::jsonb, $$L’urémie chronique provoque une intoxication métabolique généralisée, affectant digestion, système nerveux et conscience.$$, 27, '2025-11-02T17:52:05.981Z');
INSERT INTO "Question" (id, "chapterId", "questionText", options, explanation, "orderIndex", "createdAt") VALUES ('cmhi0de8v0135k498i7h2pjvt', 'cmhi0de72011jk498lqf7opk2', $$Faux syndrome néphrotique$$, $$[{"text":"Protéinurie < 1 g/24 h.","isCorrect":false,"justification":"Faux : une vraie protéinurie néphrotique est > 3 g/24 h."},{"text":"Hématurie importante.","isCorrect":false,"justification":"Faux : dans le syndrome néphrotique pur, l’hématurie est absente ou minime."},{"text":"Hypoalbuminémie absente.","isCorrect":false,"justification":"Faux : elle est constante dans le syndrome néphrotique."},{"text":"Œdèmes inflammatoires.","isCorrect":false,"justification":"Faux : les œdèmes sont blancs, mous et indolores, jamais inflammatoires."},{"text":"HTA sévère sans protéinurie.","isCorrect":false,"justification":"Faux : HTA sans PU évoque plutôt syndrome vasculaire, pas néphrotique."}]$$::jsonb, $$Aucun item vrai : ce QCM est un piège classique permettant de distinguer le syndrome néphrotique pur des autres.$$, 28, '2025-11-02T17:52:05.983Z');
INSERT INTO "Question" (id, "chapterId", "questionText", options, explanation, "orderIndex", "createdAt") VALUES ('cmhi0de8x0137k498okq7gwjw', 'cmhi0de72011jk498lqf7opk2', $$Synthèse générale$$, $$[{"text":"Syndromes glomérulaires = Hématurie + Protéinurie + HTA.","isCorrect":true},{"text":"Syndromes tubulaires = Acidose + PU faible.","isCorrect":true},{"text":"Syndromes interstitiels = Infection ascendante.","isCorrect":true},{"text":"Syndromes vasculaires = HTA rénovasculaire.","isCorrect":true},{"text":"Tous nécessitent une biopsie rénale immédiate.","isCorrect":false,"justification":"Faux : la biopsie est réservée aux cas où la cause n’est pas identifiée ou quand le traitement dépend du type histologique."}]$$::jsonb, $$La néphrologie clinique repose sur la reconnaissance syndromique : glomérulaire, tubulaire, interstitielle ou vasculaire.$$, 29, '2025-11-02T17:52:05.985Z');
SET session_replication_role = origin;
